claim_id,policy_id,claim_date,incident_date,policy_start_date,policy_expiry_date,report_delay_days,vehicle_make,vehicle_model,vehicle_type,damage_type,damage_location,damage_severity,agent_channel,coverage_type,is_weekend_claim,has_prior_claims,car_driveable,vehicle_age_years,mileage,driver_age,prior_claims_count,customer_tenure_years,manufacture_year,typical_market_value_gbp,part_cost_index,vehicle_value,repair_estimate_gbp,repair_to_value_ratio,is_high_value_vehicle,pre_ml_decision,pre_ml_label,repair_decision,model_v1_score,model_v1_decision,model_v1_observed_outcome,model_v2a_score,model_v2a_decision,model_v2b_score,model_v2b_decision
CLM000002,POL002479,2022-06-27,2022-06-17,2019-10-08,2020-10-07,10,Hyundai,i20,Sedan,flood,roof,moderate,phone,comprehensive,False,True,True,20,6063,45,1,14,2002,,,,,,False,,,sent_to_garage,0.1955,0,0,0.1165,0,0.3829,0
CLM000004,POL003938,2022-05-26,2022-05-23,2022-05-10,2023-05-10,3,Hyundai,i20,Sedan,collision,roof,minor,app,comprehensive,False,True,True,5,192247,60,0,18,2017,15350.09,0.776,9210.05,465.6,0.0506,False,,,sent_to_garage,0.1956,0,0,0.0673,0,0.1452,0
CLM000009,POL000724,2022-04-25,2022-04-08,2020-03-09,2021-03-09,17,Volkswagen,Golf,Motorbike,flood,side,severe,direct,third_party_fire_theft,False,False,True,2,113940,17,2,1,2020,24218.98,0.975,20343.94,3900.0,0.1917,True,,,sent_to_garage,0.3229,0,0,0.0481,0,0.2319,0
CLM000016,POL001284,2024-10-24,2024-09-25,2019-07-07,2020-07-06,29,Nissan,Qashqai,Sedan,fire,front,severe,app,third_party,False,False,True,13,68614,50,2,4,2011,27936.16,0.9,2793.62,4500.0,1.6108,False,,,scrapped_by_model,0.9998,1,1,0.9993,1,0.9999,1
CLM000022,POL002002,2022-07-11,2022-07-07,2016-08-20,2017-08-20,4,Toyota,RAV4,Sedan,flood,multiple,moderate,broker,comprehensive,False,True,True,16,199176,34,1,5,2006,31981.25,0.879,3198.12,3076.5,0.962,False,,,scrapped_by_model,0.9996,1,1,0.9987,1,0.9751,0
CLM000030,POL003857,2024-06-01,2024-05-19,2012-04-07,2013-04-07,13,Ford,Mondeo,Van,theft_damage,roof,moderate,app,comprehensive,True,True,False,19,146863,31,0,6,2005,22489.19,0.848,2248.92,2120.0,0.9427,False,,,scrapped_by_model,0.9988,1,1,0.991,0,0.999,1
CLM000031,POL004206,2024-02-26,2024-01-28,2012-01-18,2013-01-17,29,Ford,Fiesta,Motorbike,vandalism,side,moderate,direct,comprehensive,False,False,True,17,20694,30,1,20,2007,12313.37,0.763,1231.34,1144.5,0.9295,False,,,sent_to_garage,0.9951,0,1,0.9874,0,0.9721,0
CLM000033,POL001840,2024-12-01,2024-11-07,2022-07-31,2023-07-31,24,Volkswagen,Polo,Estate,fire,front,minor,broker,comprehensive,True,True,False,0,13685,41,2,2,2024,16088.74,0.916,16088.74,458.0,0.0285,False,,,sent_to_garage,0.0188,0,0,0.0274,0,0.061,0
CLM000036,POL001070,2023-02-17,2023-01-22,2016-06-09,2017-06-09,26,BMW,1 Series,Van,collision,multiple,minor,app,comprehensive,False,True,True,19,116572,60,0,8,2004,28543.93,1.708,2854.39,1366.4,0.4787,False,,,sent_to_garage,0.4915,0,1,0.838,0,0.6249,0
CLM000040,POL003783,2022-07-11,2022-07-01,2018-06-10,2019-06-10,10,Mercedes,E-Class,Motorbike,flood,front,minor,app,comprehensive,False,True,True,1,131709,69,0,10,2021,53065.16,1.998,48819.95,999.0,0.0205,True,,,sent_to_garage,0.1717,0,0,0.024,0,0.0566,0
CLM000041,POL002469,2022-02-21,2022-01-23,2021-07-02,2022-07-02,29,Mercedes,E-Class,SUV,vandalism,side,moderate,broker,third_party,False,True,True,2,162927,55,1,17,2020,54074.39,2.057,45422.49,3085.5,0.0679,True,,,sent_to_garage,0.5252,0,0,0.034,0,0.374,0
CLM000043,POL003955,2024-06-10,2024-06-07,2016-08-05,2017-08-05,3,Audi,Q3,Van,flood,rear,minor,direct,comprehensive,False,False,True,2,142998,31,0,13,2022,35926.34,1.778,30178.13,800.1,0.0265,True,,,sent_to_garage,0.1143,0,0,0.1382,0,0.1738,0
CLM000045,POL004700,2023-05-19,2023-04-20,2014-09-14,2015-09-14,29,Honda,HR-V,Motorbike,fire,rear,moderate,phone,comprehensive,False,True,True,18,49753,34,1,10,2005,23752.67,0.884,2375.27,1591.2,0.6699,False,,,sent_to_garage,0.6716,0,0,0.0903,0,0.2766,0
CLM000048,POL001629,2024-12-19,2024-11-29,2012-03-24,2013-03-24,20,Volkswagen,Tiguan,Hatchback,collision,side,moderate,online,comprehensive,False,False,False,9,23044,25,0,20,2015,33974.57,1.087,9512.88,1630.5,0.1714,False,,,sent_to_garage,0.054,0,0,0.0016,0,0.0466,0
CLM000054,POL003755,2024-04-30,2024-04-23,2016-04-12,2017-04-12,7,Nissan,Qashqai,Motorbike,theft_damage,side,severe,direct,comprehensive,False,False,False,19,67502,29,0,3,2005,29204.01,0.9,2920.4,3600.0,1.2327,False,,,scrapped_by_model,1.0,1,1,0.9998,1,0.9999,1
CLM000057,POL002592,2023-07-16,2023-07-10,2023-06-15,2024-06-14,6,Nissan,Leaf,Motorbike,vandalism,side,moderate,phone,third_party,True,False,True,9,27043,32,0,16,2014,28512.92,1.004,7983.62,1506.0,0.1886,False,,,sent_to_garage,0.0703,0,0,0.066,0,0.0481,0
CLM000058,POL003212,2023-11-30,2023-11-10,2020-04-03,2021-04-03,20,Toyota,Corolla,SUV,fire,side,minor,app,third_party,False,True,True,16,19260,58,0,14,2007,21226.57,0.85,2122.66,340.0,0.1602,False,,,sent_to_garage,0.8502,0,1,0.8503,0,0.815,0
CLM000064,POL004320,2022-10-05,2022-09-21,2017-06-01,2018-06-01,14,Ford,Kuga,Van,fire,side,minor,direct,comprehensive,False,True,True,14,60706,66,2,6,2008,28254.56,0.874,2825.46,349.6,0.1237,False,,,sent_to_garage,0.8811,0,0,0.1237,0,0.2893,0
CLM000065,POL003585,2023-12-05,2023-11-13,2015-12-12,2016-12-11,22,Ford,Focus,Hatchback,theft_damage,side,moderate,phone,comprehensive,False,True,False,18,37121,42,3,5,2005,18598.07,0.815,1859.81,1222.5,0.6573,False,,,sent_to_garage,0.6696,0,0,0.0548,0,0.0933,0
CLM000066,POL003126,2022-07-14,2022-07-09,2019-11-26,2020-11-25,5,Honda,HR-V,Estate,vandalism,roof,minor,broker,third_party_fire_theft,False,False,True,16,169078,48,3,3,2006,25986.28,0.908,2598.63,544.8,0.2096,False,,,sent_to_garage,0.1467,0,1,0.7018,0,0.4013,0
CLM000067,POL003158,2024-02-16,2024-01-17,2017-01-21,2018-01-21,30,Toyota,Camry,Motorbike,vandalism,front,moderate,phone,comprehensive,False,True,True,1,30985,70,2,4,2023,31252.01,0.887,28751.85,1774.0,0.0617,True,,,sent_to_garage,0.3346,0,0,0.0998,0,0.1264,0
CLM000070,POL002466,2024-12-29,2024-12-03,2021-05-19,2022-05-19,26,Ford,Fiesta,Motorbike,vandalism,roof,minor,broker,comprehensive,True,False,True,3,33325,36,1,15,2021,11963.47,0.736,9092.24,441.6,0.0486,False,,,sent_to_garage,0.0616,0,0,0.0159,0,0.0236,0
CLM000072,POL002307,2024-06-22,2024-06-22,2017-10-05,2018-10-05,0,Honda,CR-V,SUV,collision,front,moderate,broker,third_party,True,False,True,20,43888,46,0,18,2004,28632.53,0.915,2863.25,1830.0,0.6391,False,,,sent_to_garage,0.1884,0,0,0.066,0,0.1403,0
CLM000074,POL001321,2024-01-26,2023-12-31,2016-11-14,2017-11-14,26,Vauxhall,Corsa,Hatchback,flood,roof,minor,direct,third_party_fire_theft,False,True,False,10,76727,37,1,12,2014,13154.85,0.686,2630.97,411.6,0.1564,False,,,sent_to_garage,0.0385,0,0,0.0235,0,0.1022,0
CLM000075,POL000330,2024-06-12,2024-05-21,2022-11-18,2023-11-18,22,Honda,CR-V,Van,collision,roof,minor,phone,third_party,False,True,True,19,134917,17,2,17,2005,29471.81,0.945,2947.18,567.0,0.1924,False,,,sent_to_garage,0.3762,0,1,0.8189,0,0.6816,0
CLM000077,POL001658,2022-05-04,2022-04-14,2021-12-31,2022-12-31,20,Vauxhall,Corsa,Sedan,flood,side,moderate,app,comprehensive,False,False,False,3,57325,30,0,12,2019,13407.11,0.692,10189.4,1038.0,0.1019,False,,,sent_to_garage,0.0165,0,0,0.0862,0,0.0741,0
CLM000081,POL003752,2024-08-29,2024-08-05,2012-01-14,2013-01-13,24,Toyota,RAV4,SUV,theft_damage,rear,moderate,broker,third_party,False,False,True,19,78047,41,1,20,2005,31406.24,0.918,3140.62,1652.4,0.5261,False,,,sent_to_garage,0.2795,0,0,0.0877,0,0.0994,0
CLM000091,POL000861,2022-03-27,2022-03-22,2020-07-22,2021-07-22,5,Hyundai,i10,Estate,theft_damage,side,moderate,broker,comprehensive,True,True,True,6,194214,65,1,12,2016,12339.49,0.737,6416.53,1105.5,0.1723,False,,,sent_to_garage,0.1719,0,0,0.0581,0,0.1081,0
CLM000093,POL002520,2022-06-03,2022-05-21,2019-08-16,2020-08-15,13,Mercedes,C-Class,Hatchback,flood,multiple,severe,phone,third_party,False,False,False,13,54952,55,1,16,2009,41497.34,1.846,4149.73,14768.0,2.0,False,,,scrapped_by_model,0.9999,1,1,0.9999,1,0.9999,1
CLM000097,POL002044,2024-09-05,2024-08-28,2021-03-06,2022-03-06,8,BMW,5 Series,Hatchback,flood,rear,moderate,phone,comprehensive,False,True,True,13,119600,36,0,12,2011,43949.08,1.859,4394.91,3346.2,0.7614,False,,,sent_to_garage,0.2822,0,0,0.0509,0,0.1375,0
CLM000098,POL000495,2024-08-28,2024-08-08,2013-10-14,2014-10-14,20,Nissan,Micra,Motorbike,fire,roof,moderate,phone,comprehensive,False,False,True,20,141987,81,3,10,2004,13567.67,0.765,1356.77,1912.5,1.4096,False,,,scrapped_by_model,0.9997,1,1,0.9977,1,0.9992,1
CLM000100,POL005931,2022-05-07,2022-04-07,2018-07-02,2019-07-02,30,Honda,CR-V,SUV,vandalism,side,moderate,phone,third_party_fire_theft,True,True,True,18,45846,25,0,1,2004,28632.53,0.915,2863.25,1372.5,0.4794,False,,,sent_to_garage,0.168,0,0,0.0351,0,0.0458,0
CLM000106,POL004049,2022-03-19,2022-03-03,2020-05-18,2021-05-18,16,Audi,Q3,Sedan,fire,side,moderate,app,third_party,True,True,True,13,14943,34,1,14,2009,36585.23,1.762,3658.52,2643.0,0.7224,False,,,sent_to_garage,0.5157,0,1,0.8564,0,0.5336,0
CLM000107,POL002538,2023-04-25,2023-04-09,2020-02-16,2021-02-15,16,Audi,Q3,SUV,vandalism,multiple,severe,broker,third_party_fire_theft,False,False,True,19,109491,37,1,16,2004,35587.47,1.711,3558.75,13688.0,2.0,False,,,scrapped_by_model,0.9999,1,1,0.9997,1,1.0,1
CLM000109,POL000545,2023-04-12,2023-04-10,2015-03-12,2016-03-11,2,Toyota,RAV4,SUV,theft_damage,roof,severe,online,third_party_fire_theft,False,False,False,4,81378,17,0,12,2019,30434.33,0.884,20695.34,5304.0,0.2563,True,,,sent_to_garage,0.8967,0,0,0.0118,0,0.2396,0
CLM000110,POL005097,2023-07-22,2023-06-26,2021-10-03,2022-10-03,26,Ford,Kuga,Sedan,fire,multiple,severe,phone,comprehensive,True,False,True,8,67901,37,1,18,2015,27828.95,0.874,10018.42,6992.0,0.6979,False,,,sent_to_garage,0.8366,0,0,0.0803,0,0.302,0
CLM000115,POL000999,2024-01-15,2024-01-04,2018-09-12,2019-09-12,11,Volkswagen,Tiguan,Motorbike,theft_damage,rear,minor,phone,comprehensive,False,True,False,20,150858,40,1,0,2004,36006.56,1.079,3600.66,485.55,0.1349,False,,,sent_to_garage,0.151,0,0,0.1533,0,0.1588,0
CLM000117,POL004284,2022-11-03,2022-10-04,2013-03-27,2014-03-27,30,Vauxhall,Astra,Hatchback,fire,multiple,minor,direct,comprehensive,False,True,False,14,75455,37,1,16,2008,18347.57,0.735,1834.76,588.0,0.3205,False,,,sent_to_garage,0.4797,0,1,0.9566,0,0.7447,0
CLM000118,POL004063,2022-08-16,2022-07-20,2019-02-02,2020-02-02,27,Ford,Focus,Hatchback,vandalism,roof,minor,broker,comprehensive,False,False,True,3,138268,48,2,3,2019,18636.13,0.787,14163.46,472.2,0.0333,False,,,sent_to_garage,0.0805,0,0,0.0264,0,0.1844,0
CLM000120,POL003543,2024-09-29,2024-09-26,2024-07-17,2025-07-17,3,BMW,3 Series,Sedan,collision,front,minor,broker,comprehensive,True,True,True,0,76689,49,1,3,2024,36486.95,1.757,36486.95,878.5,0.0241,True,,,sent_to_garage,0.0672,0,0,0.0565,0,0.1327,0
CLM000121,POL003299,2023-03-02,2023-02-20,2017-10-26,2018-10-26,10,Honda,CR-V,Motorbike,collision,roof,moderate,online,comprehensive,False,True,True,16,144270,38,0,18,2007,29011.02,0.946,2901.1,2365.0,0.8152,False,,,sent_to_garage,0.9388,0,1,0.9815,0,0.9931,0
CLM000122,POL003670,2023-12-14,2023-12-05,2021-10-27,2022-10-27,9,Nissan,Qashqai,Van,fire,rear,minor,direct,comprehensive,False,True,True,4,168627,53,0,18,2019,28297.64,0.924,19242.4,415.8,0.0216,True,,,sent_to_garage,0.1661,0,0,0.1277,0,0.0981,0
CLM000125,POL000235,2024-07-26,2024-07-05,2021-01-01,2022-01-01,21,Honda,Civic,Estate,vandalism,roof,minor,app,third_party_fire_theft,False,True,True,3,171581,22,0,3,2021,22567.4,0.897,17151.22,538.2,0.0314,False,,,sent_to_garage,0.038,0,0,0.1462,0,0.1432,0
CLM000126,POL002790,2023-04-25,2023-04-09,2012-01-16,2013-01-15,16,Ford,Kuga,Sedan,vandalism,side,moderate,online,comprehensive,False,True,True,11,136197,32,1,2,2012,29225.91,0.904,3507.11,1356.0,0.3866,False,,,sent_to_garage,0.1554,0,0,0.1261,0,0.0594,0
CLM000132,POL005224,2024-04-26,2024-04-06,2019-09-05,2020-09-04,20,Audi,A3,Estate,flood,multiple,moderate,direct,comprehensive,False,False,True,9,77380,17,1,15,2015,30630.74,1.787,8576.61,6254.5,0.7293,False,,,sent_to_garage,0.2028,0,0,0.0142,0,0.0276,0
CLM000136,POL000129,2024-08-21,2024-07-27,2020-07-22,2021-07-22,25,BMW,X5,Hatchback,collision,side,minor,phone,comprehensive,False,True,False,3,69662,69,1,18,2021,62337.86,2.048,47376.77,819.2,0.0173,True,,,sent_to_garage,0.1163,0,1,0.7806,0,0.7878,0
CLM000144,POL003229,2024-03-01,2024-02-03,2024-01-28,2025-01-27,27,Volkswagen,Polo,Motorbike,fire,multiple,severe,direct,comprehensive,False,True,False,8,167597,60,0,19,2016,16751.7,0.926,6030.61,7408.0,1.2284,False,,,sent_to_garage,0.9984,0,1,0.9992,1,0.9958,0
CLM000148,POL002941,2023-03-15,2023-02-24,2015-08-21,2016-08-20,19,Audi,A3,Hatchback,collision,multiple,severe,online,comprehensive,False,False,False,7,143241,58,1,16,2016,31123.73,1.733,13694.44,13864.0,1.0124,False,,,scrapped_by_model,0.9999,1,1,0.9955,1,0.9993,1
CLM000151,POL004666,2022-03-17,2022-03-03,2021-09-21,2022-09-21,14,Mercedes,E-Class,Estate,fire,rear,minor,app,comprehensive,False,True,True,16,40438,45,1,0,2006,54266.55,2.04,5426.66,918.0,0.1692,False,,,sent_to_garage,0.1452,0,1,0.781,0,0.3762,0
CLM000152,POL005061,2022-09-16,2022-08-28,2022-07-27,2023-07-27,19,Honda,CR-V,Van,vandalism,multiple,moderate,direct,comprehensive,False,True,False,4,21037,55,0,19,2018,29853.14,0.924,20300.14,3234.0,0.1593,True,,,sent_to_garage,0.1514,0,0,0.0208,0,0.0975,0
CLM000158,POL003724,2022-06-18,2022-05-30,2012-06-09,2013-06-09,19,Nissan,Qashqai,Sedan,collision,multiple,severe,direct,comprehensive,True,False,True,12,20779,31,1,1,2010,26827.23,0.874,2682.72,6992.0,2.0,False,,,scrapped_by_model,0.9995,1,1,0.999,1,0.9999,1
CLM000160,POL004341,2022-06-04,2022-06-02,2012-09-10,2013-09-10,2,Audi,A3,Hatchback,collision,rear,minor,phone,comprehensive,True,True,True,3,114670,58,0,14,2019,31320.06,1.791,23803.25,805.95,0.0339,True,,,sent_to_garage,0.6561,0,0,0.021,0,0.1094,0
CLM000163,POL001300,2024-10-31,2024-10-15,2023-05-20,2024-05-19,16,Nissan,Micra,Motorbike,collision,rear,moderate,broker,comprehensive,False,False,True,1,9642,26,3,15,2023,12630.14,0.791,11619.73,1423.8,0.1225,False,,,sent_to_garage,0.0405,0,0,0.0145,0,0.0684,0
CLM000168,POL004564,2024-08-12,2024-07-20,2014-11-30,2015-11-30,23,Mercedes,E-Class,SUV,flood,front,minor,phone,third_party_fire_theft,False,True,True,7,219,17,0,10,2017,53779.2,2.053,23662.85,1026.5,0.0434,True,,,sent_to_garage,0.0272,0,0,0.0017,0,0.0321,0
CLM000172,POL002909,2023-04-13,2023-03-19,2018-04-19,2019-04-19,25,Mercedes,A-Class,Van,collision,roof,moderate,broker,third_party_fire_theft,False,False,False,16,19669,52,1,8,2007,28657.73,1.848,2865.77,4620.0,1.6121,False,,,scrapped_by_model,0.9989,1,1,0.9998,1,0.9999,1
CLM000174,POL005384,2022-04-09,2022-04-05,2021-12-15,2022-12-15,4,BMW,1 Series,Estate,theft_damage,multiple,severe,app,comprehensive,True,True,True,1,9477,27,1,0,2021,28296.84,1.738,26033.09,13904.0,0.5341,True,,,sent_to_garage,0.1242,0,0,0.1052,0,0.0684,0
CLM000175,POL000930,2024-01-18,2024-01-06,2023-12-29,2024-12-28,12,Audi,A6,Van,flood,rear,minor,online,third_party,False,False,True,2,107454,41,0,15,2022,45694.88,1.88,38383.7,846.0,0.022,True,,,sent_to_garage,0.0429,0,0,0.0146,0,0.076,0
CLM000176,POL000254,2023-06-19,2023-05-27,2013-11-18,2014-11-18,23,Hyundai,i30,Van,vandalism,roof,moderate,phone,comprehensive,False,False,True,12,178139,41,1,5,2011,20771.41,0.806,2077.14,2015.0,0.9701,False,,,sent_to_garage,0.9978,0,1,0.9995,1,0.9907,0
CLM000177,POL002457,2022-06-30,2022-06-27,2016-02-18,2017-02-17,3,Mercedes,GLC,SUV,collision,front,minor,broker,third_party_fire_theft,False,True,False,4,68197,40,0,8,2018,46684.46,1.943,31745.43,971.5,0.0306,True,,,sent_to_garage,0.1138,0,0,0.0106,0,0.0544,0
CLM000182,POL005045,2022-01-01,2021-12-23,2019-07-21,2020-07-20,9,Audi,Q3,Sedan,collision,front,minor,direct,comprehensive,True,False,True,9,113727,46,3,13,2013,33331.3,1.74,9332.76,870.0,0.0932,False,,,sent_to_garage,0.1411,0,1,0.7729,0,0.5046,0
CLM000183,POL002930,2023-01-29,2023-01-25,2017-06-26,2018-06-26,4,Vauxhall,Corsa,Sedan,flood,roof,minor,app,comprehensive,True,False,True,14,52786,25,0,6,2009,12594.82,0.68,1259.48,408.0,0.3239,False,,,sent_to_garage,0.0107,0,0,0.0919,0,0.1711,0
CLM000190,POL001483,2023-10-26,2023-10-09,2014-01-26,2015-01-26,17,Mercedes,C-Class,Estate,theft_damage,multiple,moderate,app,comprehensive,False,False,True,16,91779,33,0,1,2007,41179.0,1.938,4117.9,6783.0,1.6472,False,,,scrapped_by_model,0.9998,1,1,0.9995,1,0.9998,1
CLM000193,POL000694,2022-10-06,2022-09-07,2013-09-23,2014-09-23,29,Mercedes,GLC,Van,collision,multiple,minor,app,third_party,False,True,True,20,94636,49,0,15,2002,,,,,,False,,,sent_to_garage,0.7388,0,0,0.1025,0,0.2977,0
CLM000195,POL000866,2023-10-13,2023-09-16,2022-01-25,2023-01-25,27,Toyota,Yaris,SUV,theft_damage,side,minor,direct,third_party_fire_theft,False,True,True,0,163463,53,3,1,2023,15426.12,0.807,15426.12,322.8,0.0209,False,,,sent_to_garage,0.0247,0,0,0.0078,0,0.0466,0
CLM000196,POL001013,2024-09-24,2024-09-06,2015-09-09,2016-09-08,18,Vauxhall,Astra,Van,fire,front,minor,online,third_party_fire_theft,False,True,True,7,103303,50,2,4,2017,18605.24,0.728,8186.31,364.0,0.0445,False,,,sent_to_garage,0.0405,0,0,0.0754,0,0.0204,0
CLM000197,POL003385,2024-08-17,2024-07-28,2023-12-14,2024-12-13,20,Nissan,Micra,Sedan,fire,rear,moderate,online,third_party_fire_theft,True,True,True,18,163471,41,1,15,2006,13025.41,0.78,1302.54,1404.0,1.0779,False,,,scrapped_by_model,0.9996,1,1,0.9951,1,0.9991,1
CLM000202,POL006141,2024-10-09,2024-09-20,2012-12-26,2013-12-26,19,Audi,Q3,Motorbike,theft_damage,front,severe,direct,comprehensive,False,True,False,20,105558,49,0,13,2004,35587.47,1.711,3558.75,8555.0,2.0,False,,,scrapped_by_model,1.0,1,1,0.9997,1,0.9999,1
CLM000203,POL002828,2022-11-13,2022-11-06,2021-03-17,2022-03-17,7,BMW,3 Series,Sedan,collision,rear,minor,app,comprehensive,True,False,True,14,46263,57,0,7,2008,33761.61,1.835,3376.16,825.75,0.2446,False,,,sent_to_garage,0.2398,0,0,0.1319,0,0.185,0
CLM000204,POL000813,2022-12-09,2022-11-27,2022-09-15,2023-09-15,12,Vauxhall,Mokka,Sedan,fire,side,minor,direct,comprehensive,False,True,False,16,107413,30,1,11,2006,21106.96,0.819,2110.7,327.6,0.1552,False,,,sent_to_garage,0.2763,0,1,0.8892,0,0.5713,0
CLM000206,POL001297,2024-06-05,2024-05-13,2015-11-30,2016-11-29,23,BMW,X3,Estate,collision,rear,moderate,broker,third_party_fire_theft,False,True,False,14,151688,46,0,10,2010,48432.36,1.805,4843.24,3249.0,0.6708,False,,,sent_to_garage,0.4454,0,0,0.0421,0,0.1761,0
CLM000207,POL000745,2024-04-12,2024-03-27,2020-10-26,2021-10-26,16,Audi,Q3,Hatchback,theft_damage,front,moderate,broker,comprehensive,False,True,True,15,64979,70,1,14,2009,36585.23,1.762,3658.52,3524.0,0.9632,False,,,scrapped_by_model,0.9994,1,1,0.9883,0,0.9882,0
CLM000208,POL003827,2023-04-05,2023-04-05,2022-07-03,2023-07-03,0,Toyota,Camry,Motorbike,collision,side,moderate,online,comprehensive,False,False,True,7,180293,67,2,9,2016,29515.37,0.898,12986.76,1347.0,0.1037,False,,,sent_to_garage,0.189,0,0,0.0712,0,0.1473,0
CLM000209,POL000688,2023-05-01,2023-04-10,2015-04-01,2016-03-31,21,Volkswagen,Passat,SUV,fire,rear,minor,online,comprehensive,False,True,True,5,138657,55,0,20,2018,29224.12,1.039,17534.47,467.55,0.0267,False,,,sent_to_garage,0.0144,0,1,0.8002,0,0.355,0
CLM000213,POL001129,2022-12-02,2022-11-24,2022-10-11,2023-10-11,8,Vauxhall,Corsa,SUV,fire,roof,minor,direct,third_party_fire_theft,False,True,True,13,44007,37,1,1,2009,12594.82,0.68,1259.48,408.0,0.3239,False,,,sent_to_garage,0.2002,0,1,0.8856,0,0.6912,0
CLM000216,POL004173,2024-07-10,2024-07-03,2020-08-10,2021-08-10,7,Hyundai,Tucson,Estate,theft_damage,rear,moderate,phone,comprehensive,False,True,True,11,49092,37,1,17,2013,27329.97,0.862,3279.6,1551.6,0.4731,False,,,sent_to_garage,0.0458,0,0,0.0674,0,0.0733,0
CLM000218,POL000699,2023-09-29,2023-09-15,2020-01-22,2021-01-21,14,Vauxhall,Mokka,Van,vandalism,side,moderate,broker,comprehensive,False,False,True,17,115193,39,3,17,2006,21106.96,0.819,2110.7,1228.5,0.582,False,,,sent_to_garage,0.3742,0,1,0.7254,0,0.6675,0
CLM000225,POL001618,2023-04-30,2023-04-02,2018-08-08,2019-08-08,28,Nissan,Juke,Hatchback,theft_damage,rear,minor,phone,comprehensive,True,False,True,11,110906,61,2,16,2012,19294.85,0.838,2315.38,377.1,0.1629,False,,,sent_to_garage,0.2558,0,0,0.0538,0,0.0834,0
CLM000228,POL003136,2023-09-30,2023-09-02,2016-10-10,2017-10-10,28,Honda,HR-V,Estate,theft_damage,roof,moderate,broker,comprehensive,True,True,False,11,67922,49,3,4,2012,24285.23,0.878,2914.23,2195.0,0.7532,False,,,sent_to_garage,0.0573,0,0,0.0763,0,0.121,0
CLM000234,POL003366,2024-06-26,2024-06-24,2016-08-31,2017-08-31,2,Volkswagen,Polo,Sedan,collision,roof,moderate,online,comprehensive,False,False,True,2,21228,46,0,3,2022,16764.67,0.895,14082.32,2237.5,0.1589,False,,,sent_to_garage,0.1296,0,0,0.0243,0,0.0625,0
CLM000256,POL004213,2024-07-20,2024-07-15,2019-02-13,2020-02-13,5,Vauxhall,Insignia,Sedan,theft_damage,roof,moderate,broker,comprehensive,True,True,False,20,134150,76,0,8,2004,26088.45,0.848,2608.85,2120.0,0.8126,False,,,sent_to_garage,0.7899,0,1,0.991,0,0.926,0
CLM000257,POL004611,2022-01-04,2021-12-10,2016-01-29,2017-01-28,25,Honda,HR-V,Van,vandalism,roof,minor,phone,comprehensive,False,False,True,2,12370,23,1,0,2020,23999.58,0.879,20159.65,527.4,0.0262,True,,,sent_to_garage,0.0468,0,0,0.0107,0,0.0394,0
CLM000261,POL000826,2024-02-24,2024-02-12,2016-12-12,2017-12-12,12,Nissan,Juke,Hatchback,vandalism,multiple,minor,phone,third_party_fire_theft,True,False,True,4,174347,41,2,1,2020,19934.97,0.844,13555.78,675.2,0.0498,False,,,sent_to_garage,0.3991,0,1,0.9518,0,0.7057,0
CLM000262,POL004657,2023-12-01,2023-11-07,2016-05-14,2017-05-14,24,Toyota,RAV4,Hatchback,flood,roof,severe,phone,third_party,False,False,False,20,31702,29,1,19,2003,,,,,,False,,,sent_to_garage,0.9869,0,0,0.0831,0,0.5963,0
CLM000263,POL001753,2022-12-07,2022-11-16,2021-10-08,2022-10-08,21,Toyota,Yaris,Motorbike,collision,front,minor,phone,comprehensive,False,False,True,10,163689,46,0,2,2012,14437.39,0.8,2887.48,400.0,0.1385,False,,,sent_to_garage,0.2368,0,0,0.153,0,0.1583,0
CLM000268,POL000868,2023-08-08,2023-07-24,2014-12-22,2015-12-22,15,Audi,Q3,Estate,theft_damage,front,severe,broker,third_party,False,True,False,9,21127,34,1,14,2014,36312.88,1.762,10167.61,8810.0,0.8665,False,,,sent_to_garage,0.9389,0,1,0.991,0,0.975,0
CLM000274,POL003338,2022-08-14,2022-08-13,2012-01-24,2013-01-23,1,Mercedes,E-Class,Estate,flood,roof,moderate,phone,comprehensive,True,False,True,8,94096,25,2,6,2014,54414.74,1.951,19589.31,4877.5,0.249,True,,,sent_to_garage,0.038,0,0,0.0094,0,0.065,0
CLM000276,POL002223,2022-02-17,2022-02-10,2012-07-20,2013-07-20,7,Mercedes,C-Class,Sedan,fire,front,minor,phone,comprehensive,False,False,True,19,75705,40,2,17,2003,,,,,,False,,,sent_to_garage,0.6095,0,1,0.6902,0,0.5366,0
CLM000277,POL001796,2022-03-21,2022-03-21,2020-08-06,2021-08-06,0,Hyundai,Tucson,Hatchback,fire,side,moderate,online,comprehensive,False,True,False,3,37123,24,0,4,2019,29147.43,0.869,22152.05,1303.5,0.0588,True,,,sent_to_garage,0.0477,0,0,0.0643,0,0.1016,0
CLM000279,POL004941,2024-08-05,2024-07-24,2021-08-04,2022-08-04,12,Nissan,Leaf,Estate,collision,side,minor,direct,third_party_fire_theft,False,False,True,4,76461,19,0,20,2020,29086.49,0.995,19778.81,398.0,0.0201,True,,,sent_to_garage,0.0441,0,0,0.0536,0,0.0698,0
CLM000281,POL000246,2024-01-27,2024-01-08,2023-09-17,2024-09-16,19,Honda,Jazz,Van,fire,rear,moderate,phone,comprehensive,True,False,True,5,154660,58,1,1,2019,15434.98,0.868,9260.99,1562.4,0.1687,False,,,sent_to_garage,0.7308,0,1,0.7826,0,0.7469,0
CLM000284,POL001409,2023-06-06,2023-05-08,2012-01-28,2013-01-27,29,Volkswagen,Tiguan,Estate,flood,roof,minor,broker,comprehensive,False,True,False,4,188649,27,1,18,2019,35028.59,1.099,23819.44,659.4,0.0277,True,,,sent_to_garage,0.0801,0,0,0.0113,0,0.0652,0
CLM000285,POL003226,2022-02-27,2022-02-07,2020-06-17,2021-06-17,20,Honda,Civic,Hatchback,flood,roof,minor,direct,comprehensive,True,True,True,12,129336,50,1,7,2010,21201.86,0.888,2120.19,532.8,0.2513,False,,,sent_to_garage,0.0617,0,0,0.0205,0,0.1503,0
CLM000287,POL000279,2023-12-20,2023-12-14,2014-02-07,2015-02-07,6,Volkswagen,Passat,SUV,fire,rear,minor,phone,comprehensive,False,False,True,15,102581,27,2,16,2008,28701.5,1.031,2870.15,463.95,0.1616,False,,,sent_to_garage,0.6284,0,1,0.8756,0,0.625,0
CLM000289,POL002958,2022-01-13,2021-12-30,2021-12-04,2022-12-04,14,Vauxhall,Mokka,Sedan,theft_damage,front,minor,online,comprehensive,False,False,True,19,75055,59,1,7,2003,,,,,,False,,,sent_to_garage,0.2216,0,0,0.102,0,0.2053,0
CLM000292,POL000294,2024-04-14,2024-04-11,2021-01-17,2022-01-17,3,Vauxhall,Insignia,Van,flood,side,minor,phone,third_party,True,True,False,7,25863,58,1,17,2017,24381.09,0.84,10727.68,336.0,0.0313,False,,,sent_to_garage,0.15,0,0,0.0632,0,0.1406,0
CLM000293,POL005223,2022-11-21,2022-11-17,2015-11-10,2016-11-09,4,Volkswagen,Polo,Motorbike,collision,roof,severe,direct,comprehensive,False,True,True,15,124008,17,0,9,2007,15211.7,0.888,1521.17,5328.0,2.0,False,,,scrapped_by_model,0.9998,1,1,0.9982,1,0.999,1
CLM000299,POL004402,2022-07-07,2022-06-22,2021-09-23,2022-09-23,15,Nissan,Micra,Van,vandalism,multiple,minor,broker,comprehensive,False,True,True,17,1909,45,1,7,2005,12489.51,0.78,1248.95,624.0,0.4996,False,,,sent_to_garage,0.5361,0,0,0.0906,0,0.166,0
CLM000300,POL003628,2022-01-30,2022-01-01,2021-04-23,2022-04-23,29,Toyota,RAV4,Van,collision,front,minor,app,comprehensive,True,True,True,8,81442,42,1,6,2014,30782.95,0.893,11081.86,446.5,0.0403,False,,,sent_to_garage,0.2363,0,0,0.0775,0,0.2365,0
CLM000303,POL003027,2023-01-23,2023-01-15,2014-08-22,2015-08-22,8,Vauxhall,Astra,Motorbike,vandalism,rear,minor,app,third_party,False,False,False,5,175458,39,0,9,2018,18172.28,0.738,10903.37,332.1,0.0305,False,,,sent_to_garage,0.192,0,0,0.046,0,0.0616,0
CLM000304,POL002904,2024-01-29,2023-12-30,2016-10-28,2017-10-28,30,BMW,3 Series,Sedan,vandalism,side,moderate,online,comprehensive,False,True,False,2,23955,26,0,7,2022,35083.14,1.757,29469.84,2635.5,0.0894,True,,,sent_to_garage,0.1497,0,0,0.0253,0,0.0708,0
CLM000316,POL001850,2023-02-11,2023-02-01,2020-06-15,2021-06-15,10,Ford,Fiesta,Sedan,collision,roof,minor,phone,comprehensive,True,True,True,3,47510,19,2,5,2020,11790.99,0.744,8961.15,446.4,0.0498,False,,,sent_to_garage,0.0816,0,0,0.0212,0,0.0226,0
CLM000319,POL001677,2024-02-27,2024-02-21,2016-10-26,2017-10-26,6,Honda,CR-V,Hatchback,theft_damage,side,minor,phone,third_party,False,False,True,20,38190,32,2,7,2004,28632.53,0.915,2863.25,366.0,0.1278,False,,,sent_to_garage,0.483,0,1,0.7053,0,0.6326,0
CLM000320,POL005655,2022-09-13,2022-09-09,2021-04-13,2022-04-13,4,Nissan,Leaf,Motorbike,vandalism,rear,minor,broker,comprehensive,False,False,True,20,3041,23,0,14,2002,,,,,,False,,,sent_to_garage,0.2278,0,0,0.0131,0,0.1712,0
CLM000331,POL004150,2023-02-06,2023-01-23,2015-09-24,2016-09-23,14,Toyota,RAV4,Estate,vandalism,rear,minor,online,comprehensive,False,True,True,14,22046,28,0,6,2009,31469.22,0.882,3146.92,396.9,0.1261,False,,,sent_to_garage,0.1002,0,0,0.1345,0,0.2328,0
CLM000332,POL001143,2024-07-31,2024-07-25,2021-08-09,2022-08-09,6,Vauxhall,Astra,Hatchback,fire,side,moderate,broker,third_party_fire_theft,False,False,True,11,53438,71,4,20,2013,18684.68,0.752,2242.16,1128.0,0.5031,False,,,sent_to_garage,0.207,0,0,0.0311,0,0.071,0
CLM000333,POL003924,2023-07-14,2023-07-07,2016-12-05,2017-12-05,7,Mercedes,C-Class,Hatchback,theft_damage,multiple,moderate,phone,comprehensive,False,True,True,2,99796,17,1,18,2021,40536.94,1.892,34051.03,6622.0,0.1945,True,,,sent_to_garage,0.167,0,0,0.0928,0,0.166,0
CLM000334,POL004861,2024-02-26,2024-02-20,2012-06-05,2013-06-05,6,Mercedes,A-Class,Van,collision,rear,minor,broker,comprehensive,False,False,False,10,61057,44,1,3,2014,28516.42,1.831,5703.28,823.95,0.1445,False,,,sent_to_garage,0.2041,0,0,0.0705,0,0.0747,0
CLM000336,POL003470,2023-06-09,2023-05-20,2014-01-10,2015-01-10,20,Honda,Jazz,Estate,vandalism,front,severe,direct,comprehensive,False,True,True,4,64573,17,0,1,2019,15434.98,0.868,10495.79,4340.0,0.4135,False,,,sent_to_garage,0.6424,0,1,0.8704,0,0.7721,0
CLM000337,POL000537,2023-12-09,2023-11-25,2019-02-07,2020-02-07,14,Hyundai,Tucson,Estate,fire,multiple,moderate,broker,comprehensive,True,True,True,17,27978,55,1,5,2006,26971.12,0.897,2697.11,3139.5,1.164,False,,,scrapped_by_model,0.9998,1,1,0.9993,1,0.9998,1
CLM000338,POL004098,2024-01-13,2024-01-10,2018-10-13,2019-10-13,3,Volkswagen,Passat,Sedan,theft_damage,rear,severe,direct,comprehensive,True,True,False,2,127239,43,0,16,2022,29815.16,1.049,25044.73,4720.5,0.1885,True,,,sent_to_garage,0.7303,0,1,0.8995,0,0.7565,0
CLM000343,POL004523,2024-08-15,2024-07-23,2023-02-02,2024-02-02,23,Audi,A3,SUV,fire,multiple,moderate,broker,comprehensive,False,True,True,17,7016,56,2,20,2007,29388.1,1.736,2938.81,6076.0,2.0,False,,,sent_to_garage,0.9959,0,1,0.9995,1,0.9999,1
CLM000345,POL004420,2023-06-26,2023-06-05,2012-12-14,2013-12-14,21,Honda,HR-V,Hatchback,theft_damage,side,moderate,phone,comprehensive,False,True,True,11,13447,56,1,11,2012,24285.23,0.878,2914.23,1317.0,0.4519,False,,,sent_to_garage,0.0724,0,0,0.0634,0,0.0681,0
CLM000346,POL004490,2023-12-26,2023-12-15,2019-11-28,2020-11-27,11,Vauxhall,Mokka,Motorbike,fire,side,moderate,broker,comprehensive,False,False,True,3,49863,48,2,5,2020,23054.29,0.794,17521.26,1191.0,0.068,False,,,sent_to_garage,0.0699,0,0,0.0247,0,0.0731,0
CLM000347,POL005595,2024-09-07,2024-08-23,2013-01-27,2014-01-27,15,Hyundai,i20,SUV,theft_damage,front,minor,online,comprehensive,True,False,True,11,45905,64,1,17,2013,16737.0,0.79,2008.44,395.0,0.1967,False,,,sent_to_garage,0.0952,0,0,0.071,0,0.0815,0
CLM000351,POL003480,2022-08-13,2022-07-19,2020-07-28,2021-07-28,25,Vauxhall,Corsa,Estate,collision,roof,moderate,direct,third_party_fire_theft,True,True,False,6,125712,55,1,12,2016,12680.54,0.718,6593.88,1795.0,0.2722,False,,,sent_to_garage,0.1372,0,0,0.0904,0,0.1698,0
CLM000352,POL000968,2022-03-07,2022-02-08,2021-04-16,2022-04-16,27,Audi,A4,Estate,fire,side,moderate,direct,third_party,False,True,False,14,51634,43,2,2,2008,37321.83,1.812,3732.18,2718.0,0.7283,False,,,sent_to_garage,0.1961,0,1,0.9087,0,0.6837,0
CLM000356,POL002952,2022-08-04,2022-08-03,2020-07-03,2021-07-03,1,Ford,Mondeo,Van,flood,roof,moderate,direct,third_party,False,True,True,13,70448,18,0,19,2009,21563.33,0.857,2156.33,2142.5,0.9936,False,,,sent_to_garage,0.9971,0,1,0.966,0,0.9272,0
CLM000362,POL000677,2023-11-09,2023-10-26,2013-08-26,2014-08-26,14,Vauxhall,Astra,SUV,fire,side,moderate,online,third_party_fire_theft,False,False,True,11,33487,33,0,12,2012,17328.44,0.768,2079.41,1152.0,0.554,False,,,sent_to_garage,0.3551,0,0,0.0374,0,0.1532,0
CLM000365,POL003715,2023-09-11,2023-08-22,2018-12-12,2019-12-12,20,Toyota,Corolla,Motorbike,vandalism,roof,moderate,app,comprehensive,False,True,False,17,25748,21,2,1,2006,22328.31,0.872,2232.83,2180.0,0.9763,False,,,scrapped_by_model,0.9989,1,1,0.9943,1,0.9865,0
CLM000371,POL004306,2022-09-19,2022-09-02,2015-08-29,2016-08-28,17,Vauxhall,Mokka,Sedan,vandalism,roof,minor,app,comprehensive,False,False,True,1,74704,55,2,0,2021,22482.49,0.819,20683.89,491.4,0.0238,True,,,sent_to_garage,0.0495,0,0,0.0089,0,0.0646,0
CLM000373,POL002057,2022-03-25,2022-03-13,2021-06-16,2022-06-16,12,Toyota,Camry,Sedan,vandalism,side,minor,direct,comprehensive,False,False,False,3,85737,65,2,14,2019,31228.66,0.885,23733.78,354.0,0.0149,True,,,sent_to_garage,0.0471,0,0,0.0601,0,0.0556,0
CLM000375,POL000890,2024-11-21,2024-10-23,2023-01-10,2024-01-10,29,Nissan,Leaf,SUV,theft_damage,side,minor,online,third_party,False,True,True,2,129997,42,0,6,2022,30426.76,1.011,25558.48,404.4,0.0158,True,,,sent_to_garage,0.1463,0,1,0.7482,0,0.5997,0
CLM000382,POL005386,2024-07-14,2024-07-12,2016-04-05,2017-04-05,2,BMW,X3,Estate,fire,multiple,minor,direct,comprehensive,True,True,True,5,161762,64,0,16,2019,49316.74,1.869,29590.04,1495.2,0.0505,True,,,sent_to_garage,0.8137,0,1,0.9391,0,0.8941,0
CLM000383,POL004407,2022-02-10,2022-02-02,2019-08-29,2020-08-28,8,Vauxhall,Insignia,Hatchback,fire,front,severe,broker,comprehensive,False,False,True,11,65334,17,1,1,2011,24445.28,0.835,2933.43,4175.0,1.4232,False,,,scrapped_by_model,0.9999,1,1,0.9991,1,0.9999,1
CLM000389,POL000670,2023-02-01,2023-01-16,2017-05-17,2018-05-17,16,Toyota,Yaris,SUV,fire,roof,moderate,online,comprehensive,False,False,True,2,4957,43,2,18,2021,14387.58,0.785,12085.57,1962.5,0.1624,False,,,sent_to_garage,0.0329,0,1,0.8961,0,0.5895,0
CLM000392,POL000689,2024-04-15,2024-03-23,2020-09-02,2021-09-02,23,Audi,Q5,Motorbike,flood,roof,moderate,app,comprehensive,False,True,True,2,159168,51,1,13,2022,45687.09,1.905,38377.16,4762.5,0.1241,True,,,sent_to_garage,0.2509,0,0,0.0673,0,0.1481,0
CLM000396,POL002566,2022-02-21,2022-02-19,2012-09-11,2013-09-11,2,Nissan,Leaf,Van,fire,roof,minor,direct,third_party_fire_theft,False,True,True,4,61291,37,0,10,2018,29685.7,1.015,20186.28,609.0,0.0302,True,,,sent_to_garage,0.0241,0,0,0.0218,0,0.0983,0
CLM000397,POL004661,2024-12-18,2024-12-05,2016-08-26,2017-08-26,13,Nissan,Leaf,SUV,vandalism,rear,minor,broker,comprehensive,False,True,True,8,42039,40,1,6,2016,29123.99,1.001,10484.64,450.45,0.043,False,,,sent_to_garage,0.0981,0,0,0.2629,0,0.0875,0
CLM000400,POL002498,2023-04-13,2023-03-26,2020-02-28,2021-02-27,18,BMW,3 Series,Van,fire,side,minor,app,third_party,False,False,False,2,103595,43,2,15,2021,33422.39,1.786,28074.81,714.4,0.0254,True,,,sent_to_garage,0.1064,0,0,0.0627,0,0.0915,0
CLM000401,POL001705,2023-01-08,2022-12-31,2017-05-07,2018-05-07,8,Vauxhall,Mokka,Hatchback,vandalism,front,severe,direct,comprehensive,True,False,True,9,65428,28,0,0,2014,22531.78,0.811,6308.9,4055.0,0.6427,False,,,sent_to_garage,0.3305,0,1,0.9108,0,0.7602,0
CLM000403,POL004412,2024-01-25,2023-12-27,2014-01-13,2015-01-13,29,Audi,A6,Hatchback,fire,rear,moderate,online,third_party_fire_theft,False,True,True,13,88016,51,0,2,2011,50360.68,1.904,5036.07,3427.2,0.6805,False,,,sent_to_garage,0.2109,0,1,0.762,0,0.8004,0
CLM000404,POL000625,2022-12-03,2022-11-22,2013-07-15,2014-07-15,11,Nissan,Juke,Van,fire,rear,moderate,direct,comprehensive,True,False,True,9,32733,32,1,5,2013,19616.67,0.831,5492.67,1495.8,0.2723,False,,,sent_to_garage,0.1615,0,1,0.4894,0,0.4915,0
CLM000410,POL006925,2022-04-25,2022-04-19,2018-05-18,2019-05-18,6,Mercedes,C-Class,Sedan,theft_damage,side,moderate,app,third_party_fire_theft,False,False,False,9,190514,43,0,3,2013,40474.86,1.848,11332.96,2772.0,0.2446,False,,,sent_to_garage,0.1397,0,1,0.8626,0,0.6417,0
CLM000417,POL000808,2024-11-30,2024-11-15,2020-04-09,2021-04-09,15,Volkswagen,Passat,Estate,flood,front,moderate,phone,comprehensive,True,False,True,2,60441,50,0,0,2022,29815.16,1.049,25044.73,2098.0,0.0838,True,,,sent_to_garage,0.0452,0,0,0.0203,0,0.0354,0
CLM000421,POL003706,2022-10-25,2022-10-14,2022-08-06,2023-08-06,11,Ford,Mondeo,Hatchback,flood,roof,minor,phone,comprehensive,False,False,True,1,192075,46,1,13,2021,21850.6,0.856,20102.55,513.6,0.0255,True,,,sent_to_garage,0.0542,0,0,0.0394,0,0.048,0
CLM000425,POL003422,2023-10-16,2023-09-21,2021-09-04,2022-09-04,25,Toyota,Camry,Van,fire,front,moderate,online,comprehensive,False,False,False,0,68147,29,1,1,2023,31252.01,0.887,31252.01,1774.0,0.0568,True,,,sent_to_garage,0.012,0,0,0.0162,0,0.0464,0
CLM000430,POL004523,2022-05-03,2022-04-25,2019-10-16,2020-10-15,8,BMW,X3,SUV,vandalism,multiple,severe,online,comprehensive,False,True,True,14,189542,57,0,20,2008,49356.6,1.883,4935.66,15064.0,2.0,False,,,scrapped_by_model,0.9994,1,1,0.9982,1,0.9998,1
CLM000434,POL004732,2022-03-29,2022-03-16,2022-02-10,2023-02-10,13,Honda,Civic,Motorbike,theft_damage,multiple,minor,app,comprehensive,False,False,True,20,80927,59,1,15,2002,,,,,,False,,,sent_to_garage,0.7433,0,0,0.0293,0,0.3451,0
CLM000440,POL003558,2022-04-14,2022-03-30,2021-09-12,2022-09-12,15,BMW,3 Series,Sedan,flood,front,moderate,online,comprehensive,False,False,True,12,190749,55,2,3,2010,36473.4,1.764,3647.34,3528.0,0.9673,False,,,scrapped_by_model,0.9994,1,1,0.97,0,0.9955,0
CLM000442,POL000877,2023-03-24,2023-03-19,2012-06-11,2013-06-11,5,Audi,Q3,Estate,fire,front,moderate,app,third_party,False,True,True,11,91728,17,1,9,2012,34648.87,1.769,4157.86,3538.0,0.8509,False,,,sent_to_garage,0.9804,0,1,0.9955,1,0.9539,0
CLM000444,POL001091,2022-06-17,2022-05-28,2020-02-06,2021-02-05,20,Vauxhall,Insignia,Estate,collision,rear,minor,phone,comprehensive,False,True,True,4,111765,47,1,7,2018,25662.01,0.869,17450.17,391.05,0.0224,False,,,sent_to_garage,0.1514,0,0,0.0828,0,0.1156,0
CLM000447,POL006319,2023-06-14,2023-05-15,2013-12-16,2014-12-16,30,Ford,Transit,Motorbike,theft_damage,multiple,moderate,app,third_party,False,True,True,6,104412,17,2,6,2017,28959.85,0.932,15059.12,3262.0,0.2166,False,,,sent_to_garage,0.4144,0,0,0.0142,0,0.0244,0
CLM000448,POL003454,2022-05-14,2022-04-29,2021-01-03,2022-01-03,15,Toyota,RAV4,SUV,flood,roof,minor,phone,comprehensive,True,False,True,13,59547,60,0,19,2009,31469.22,0.882,3146.92,529.2,0.1682,False,,,sent_to_garage,0.0753,0,1,0.5656,0,0.2427,0
CLM000449,POL000308,2022-09-16,2022-09-03,2020-10-24,2021-10-24,13,Vauxhall,Corsa,Estate,vandalism,rear,minor,phone,third_party_fire_theft,False,True,False,6,161198,52,1,4,2016,12680.54,0.718,6593.88,323.1,0.049,False,,,sent_to_garage,0.0081,0,1,0.8006,0,0.6796,0
CLM000450,POL003481,2022-08-28,2022-08-12,2021-05-13,2022-05-13,16,Nissan,Qashqai,Sedan,fire,roof,moderate,phone,comprehensive,True,False,True,9,153488,60,1,11,2013,28146.06,0.918,7880.9,2295.0,0.2912,False,,,sent_to_garage,0.4927,0,1,0.6641,0,0.5703,0
CLM000452,POL004993,2022-07-09,2022-06-30,2020-09-18,2021-09-18,9,Hyundai,i30,Van,theft_damage,multiple,minor,online,comprehensive,True,True,True,6,2895,57,0,11,2016,20487.99,0.822,10653.75,657.6,0.0617,False,,,sent_to_garage,0.3034,0,0,0.0285,0,0.2269,0
CLM000453,POL004007,2023-07-31,2023-07-10,2016-08-30,2017-08-30,21,Honda,Civic,SUV,flood,multiple,severe,online,comprehensive,False,True,True,20,158769,56,0,3,2003,,,,,,False,,,sent_to_garage,0.9978,0,1,0.9891,0,0.9952,0
CLM000454,POL000978,2022-08-22,2022-08-13,2020-04-15,2021-04-15,9,Volkswagen,Golf,SUV,collision,rear,moderate,broker,third_party_fire_theft,False,False,False,12,26856,50,1,1,2010,23872.41,0.984,2387.24,1771.2,0.7419,False,,,sent_to_garage,0.2015,0,1,0.7028,0,0.6946,0
CLM000463,POL005595,2024-02-07,2024-01-16,2020-11-02,2021-11-02,22,Toyota,Camry,Hatchback,vandalism,front,minor,broker,comprehensive,False,False,True,19,145571,41,0,4,2005,30765.99,0.877,3076.6,438.5,0.1425,False,,,sent_to_garage,0.1719,0,0,0.3583,0,0.2507,0
CLM000464,POL001702,2022-11-11,2022-10-15,2021-01-07,2022-01-07,27,Vauxhall,Mokka,Motorbike,theft_damage,multiple,moderate,broker,third_party_fire_theft,False,False,True,7,13298,42,1,17,2015,22622.51,0.803,9953.9,2810.5,0.2824,False,,,sent_to_garage,0.2456,0,0,0.0442,0,0.111,0
CLM000467,POL003667,2022-05-31,2022-05-17,2013-06-10,2014-06-10,14,Nissan,Leaf,Sedan,vandalism,side,severe,direct,comprehensive,False,True,True,8,164779,17,2,8,2014,28512.92,1.004,10264.65,4016.0,0.3912,False,,,sent_to_garage,0.9138,0,0,0.0895,0,0.3265,0
CLM000469,POL000839,2023-12-14,2023-11-16,2014-09-15,2015-09-15,28,Ford,Mondeo,Van,fire,roof,moderate,online,comprehensive,False,False,True,4,85643,33,1,20,2019,21288.9,0.868,14476.45,2170.0,0.1499,False,,,sent_to_garage,0.0821,0,0,0.0685,0,0.2343,0
CLM000470,POL002871,2023-01-12,2023-01-11,2014-09-18,2015-09-18,1,Toyota,Camry,SUV,vandalism,multiple,minor,app,third_party_fire_theft,False,False,True,4,194346,17,0,10,2019,31228.66,0.885,21235.49,708.0,0.0333,True,,,sent_to_garage,0.1865,0,1,0.9241,0,0.7592,0
CLM000471,POL002282,2022-02-21,2022-02-14,2020-09-25,2021-09-25,7,Honda,Civic,Van,flood,multiple,moderate,online,comprehensive,False,True,True,8,104176,58,1,1,2014,21385.76,0.888,7698.87,3108.0,0.4037,False,,,sent_to_garage,0.375,0,0,0.079,0,0.1335,0
CLM000474,POL000758,2023-05-22,2023-05-02,2017-03-05,2018-03-05,20,Mercedes,GLC,Hatchback,vandalism,roof,moderate,phone,comprehensive,False,True,False,6,71077,23,0,8,2017,47269.92,1.902,24580.36,4755.0,0.1934,True,,,sent_to_garage,0.1707,0,0,0.0133,0,0.1558,0
CLM000479,POL003584,2022-05-21,2022-05-19,2012-06-17,2013-06-17,2,Mercedes,GLC,Motorbike,vandalism,rear,severe,phone,comprehensive,True,True,False,20,174440,17,1,14,2002,,,,,,False,,,sent_to_garage,0.9951,0,1,0.9252,0,0.9585,0
CLM000481,POL002309,2024-12-20,2024-12-01,2022-08-05,2023-08-05,19,BMW,X3,Hatchback,flood,side,moderate,direct,third_party,False,False,False,14,18677,35,1,2,2010,48432.36,1.805,4843.24,2707.5,0.559,False,,,sent_to_garage,0.0634,0,0,0.0652,0,0.0624,0
CLM000487,POL002678,2022-11-12,2022-11-02,2020-09-17,2021-09-17,10,Nissan,Juke,Motorbike,fire,front,minor,app,third_party_fire_theft,True,True,True,12,65877,38,0,0,2010,20416.32,0.833,2041.63,416.5,0.204,False,,,sent_to_garage,0.432,0,0,0.0099,0,0.099,0
CLM000492,POL003659,2023-01-26,2022-12-28,2012-08-02,2013-08-02,29,Nissan,Micra,SUV,vandalism,multiple,severe,direct,comprehensive,False,False,True,8,100878,55,0,9,2015,13192.64,0.793,4749.35,6344.0,1.3358,False,,,scrapped_by_model,0.9997,1,1,0.9993,1,0.9997,1
CLM000493,POL003685,2024-10-22,2024-10-21,2013-02-21,2014-02-21,1,Honda,HR-V,Estate,flood,rear,moderate,phone,comprehensive,False,False,True,16,90888,47,3,7,2008,24924.89,0.899,2492.49,1618.2,0.6492,False,,,sent_to_garage,0.352,0,0,0.0565,0,0.1284,0
CLM000495,POL004447,2023-07-27,2023-06-30,2012-10-23,2013-10-23,27,Honda,HR-V,Van,flood,front,minor,phone,comprehensive,False,True,True,2,103395,47,0,20,2021,24038.32,0.906,20192.19,453.0,0.0224,True,,,sent_to_garage,0.081,0,0,0.018,0,0.0423,0
CLM000497,POL002437,2023-04-10,2023-04-01,2021-12-01,2022-12-01,9,Ford,Transit,Estate,fire,rear,minor,direct,comprehensive,False,False,True,13,95703,37,0,12,2010,31172.38,0.972,3117.24,437.4,0.1403,False,,,sent_to_garage,0.1637,0,0,0.0347,0,0.0715,0
CLM000500,POL002896,2024-05-17,2024-05-14,2017-03-31,2018-03-31,3,Hyundai,i30,Van,collision,rear,moderate,app,comprehensive,False,True,True,1,149477,43,0,15,2023,19664.33,0.804,18091.18,1447.2,0.08,True,,,sent_to_garage,0.2678,0,1,0.6479,0,0.5171,0
CLM000502,POL005006,2023-02-10,2023-01-18,2017-05-10,2018-05-10,23,Hyundai,Tucson,Sedan,flood,front,moderate,direct,comprehensive,False,True,True,12,133913,28,1,17,2011,27568.98,0.878,2756.9,1756.0,0.6369,False,,,sent_to_garage,0.3009,0,0,0.0409,0,0.1203,0
CLM000504,POL002844,2024-11-02,2024-10-29,2023-11-01,2024-10-31,4,Honda,Civic,Estate,vandalism,front,severe,direct,comprehensive,True,True,False,7,191491,58,1,20,2017,22722.8,0.891,9998.03,4455.0,0.4456,False,,,sent_to_garage,0.3559,0,0,0.0403,0,0.126,0
CLM000505,POL002938,2022-09-12,2022-08-16,2013-06-16,2014-06-16,27,Audi,A4,Estate,theft_damage,side,moderate,online,third_party_fire_theft,False,True,False,19,119634,48,2,18,2003,,,,,,False,,,sent_to_garage,0.4481,0,0,0.0606,0,0.2634,0
CLM000506,POL004517,2024-03-10,2024-02-13,2015-11-06,2016-11-05,26,Nissan,Micra,Van,theft_damage,side,minor,direct,comprehensive,True,False,True,4,50066,37,0,8,2020,12832.19,0.776,8725.89,310.4,0.0356,False,,,sent_to_garage,0.0082,0,0,0.0062,0,0.0072,0
CLM000507,POL001776,2024-01-29,2024-01-03,2015-04-04,2016-04-03,26,Honda,Civic,Hatchback,collision,roof,moderate,phone,comprehensive,False,True,True,1,158377,45,2,4,2023,21495.53,0.881,19775.89,2202.5,0.1114,True,,,sent_to_garage,0.0332,0,1,0.5271,0,0.1367,0
CLM000510,POL000655,2022-03-23,2022-03-19,2012-01-29,2013-01-28,4,Volkswagen,Polo,Sedan,flood,multiple,moderate,direct,third_party,False,False,False,12,111588,54,4,15,2010,15964.01,0.914,1596.4,3199.0,2.0,False,,,scrapped_by_model,0.9995,1,1,0.992,1,0.9904,0
CLM000514,POL001585,2023-12-29,2023-12-07,2021-01-01,2022-01-01,22,Ford,Transit,Estate,vandalism,front,minor,phone,third_party,False,True,False,9,199886,34,0,5,2014,30740.37,0.936,8607.3,468.0,0.0544,False,,,sent_to_garage,0.0872,0,1,0.8647,0,0.7383,0
CLM000519,POL000083,2023-01-01,2022-12-07,2016-02-18,2017-02-17,25,Ford,Mondeo,Van,fire,side,moderate,app,third_party,True,True,True,12,176915,26,1,12,2011,21159.61,0.874,2115.96,1311.0,0.6196,False,,,sent_to_garage,0.3061,0,1,0.8677,0,0.6112,0
CLM000520,POL004671,2024-03-23,2024-03-18,2023-05-28,2024-05-27,5,Volkswagen,Tiguan,Sedan,fire,roof,minor,phone,third_party,True,False,True,9,428,30,1,0,2015,33974.57,1.087,9512.88,652.2,0.0686,False,,,sent_to_garage,0.1421,0,0,0.002,0,0.0276,0
CLM000522,POL002103,2023-07-13,2023-07-04,2021-01-29,2022-01-29,9,Ford,Mondeo,SUV,vandalism,roof,minor,online,comprehensive,False,True,True,15,101908,19,0,17,2008,21881.54,0.844,2188.15,506.4,0.2314,False,,,sent_to_garage,0.2568,0,0,0.0351,0,0.0611,0
CLM000524,POL003393,2024-09-11,2024-08-13,2013-06-14,2014-06-14,29,BMW,5 Series,Motorbike,flood,roof,minor,broker,comprehensive,False,False,True,5,2689,37,1,12,2019,46568.52,1.917,27941.11,1150.2,0.0412,True,,,sent_to_garage,0.0188,0,0,0.0321,0,0.0548,0
CLM000529,POL004360,2023-07-14,2023-06-30,2022-06-07,2023-06-07,14,Vauxhall,Insignia,Motorbike,collision,side,severe,app,third_party_fire_theft,False,False,True,0,176905,55,1,10,2023,23992.44,0.868,23992.44,3472.0,0.1447,True,,,sent_to_garage,0.7382,0,1,0.9269,0,0.8,0
CLM000531,POL003884,2023-02-12,2023-01-29,2013-08-16,2014-08-16,14,Nissan,Qashqai,Estate,flood,roof,minor,app,comprehensive,True,False,True,11,26799,45,3,6,2012,27740.61,0.904,3328.87,542.4,0.1629,False,,,sent_to_garage,0.0618,0,0,0.1077,0,0.0882,0
CLM000538,POL000925,2023-02-11,2023-02-11,2012-11-06,2013-11-06,0,Mercedes,E-Class,Estate,vandalism,side,moderate,phone,comprehensive,True,True,False,19,123407,47,0,14,2004,53070.14,1.976,5307.01,2964.0,0.5585,False,,,sent_to_garage,0.6191,0,0,0.1609,0,0.2001,0
CLM000541,POL006508,2022-06-16,2022-05-17,2016-08-13,2017-08-13,30,Honda,CR-V,Motorbike,fire,multiple,moderate,direct,third_party_fire_theft,False,True,True,5,36418,62,3,11,2017,29674.48,0.911,17804.69,3188.5,0.1791,True,,,sent_to_garage,0.0694,0,0,0.0501,0,0.1854,0
CLM000542,POL003140,2022-04-08,2022-03-30,2019-09-16,2020-09-15,9,Hyundai,i10,Sedan,collision,front,moderate,broker,comprehensive,False,True,True,2,63486,23,0,7,2020,11766.96,0.755,9884.25,1510.0,0.1528,False,,,sent_to_garage,0.0474,0,0,0.0562,0,0.1375,0
CLM000544,POL006533,2023-08-31,2023-08-08,2020-04-16,2021-04-16,23,Toyota,Camry,Motorbike,vandalism,multiple,moderate,online,third_party_fire_theft,False,True,False,18,188456,56,1,2,2005,30765.99,0.877,3076.6,3069.5,0.9977,False,,,scrapped_by_model,0.9992,1,1,0.998,1,0.9954,0
CLM000545,POL000800,2023-08-03,2023-08-02,2013-06-17,2014-06-17,1,Ford,Fiesta,Van,collision,front,minor,broker,third_party,False,False,True,12,160170,43,2,7,2011,11932.1,0.738,1193.21,369.0,0.3092,False,,,sent_to_garage,0.1426,0,0,0.0231,0,0.0553,0
CLM000554,POL005123,2022-09-12,2022-09-07,2015-06-29,2016-06-28,5,Nissan,Qashqai,Sedan,theft_damage,side,minor,online,comprehensive,False,False,True,9,102657,28,0,3,2013,28146.06,0.918,7880.9,367.2,0.0466,False,,,sent_to_garage,0.0451,0,0,0.0479,0,0.1259,0
CLM000559,POL003312,2023-06-25,2023-06-10,2013-10-07,2014-10-07,15,Volkswagen,Passat,Sedan,flood,roof,minor,broker,third_party,True,False,True,1,177919,51,0,9,2022,29815.16,1.049,27429.95,629.4,0.0229,True,,,sent_to_garage,0.0089,0,0,0.0428,0,0.0873,0
CLM000560,POL002786,2024-11-07,2024-10-08,2022-10-02,2023-10-02,30,Mercedes,C-Class,Estate,vandalism,side,moderate,direct,comprehensive,False,False,True,13,107578,28,1,15,2011,40760.51,1.862,4076.05,2793.0,0.6852,False,,,sent_to_garage,0.0633,0,1,0.6772,0,0.1825,0
CLM000562,POL001376,2022-01-15,2021-12-21,2012-08-12,2013-08-12,25,Audi,Q3,Hatchback,collision,front,moderate,direct,third_party_fire_theft,True,True,True,11,193478,46,1,15,2011,34371.72,1.8,4124.61,3600.0,0.8728,False,,,sent_to_garage,0.9959,0,1,0.9826,0,0.9668,0
CLM000564,POL003601,2023-08-06,2023-08-03,2018-03-20,2019-03-20,3,Hyundai,i30,Sedan,vandalism,rear,moderate,app,third_party_fire_theft,True,False,True,14,8581,58,1,17,2009,20499.41,0.808,2049.94,1454.4,0.7095,False,,,sent_to_garage,0.1155,0,0,0.0505,0,0.2186,0
CLM000565,POL003666,2023-01-21,2022-12-29,2019-09-06,2020-09-05,23,Vauxhall,Corsa,Motorbike,flood,front,minor,direct,comprehensive,True,True,True,4,59531,47,2,3,2019,13407.11,0.692,9116.83,346.0,0.038,False,,,sent_to_garage,0.0223,0,1,0.6651,0,0.4074,0
CLM000567,POL004308,2022-05-09,2022-04-30,2019-02-22,2020-02-22,9,Audi,A3,Motorbike,fire,rear,minor,direct,third_party_fire_theft,False,False,True,6,182224,35,1,10,2016,31123.73,1.733,16184.34,779.85,0.0482,False,,,sent_to_garage,0.0504,0,0,0.0422,0,0.1146,0
CLM000568,POL000329,2024-08-06,2024-07-12,2012-09-21,2013-09-21,25,Ford,Fiesta,Van,flood,side,minor,app,comprehensive,False,True,True,14,72871,23,1,11,2010,12172.64,0.765,1217.26,306.0,0.2514,False,,,sent_to_garage,0.0691,0,0,0.004,0,0.052,0
CLM000574,POL004341,2024-01-05,2023-12-07,2022-01-04,2023-01-04,29,Honda,Jazz,Sedan,fire,multiple,minor,online,third_party_fire_theft,False,True,True,20,64722,34,0,1,2004,16762.66,0.841,1676.27,672.8,0.4014,False,,,sent_to_garage,0.5257,0,0,0.0334,0,0.1665,0
CLM000576,POL002851,2024-01-10,2024-01-06,2021-08-04,2022-08-04,4,Nissan,Qashqai,Motorbike,vandalism,rear,minor,app,third_party,False,True,False,14,99699,45,2,13,2010,26827.23,0.874,2682.72,393.3,0.1466,False,,,sent_to_garage,0.2851,0,1,0.7198,0,0.6129,0
CLM000584,POL002251,2022-10-14,2022-10-12,2018-10-17,2019-10-17,2,Hyundai,i30,Van,vandalism,side,severe,phone,third_party,False,True,True,8,15983,24,0,18,2014,19054.36,0.843,6859.57,3372.0,0.4916,False,,,sent_to_garage,0.1041,0,1,0.8334,0,0.806,0
CLM000586,POL003563,2023-08-12,2023-07-21,2016-05-24,2017-05-24,22,Volkswagen,Passat,Motorbike,collision,roof,minor,phone,third_party,True,True,False,11,100786,50,1,0,2012,30755.89,1.053,3690.71,631.8,0.1712,False,,,sent_to_garage,0.0388,0,0,0.0531,0,0.1573,0
CLM000587,POL001003,2023-10-08,2023-10-07,2017-04-21,2018-04-21,1,Mercedes,C-Class,Estate,vandalism,rear,moderate,phone,comprehensive,True,True,False,17,92741,36,1,20,2006,39670.48,1.856,3967.05,3340.8,0.8421,False,,,sent_to_garage,0.8796,0,0,0.1643,0,0.2874,0
CLM000589,POL001082,2023-05-09,2023-05-08,2020-01-20,2021-01-19,1,Mercedes,GLC,Sedan,theft_damage,front,moderate,online,third_party,False,False,True,11,191758,54,1,19,2012,46536.6,1.958,5584.39,3916.0,0.7012,False,,,sent_to_garage,0.0835,0,0,0.0696,0,0.0271,0
CLM000594,POL003380,2022-08-27,2022-08-24,2015-03-11,2016-03-10,3,BMW,5 Series,Van,fire,roof,minor,app,third_party,True,True,True,4,122252,29,1,10,2018,44227.63,1.904,30074.79,1142.4,0.038,True,,,sent_to_garage,0.0545,0,0,0.0863,0,0.0368,0
CLM000595,POL000042,2023-09-23,2023-08-30,2022-04-28,2023-04-28,24,BMW,1 Series,Van,vandalism,rear,moderate,online,comprehensive,True,True,True,13,91295,50,0,18,2010,28456.02,1.746,2845.6,3142.8,1.1044,False,,,scrapped_by_model,0.9998,1,1,0.995,1,0.9991,1
CLM000599,POL006353,2023-10-25,2023-10-21,2013-01-19,2014-01-19,4,Nissan,Leaf,Hatchback,theft_damage,rear,severe,direct,comprehensive,False,True,True,18,32398,51,2,1,2005,30935.96,0.986,3093.6,4437.0,1.4343,False,,,scrapped_by_model,0.9999,1,1,0.9998,1,0.9994,1
CLM000600,POL003503,2024-11-19,2024-10-20,2013-11-07,2014-11-07,30,Vauxhall,Corsa,Motorbike,flood,roof,minor,online,third_party,False,True,True,11,26834,34,2,16,2013,12356.16,0.715,1482.74,429.0,0.2893,False,,,sent_to_garage,0.1712,0,0,0.0347,0,0.0229,0
CLM000601,POL002697,2023-05-04,2023-04-23,2015-12-09,2016-12-08,11,Vauxhall,Mokka,Hatchback,vandalism,side,severe,phone,comprehensive,False,True,True,6,296,62,1,20,2017,22804.26,0.814,11858.22,3256.0,0.2746,False,,,sent_to_garage,0.1195,0,0,0.1372,0,0.1216,0
CLM000607,POL004895,2024-04-22,2024-04-01,2023-06-19,2024-06-18,21,Nissan,Qashqai,Van,vandalism,side,minor,phone,comprehensive,False,True,True,16,34004,53,2,3,2008,29091.38,0.922,2909.14,368.8,0.1268,False,,,sent_to_garage,0.1017,0,1,0.783,0,0.4007,0
CLM000610,POL002486,2023-10-27,2023-10-21,2020-06-08,2021-06-08,6,BMW,3 Series,Sedan,theft_damage,multiple,moderate,online,comprehensive,False,False,False,12,58810,36,2,1,2011,34246.52,1.763,3424.65,6170.5,1.8018,False,,,scrapped_by_model,0.9988,1,1,0.9985,1,0.9997,1
CLM000618,POL001957,2022-04-30,2022-04-11,2021-05-31,2022-05-31,19,Mercedes,A-Class,SUV,flood,rear,minor,direct,third_party_fire_theft,True,False,False,7,3487,32,0,11,2015,29492.15,1.841,12976.55,828.45,0.0638,False,,,sent_to_garage,0.0179,0,0,0.0115,0,0.0248,0
CLM000628,POL000479,2024-12-27,2024-12-05,2016-12-17,2017-12-17,22,Ford,Kuga,Hatchback,vandalism,roof,minor,broker,comprehensive,False,True,False,17,166899,42,1,0,2007,28226.97,0.892,2822.7,535.2,0.1896,False,,,sent_to_garage,0.1957,0,1,0.8346,0,0.5033,0
CLM000630,POL004529,2022-05-30,2022-05-18,2021-09-27,2022-09-27,12,Honda,Jazz,Estate,theft_damage,multiple,minor,app,comprehensive,False,True,True,20,196025,17,0,6,2002,,,,,,False,,,sent_to_garage,0.5597,0,0,0.1874,0,0.4022,0
CLM000632,POL004645,2023-08-21,2023-08-05,2016-11-13,2017-11-13,16,Vauxhall,Insignia,SUV,vandalism,multiple,moderate,app,third_party,False,True,True,14,97920,54,0,5,2009,24358.99,0.83,2435.9,2905.0,1.1926,False,,,sent_to_garage,0.9972,0,1,0.9928,1,0.9977,1
CLM000638,POL004028,2024-10-07,2024-09-23,2018-09-09,2019-09-09,14,Hyundai,Tucson,Motorbike,theft_damage,side,minor,online,comprehensive,False,False,True,4,74728,47,0,6,2020,28192.73,0.869,19171.06,347.6,0.0181,True,,,sent_to_garage,0.1132,0,0,0.0534,0,0.0456,0
CLM000641,POL004176,2024-02-06,2024-01-09,2022-05-21,2023-05-21,28,Nissan,Micra,Van,vandalism,roof,minor,direct,comprehensive,False,True,False,3,101749,45,2,17,2021,13405.76,0.78,10188.38,468.0,0.0459,False,,,sent_to_garage,0.1121,0,1,0.5605,0,0.5197,0
CLM000642,POL004523,2023-04-07,2023-03-16,2015-01-20,2016-01-20,22,Mercedes,E-Class,Hatchback,collision,side,severe,direct,third_party_fire_theft,False,True,False,0,70687,29,0,13,2023,51280.31,1.987,51280.31,7948.0,0.155,True,,,sent_to_garage,0.7653,0,0,0.0758,0,0.2854,0
CLM000643,POL000277,2022-11-17,2022-11-09,2018-09-11,2019-09-11,8,Honda,HR-V,Motorbike,fire,front,severe,phone,comprehensive,False,True,False,20,169566,48,0,13,2002,,,,,,False,,,sent_to_garage,0.9977,0,1,0.9223,0,0.9874,0
CLM000645,POL003512,2023-11-10,2023-10-27,2019-02-02,2020-02-02,14,Mercedes,GLC,Sedan,collision,multiple,minor,broker,comprehensive,False,False,False,14,91460,29,2,3,2009,50093.65,2.006,5009.37,1604.8,0.3204,False,,,sent_to_garage,0.5413,0,0,0.2285,0,0.329,0
CLM000647,POL000026,2023-04-15,2023-04-06,2020-09-29,2021-09-29,9,Volkswagen,Golf,SUV,fire,multiple,moderate,phone,comprehensive,True,True,False,18,55813,41,2,14,2005,23842.43,0.992,2384.24,3472.0,1.4562,False,,,scrapped_by_model,0.9998,1,1,0.9992,1,0.9996,1
CLM000653,POL003793,2022-06-07,2022-05-08,2013-11-28,2014-11-28,30,Mercedes,E-Class,Estate,flood,side,severe,online,comprehensive,False,False,True,18,196896,35,0,0,2004,53070.14,1.976,5307.01,7904.0,1.4894,False,,,scrapped_by_model,1.0,1,1,0.9989,1,0.999,1
CLM000660,POL002242,2023-12-30,2023-12-22,2021-09-11,2022-09-11,8,Mercedes,GLC,Estate,flood,multiple,minor,app,comprehensive,True,False,True,11,32292,59,2,4,2012,46536.6,1.958,5584.39,1566.4,0.2805,False,,,sent_to_garage,0.1707,0,0,0.1106,0,0.0843,0
CLM000661,POL001552,2022-11-01,2022-10-19,2021-10-09,2022-10-09,13,Vauxhall,Mokka,Hatchback,fire,rear,moderate,online,comprehensive,False,True,False,15,183217,55,1,20,2007,21769.02,0.809,2176.9,1456.2,0.6689,False,,,sent_to_garage,0.576,0,1,0.9437,0,0.7521,0
CLM000664,POL000479,2023-08-10,2023-07-20,2014-08-10,2015-08-10,21,Audi,A3,Motorbike,flood,roof,moderate,phone,comprehensive,False,True,True,2,138577,55,0,9,2021,29971.82,1.753,25176.33,4382.5,0.1741,True,,,sent_to_garage,0.3156,0,0,0.0704,0,0.1183,0
CLM000665,POL001931,2022-04-09,2022-03-28,2018-09-28,2019-09-28,12,Ford,Mondeo,Motorbike,flood,front,severe,direct,comprehensive,True,False,True,3,140415,64,0,13,2019,21288.9,0.868,16179.56,4340.0,0.2682,False,,,sent_to_garage,0.3263,0,1,0.9151,0,0.7828,0
CLM000672,POL003247,2024-05-19,2024-05-19,2019-10-14,2020-10-13,0,Mercedes,GLC,Motorbike,vandalism,front,minor,phone,third_party,True,True,True,6,81961,67,0,12,2018,46684.46,1.943,24275.92,971.5,0.04,True,,,sent_to_garage,0.4387,0,0,0.0062,0,0.1026,0
CLM000675,POL003361,2022-01-02,2021-12-16,2021-04-11,2022-04-11,17,Nissan,Qashqai,Sedan,flood,roof,moderate,online,third_party,True,False,True,14,152924,41,0,12,2008,29091.38,0.922,2909.14,2305.0,0.7923,False,,,sent_to_garage,0.6862,0,1,0.9225,0,0.7901,0
CLM000676,POL002216,2024-05-13,2024-05-07,2013-11-30,2014-11-30,6,Hyundai,Tucson,Sedan,vandalism,front,moderate,broker,comprehensive,False,False,False,4,23232,51,1,14,2020,28192.73,0.869,19171.06,1738.0,0.0907,True,,,sent_to_garage,0.0693,0,1,0.4158,0,0.209,0
CLM000680,POL002064,2022-06-13,2022-05-27,2012-08-24,2013-08-24,17,Volkswagen,Passat,Sedan,collision,front,moderate,phone,third_party,False,False,True,5,183567,47,2,4,2017,30460.32,1.037,18276.19,2074.0,0.1135,True,,,sent_to_garage,0.0183,0,0,0.0341,0,0.0492,0
CLM000682,POL001141,2022-12-12,2022-12-06,2016-03-11,2017-03-11,6,Mercedes,GLC,Van,theft_damage,roof,moderate,direct,comprehensive,False,True,True,9,142456,58,1,19,2013,49979.75,1.954,13994.33,4885.0,0.3491,False,,,sent_to_garage,0.2184,0,1,0.7588,0,0.5751,0
CLM000684,POL002560,2024-10-12,2024-09-12,2022-02-16,2023-02-16,30,Toyota,RAV4,SUV,flood,side,moderate,broker,comprehensive,True,False,True,12,45046,46,1,7,2012,33140.95,0.893,3314.1,1339.5,0.4042,False,,,sent_to_garage,0.0736,0,0,0.0363,0,0.1373,0
CLM000685,POL003584,2022-11-26,2022-11-03,2021-06-03,2022-06-03,23,Hyundai,i10,Motorbike,fire,multiple,minor,phone,comprehensive,True,True,False,6,33525,30,0,12,2016,12339.49,0.737,6416.53,589.6,0.0919,False,,,sent_to_garage,0.6153,0,1,0.9184,0,0.7566,0
CLM000687,POL002374,2024-11-23,2024-11-02,2021-04-17,2022-04-17,21,Mercedes,GLC,SUV,collision,roof,moderate,broker,comprehensive,True,True,True,3,845,33,2,19,2021,46477.48,1.929,35322.88,4822.5,0.1365,True,,,sent_to_garage,0.0429,0,0,0.0102,0,0.0456,0
CLM000688,POL005874,2024-07-27,2024-07-22,2015-01-30,2016-01-30,5,Toyota,Yaris,Motorbike,fire,roof,minor,phone,third_party_fire_theft,True,False,True,5,144452,31,0,10,2019,14313.53,0.818,8588.12,490.8,0.0571,False,,,sent_to_garage,0.2451,0,1,0.8564,0,0.6788,0
CLM000691,POL001607,2024-09-25,2024-09-09,2019-08-29,2020-08-28,16,Toyota,Corolla,Hatchback,vandalism,multiple,moderate,broker,third_party_fire_theft,False,True,True,16,31610,51,0,17,2008,21788.88,0.849,2178.89,2971.5,1.3638,False,,,scrapped_by_model,0.9998,1,1,0.9989,1,0.9998,1
CLM000692,POL005066,2023-07-17,2023-06-18,2022-04-16,2023-04-16,29,Ford,Focus,Estate,collision,rear,minor,broker,third_party,False,True,False,4,195072,51,1,14,2019,18636.13,0.787,12672.57,354.15,0.0279,False,,,sent_to_garage,0.0844,0,0,0.1039,0,0.135,0
CLM000700,POL001691,2023-06-16,2023-06-08,2012-10-15,2013-10-15,8,Nissan,Juke,SUV,theft_damage,front,moderate,direct,third_party_fire_theft,False,False,True,7,186254,17,0,14,2016,20564.42,0.863,9048.34,1726.0,0.1908,False,,,sent_to_garage,0.1766,0,0,0.0082,0,0.1105,0
CLM000707,POL004473,2023-10-01,2023-09-27,2022-10-17,2023-10-17,4,Audi,A6,Estate,theft_damage,side,minor,app,comprehensive,True,True,False,18,150494,28,1,6,2005,48767.77,1.911,4876.78,764.4,0.1567,False,,,sent_to_garage,0.3526,0,0,0.0378,0,0.3487,0
CLM000708,POL004426,2022-09-06,2022-08-15,2012-08-03,2013-08-03,22,Volkswagen,Golf,Motorbike,collision,side,severe,broker,third_party,False,True,True,11,69162,49,1,5,2011,25304.74,1.021,3036.57,4084.0,1.3449,False,,,scrapped_by_model,0.9996,1,1,0.9991,1,0.9998,1
CLM000712,POL003810,2022-02-14,2022-02-02,2012-12-01,2013-12-01,12,Hyundai,i30,SUV,flood,roof,moderate,direct,comprehensive,False,True,True,7,152717,60,1,17,2015,20420.03,0.827,8984.81,2067.5,0.2301,False,,,sent_to_garage,0.1455,0,1,0.841,0,0.1946,0
CLM000713,POL004600,2022-10-22,2022-09-22,2022-03-05,2023-03-05,30,Mercedes,A-Class,Estate,vandalism,side,moderate,direct,comprehensive,True,False,False,5,194179,39,0,18,2017,29311.03,1.763,17586.62,2644.5,0.1504,False,,,sent_to_garage,0.1024,0,1,0.5288,0,0.3101,0
CLM000718,POL000576,2022-01-24,2022-01-04,2014-10-31,2015-10-31,20,Honda,Jazz,SUV,theft_damage,multiple,severe,phone,comprehensive,False,False,False,7,117522,61,0,10,2015,15284.49,0.825,6725.18,6600.0,0.9814,False,,,scrapped_by_model,0.9993,1,1,0.9996,1,0.9997,1
CLM000719,POL003687,2024-01-25,2024-01-02,2020-10-11,2021-10-11,23,Volkswagen,Tiguan,Estate,theft_damage,rear,minor,app,comprehensive,False,True,True,0,137741,41,5,15,2024,35641.4,1.082,35641.4,486.9,0.0137,True,,,sent_to_garage,0.0048,0,0,0.0324,0,0.0185,0
CLM000720,POL005793,2022-05-20,2022-05-12,2020-06-25,2021-06-25,8,Ford,Transit,SUV,flood,side,moderate,phone,comprehensive,False,False,True,2,139309,38,0,20,2020,30832.21,0.977,25899.06,1465.5,0.0566,True,,,sent_to_garage,0.3176,0,0,0.0224,0,0.0441,0
CLM000722,POL002445,2023-05-30,2023-05-04,2012-03-21,2013-03-21,26,Mercedes,C-Class,Estate,fire,multiple,minor,app,comprehensive,False,True,True,20,174753,73,1,12,2003,,,,,,False,,,sent_to_garage,0.3235,0,0,0.0762,0,0.1339,0
CLM000725,POL000582,2023-09-01,2023-08-04,2018-07-04,2019-07-04,28,Volkswagen,Tiguan,Van,collision,roof,moderate,app,comprehensive,False,False,False,4,37355,40,2,6,2019,35028.59,1.099,23819.44,2747.5,0.1153,True,,,sent_to_garage,0.0886,0,0,0.0232,0,0.1287,0
CLM000727,POL001390,2023-01-07,2023-01-05,2021-12-09,2022-12-09,2,Hyundai,Tucson,Van,collision,multiple,minor,online,comprehensive,True,False,True,9,128647,27,0,12,2014,27289.79,0.898,7641.14,718.4,0.094,False,,,sent_to_garage,0.3676,0,0,0.234,0,0.3605,0
CLM000728,POL000371,2022-02-11,2022-01-15,2013-11-14,2014-11-14,27,Vauxhall,Mokka,Estate,theft_damage,multiple,minor,app,comprehensive,False,True,True,4,192721,18,2,18,2018,21119.7,0.786,14361.4,628.8,0.0438,False,,,sent_to_garage,0.1449,0,0,0.0054,0,0.024,0
CLM000731,POL001765,2022-11-21,2022-11-14,2018-09-11,2019-09-11,7,Audi,A4,Hatchback,fire,side,moderate,online,comprehensive,False,True,False,0,198539,33,1,19,2022,36590.31,1.762,36590.31,2643.0,0.0722,True,,,sent_to_garage,0.0641,0,0,0.0503,0,0.0394,0
CLM000733,POL000631,2024-01-22,2023-12-31,2015-11-01,2016-10-31,22,Volkswagen,Golf,Hatchback,fire,rear,moderate,phone,comprehensive,False,False,True,3,53108,17,1,18,2021,24604.82,1.013,18699.66,1823.4,0.0975,True,,,sent_to_garage,0.1338,0,0,0.0253,0,0.1132,0
CLM000734,POL002172,2023-02-16,2023-01-22,2013-05-08,2014-05-08,25,Hyundai,i30,Hatchback,collision,rear,moderate,broker,third_party,False,False,True,8,8030,39,1,9,2015,20420.03,0.827,7351.21,1488.6,0.2025,False,,,sent_to_garage,0.1301,0,1,0.7408,0,0.3924,0
CLM000740,POL002353,2024-11-19,2024-11-10,2017-03-19,2018-03-19,9,Hyundai,i30,Motorbike,theft_damage,rear,severe,broker,comprehensive,False,True,True,4,2349,55,0,10,2020,19699.13,0.824,13395.41,3708.0,0.2768,False,,,sent_to_garage,0.0673,0,0,0.026,0,0.1457,0
CLM000743,POL004872,2023-03-26,2023-03-11,2015-01-12,2016-01-12,15,Hyundai,Tucson,SUV,theft_damage,side,minor,app,comprehensive,True,True,True,4,197685,31,2,6,2019,29147.43,0.869,19820.25,347.6,0.0175,True,,,sent_to_garage,0.0147,0,0,0.0793,0,0.0237,0
CLM000750,POL004750,2022-07-14,2022-06-22,2019-02-10,2020-02-10,22,Ford,Fiesta,Sedan,vandalism,side,moderate,broker,comprehensive,False,True,True,3,119415,62,0,0,2019,12293.71,0.771,9343.22,1156.5,0.1238,False,,,sent_to_garage,0.1206,0,0,0.0135,0,0.1296,0
CLM000751,POL001471,2024-01-07,2023-12-30,2022-12-03,2023-12-03,8,BMW,X5,SUV,vandalism,multiple,moderate,direct,comprehensive,True,False,False,14,152786,42,0,5,2010,65890.98,1.955,6589.1,6842.5,1.0385,False,,,sent_to_garage,0.9986,0,1,0.9981,1,0.9999,1
CLM000752,POL001821,2022-12-25,2022-12-15,2015-03-22,2016-03-21,10,Vauxhall,Astra,Estate,flood,rear,minor,online,comprehensive,True,True,False,11,35219,23,2,1,2011,18887.55,0.754,2266.51,339.3,0.1497,False,,,sent_to_garage,0.0384,0,0,0.0563,0,0.0298,0
CLM000753,POL001370,2022-08-28,2022-07-29,2018-12-23,2019-12-23,30,Volkswagen,Polo,Estate,theft_damage,roof,minor,direct,comprehensive,True,True,True,1,20331,48,2,8,2021,16776.86,0.898,15434.71,538.8,0.0349,False,,,sent_to_garage,0.3107,0,0,0.0211,0,0.0767,0
CLM000757,POL001868,2024-07-05,2024-06-28,2013-02-06,2014-02-06,7,Volkswagen,Tiguan,Estate,theft_damage,roof,moderate,direct,comprehensive,False,False,True,2,187284,34,0,3,2022,34161.22,1.088,28695.42,2720.0,0.0948,True,,,sent_to_garage,0.2147,0,0,0.0454,0,0.2095,0
CLM000762,POL000850,2022-02-19,2022-02-11,2018-04-12,2019-04-12,8,Hyundai,i10,Hatchback,fire,side,minor,app,comprehensive,True,False,True,2,100782,36,0,5,2020,11766.96,0.755,9884.25,302.0,0.0306,False,,,sent_to_garage,0.0424,0,1,0.8119,0,0.6856,0
CLM000765,POL005189,2023-04-15,2023-04-08,2021-09-11,2022-09-11,7,Audi,Q5,Motorbike,fire,front,moderate,direct,comprehensive,True,True,True,3,4564,50,3,11,2020,44655.73,1.856,33938.35,3712.0,0.1094,True,,,sent_to_garage,0.1297,0,0,0.0492,0,0.1639,0
CLM000767,POL001064,2024-02-20,2024-02-20,2017-01-17,2018-01-17,0,Volkswagen,Golf,Estate,flood,multiple,moderate,broker,comprehensive,False,True,False,18,104525,50,1,19,2006,23871.75,0.977,2387.18,3419.5,1.4324,False,,,scrapped_by_model,0.9996,1,1,0.999,1,0.9995,1
CLM000768,POL000177,2023-05-09,2023-04-14,2021-09-05,2022-09-05,25,Ford,Kuga,Motorbike,theft_damage,rear,severe,app,third_party,False,True,True,11,162299,28,1,1,2012,29225.91,0.904,3507.11,4068.0,1.1599,False,,,scrapped_by_model,0.9996,1,1,0.9998,1,0.9998,1
CLM000770,POL003502,2022-11-14,2022-11-11,2017-04-26,2018-04-26,3,Honda,CR-V,Motorbike,collision,front,severe,direct,comprehensive,False,False,False,1,185557,17,0,16,2021,29537.19,0.913,27174.21,4565.0,0.168,True,,,sent_to_garage,0.7048,0,0,0.0377,0,0.2933,0
CLM000775,POL000027,2023-09-15,2023-09-05,2020-04-22,2021-04-22,10,Hyundai,i30,Estate,fire,side,moderate,phone,third_party_fire_theft,False,False,True,15,187822,56,0,11,2008,20890.3,0.798,2089.03,1197.0,0.573,False,,,sent_to_garage,0.8704,0,0,0.0703,0,0.3404,0
CLM000777,POL003496,2022-05-27,2022-05-10,2020-12-17,2021-12-17,17,BMW,X3,Estate,vandalism,side,minor,online,comprehensive,False,False,False,6,1628,21,2,20,2016,50069.93,1.808,26036.36,723.2,0.0278,True,,,sent_to_garage,0.0689,0,0,0.0014,0,0.0455,0
CLM000779,POL004365,2024-05-28,2024-05-23,2015-07-02,2016-07-01,5,Toyota,Camry,SUV,flood,rear,moderate,online,comprehensive,False,True,False,8,15477,36,1,4,2016,29515.37,0.898,10625.53,1616.4,0.1521,False,,,sent_to_garage,0.0653,0,0,0.014,0,0.0306,0
CLM000782,POL005189,2022-02-23,2022-02-09,2017-06-22,2018-06-22,14,Mercedes,A-Class,SUV,fire,side,minor,phone,comprehensive,False,False,False,9,152622,58,0,12,2013,29989.25,1.796,8396.99,718.4,0.0856,False,,,sent_to_garage,0.5154,0,0,0.0834,0,0.1811,0
CLM000783,POL002567,2023-09-16,2023-09-08,2012-08-24,2013-08-24,8,Audi,A3,Estate,flood,roof,severe,broker,comprehensive,True,False,True,17,120714,55,2,5,2006,30252.68,1.775,3025.27,10650.0,2.0,False,,,scrapped_by_model,1.0,1,1,0.9969,1,0.9992,1
CLM000784,POL003408,2024-05-26,2024-05-19,2022-03-13,2023-03-13,7,Honda,HR-V,Sedan,collision,side,minor,app,third_party,True,True,True,4,21043,55,0,3,2020,23999.58,0.879,16319.71,351.6,0.0215,False,,,sent_to_garage,0.0412,0,0,0.0142,0,0.0427,0
CLM000789,POL004513,2022-01-27,2022-01-17,2013-01-15,2014-01-15,10,BMW,X3,Hatchback,flood,rear,severe,online,comprehensive,False,True,True,19,37624,53,2,16,2003,,,,,,False,,,sent_to_garage,0.9985,0,1,0.9298,0,0.9518,0
CLM000798,POL000935,2024-02-07,2024-01-09,2013-06-24,2014-06-24,29,Volkswagen,Polo,Sedan,theft_damage,side,moderate,app,third_party,False,False,True,18,40518,47,1,10,2006,15692.06,0.905,1569.21,1357.5,0.8651,False,,,sent_to_garage,0.7672,0,1,0.9749,0,0.9295,0
CLM000799,POL004095,2022-04-24,2022-03-25,2012-10-06,2013-10-06,30,Ford,Mondeo,SUV,collision,multiple,minor,app,comprehensive,True,False,False,0,90552,48,2,18,2022,22185.02,0.858,22185.02,686.4,0.0309,True,,,sent_to_garage,0.4791,0,1,0.8693,0,0.7796,0
CLM000800,POL003999,2023-03-30,2023-03-22,2018-01-13,2019-01-13,8,Audi,A6,Hatchback,vandalism,side,moderate,broker,comprehensive,False,True,True,1,181184,47,2,16,2022,45694.88,1.88,42039.29,2820.0,0.0671,True,,,sent_to_garage,0.1815,0,0,0.0142,0,0.2064,0
CLM000802,POL001791,2024-05-06,2024-04-27,2015-01-15,2016-01-15,9,Volkswagen,Golf,Estate,collision,side,minor,online,comprehensive,False,False,True,3,76961,31,0,14,2021,24604.82,1.013,18699.66,405.2,0.0217,True,,,sent_to_garage,0.2508,0,1,0.6249,0,0.4359,0
CLM000803,POL005026,2024-06-15,2024-06-10,2014-06-05,2015-06-05,5,BMW,3 Series,Hatchback,fire,rear,moderate,direct,third_party_fire_theft,True,False,True,13,98226,27,0,0,2011,34246.52,1.763,3424.65,3173.4,0.9266,False,,,scrapped_by_model,0.9998,1,1,0.9936,1,0.9766,0
CLM000807,POL003914,2024-09-30,2024-09-12,2012-09-25,2013-09-25,18,Toyota,Corolla,SUV,vandalism,side,moderate,online,comprehensive,False,False,True,4,13310,52,1,1,2020,22632.35,0.853,15390.0,1279.5,0.0831,False,,,sent_to_garage,0.0163,0,1,0.7037,0,0.2827,0
CLM000814,POL003302,2023-01-14,2023-01-07,2018-06-10,2019-06-10,7,Nissan,Micra,Van,fire,side,severe,broker,comprehensive,True,True,True,14,108583,66,1,7,2009,12898.3,0.76,1289.83,3040.0,2.0,False,,,scrapped_by_model,0.9998,1,1,0.9954,1,0.9984,1
CLM000816,POL005067,2022-01-17,2022-01-12,2019-02-11,2020-02-11,5,Hyundai,Tucson,Motorbike,theft_damage,side,moderate,phone,comprehensive,False,False,True,2,104747,46,0,7,2020,28192.73,0.869,23681.89,1303.5,0.055,True,,,sent_to_garage,0.1171,0,0,0.1251,0,0.1732,0
CLM000817,POL004972,2024-12-30,2024-12-26,2024-04-18,2025-04-18,4,Nissan,Micra,Van,flood,rear,minor,app,third_party_fire_theft,False,False,True,9,34266,55,1,20,2015,13192.64,0.793,3693.94,356.85,0.0966,False,,,sent_to_garage,0.0572,0,0,0.1061,0,0.0919,0
CLM000821,POL000286,2022-10-16,2022-10-15,2022-01-09,2023-01-09,1,Audi,A4,Hatchback,theft_damage,rear,moderate,app,third_party_fire_theft,True,True,True,13,88463,40,0,2,2009,37867.05,1.789,3786.71,3220.2,0.8504,False,,,sent_to_garage,0.8533,0,1,0.9356,0,0.8808,0
CLM000823,POL001665,2022-10-23,2022-10-03,2014-05-23,2015-05-23,20,Volkswagen,Tiguan,Van,flood,rear,severe,app,third_party,True,True,True,8,196342,46,1,14,2014,33461.85,1.113,12046.27,5008.5,0.4158,False,,,sent_to_garage,0.6794,0,0,0.0901,0,0.337,0
CLM000827,POL003364,2022-02-17,2022-02-06,2013-05-07,2014-05-07,11,Toyota,RAV4,Hatchback,fire,rear,moderate,direct,comprehensive,False,False,False,11,169330,52,0,16,2011,30446.99,0.918,3653.64,1652.4,0.4523,False,,,sent_to_garage,0.0715,0,0,0.0353,0,0.1288,0
CLM000832,POL003126,2024-09-09,2024-09-05,2020-11-10,2021-11-10,4,Mercedes,C-Class,Hatchback,fire,roof,minor,broker,third_party,False,False,False,16,89984,49,0,18,2008,39137.59,1.878,3913.76,1126.8,0.2879,False,,,sent_to_garage,0.4868,0,0,0.211,0,0.4161,0
CLM000833,POL002238,2024-12-15,2024-11-20,2013-09-06,2014-09-06,25,Hyundai,i30,Hatchback,fire,roof,moderate,direct,comprehensive,True,True,True,11,77646,33,0,11,2013,19491.4,0.807,2338.97,2017.5,0.8626,False,,,sent_to_garage,0.6793,0,0,0.076,0,0.0804,0
CLM000835,POL004099,2022-01-12,2021-12-19,2012-08-04,2013-08-04,24,Nissan,Juke,Sedan,collision,rear,moderate,phone,comprehensive,False,True,True,7,82989,42,0,19,2015,19139.86,0.849,8421.54,1528.2,0.1815,False,,,sent_to_garage,0.0825,0,0,0.0542,0,0.0616,0
CLM000837,POL004283,2024-07-04,2024-06-29,2016-12-02,2017-12-02,5,Ford,Mondeo,Motorbike,vandalism,front,minor,direct,third_party,False,True,True,5,155734,31,0,0,2019,21288.9,0.868,12773.34,434.0,0.034,False,,,sent_to_garage,0.1137,0,1,0.7164,0,0.3126,0
CLM000840,POL002906,2022-07-11,2022-07-11,2021-10-19,2022-10-19,0,Honda,Jazz,Motorbike,collision,side,moderate,broker,comprehensive,False,False,False,19,30302,62,1,7,2003,,,,,,False,,,sent_to_garage,0.3597,0,0,0.0726,0,0.1165,0
CLM000841,POL000071,2024-09-22,2024-08-23,2019-02-14,2020-02-14,30,BMW,X3,Motorbike,fire,multiple,severe,online,comprehensive,True,False,False,6,97570,55,0,13,2018,48757.74,1.841,25354.02,14728.0,0.5809,True,,,sent_to_garage,0.7043,0,0,0.0285,0,0.2402,0
CLM000849,POL000844,2024-10-03,2024-09-19,2022-10-09,2023-10-09,14,Mercedes,E-Class,Hatchback,collision,roof,severe,broker,comprehensive,False,False,False,19,18427,41,0,11,2005,54095.54,1.945,5409.55,11670.0,2.0,False,,,scrapped_by_model,0.9999,1,1,0.9995,1,1.0,1
CLM000856,POL002653,2023-01-23,2023-01-01,2021-06-19,2022-06-19,22,Volkswagen,Passat,Hatchback,theft_damage,rear,moderate,phone,comprehensive,False,True,True,20,180348,34,1,14,2003,,,,,,False,,,sent_to_garage,0.3707,0,0,0.1633,0,0.1517,0
CLM000859,POL002141,2024-03-11,2024-03-11,2018-03-27,2019-03-27,0,Nissan,Micra,SUV,fire,multiple,severe,app,third_party,False,False,True,8,167089,39,2,13,2016,12906.62,0.786,4646.38,6288.0,1.3533,False,,,scrapped_by_model,0.9997,1,1,0.9998,1,0.9998,1
CLM000863,POL004422,2023-05-29,2023-04-30,2021-09-20,2022-09-20,29,Volkswagen,Polo,Motorbike,theft_damage,rear,moderate,app,third_party_fire_theft,False,False,True,11,21878,57,2,11,2012,16741.14,0.915,2008.94,1647.0,0.8198,False,,,sent_to_garage,0.3524,0,1,0.8736,0,0.9259,0
CLM000869,POL000564,2022-10-26,2022-10-08,2019-05-16,2020-05-15,18,Audi,A4,Hatchback,flood,front,moderate,direct,third_party_fire_theft,False,True,False,0,90762,38,2,0,2022,36590.31,1.762,36590.31,3524.0,0.0963,True,,,sent_to_garage,0.0929,0,0,0.0066,0,0.045,0
CLM000872,POL000131,2024-12-18,2024-12-07,2018-07-17,2019-07-17,11,Hyundai,i20,Estate,theft_damage,front,severe,phone,comprehensive,False,False,True,0,191960,17,0,0,2024,15239.12,0.767,15239.12,3835.0,0.2517,False,,,sent_to_garage,0.828,0,0,0.0225,0,0.2437,0
CLM000876,POL005012,2024-03-19,2024-03-04,2021-04-22,2022-04-22,15,Volkswagen,Golf,Sedan,theft_damage,front,moderate,direct,third_party,False,True,True,15,31134,19,0,1,2009,25598.58,1.018,2559.86,2036.0,0.7954,False,,,sent_to_garage,0.4115,0,0,0.0379,0,0.1108,0
CLM000878,POL001803,2024-04-05,2024-03-07,2016-08-17,2017-08-17,29,Ford,Kuga,Motorbike,flood,side,severe,direct,third_party,False,True,True,18,6974,45,0,0,2006,27077.66,0.923,2707.77,3692.0,1.3635,False,,,scrapped_by_model,0.9996,1,1,0.9987,1,0.9995,1
CLM000879,POL003438,2024-07-12,2024-06-13,2017-08-08,2018-08-08,29,Honda,Jazz,Hatchback,fire,rear,moderate,app,comprehensive,False,False,True,8,149166,26,0,19,2016,15898.11,0.864,5723.32,1555.2,0.2717,False,,,sent_to_garage,0.5332,0,0,0.0713,0,0.2466,0
CLM000886,POL002130,2024-11-25,2024-11-04,2017-10-17,2018-10-17,21,Audi,A3,Motorbike,fire,side,moderate,direct,comprehensive,False,False,True,11,100740,41,0,2,2013,29038.48,1.741,3484.62,2611.5,0.7494,False,,,sent_to_garage,0.1509,0,0,0.0789,0,0.0689,0
CLM000889,POL000920,2024-07-08,2024-06-26,2021-08-23,2022-08-23,12,Audi,Q5,Van,collision,front,moderate,direct,third_party,False,True,False,20,190983,62,1,7,2004,44051.94,1.823,4405.19,3646.0,0.8277,False,,,sent_to_garage,0.8791,0,1,0.9981,1,0.9897,0
CLM000891,POL001917,2022-04-01,2022-03-04,2017-01-11,2018-01-11,28,Audi,Q3,Sedan,flood,roof,minor,phone,third_party_fire_theft,False,False,True,6,57225,76,1,3,2016,36238.95,1.731,18844.25,1038.6,0.0551,True,,,sent_to_garage,0.0212,0,1,0.8708,0,0.6341,0
CLM000893,POL001376,2022-04-09,2022-03-26,2020-12-10,2021-12-10,14,Mercedes,A-Class,SUV,collision,multiple,moderate,broker,third_party_fire_theft,True,True,False,7,21063,50,1,12,2015,29492.15,1.841,12976.55,6443.5,0.4965,False,,,sent_to_garage,0.0718,0,0,0.1081,0,0.0438,0
CLM000894,POL000559,2023-08-18,2023-08-02,2013-11-24,2014-11-24,16,Nissan,Micra,SUV,theft_damage,side,moderate,online,third_party_fire_theft,False,False,True,7,159548,35,0,7,2016,12906.62,0.786,5678.91,1179.0,0.2076,False,,,sent_to_garage,0.2315,0,0,0.0321,0,0.097,0
CLM000895,POL004255,2024-04-06,2024-03-15,2013-04-16,2014-04-16,22,Hyundai,i20,Motorbike,theft_damage,front,severe,direct,third_party,True,False,False,20,127589,17,0,14,2004,16391.63,0.795,1639.16,3975.0,2.0,False,,,scrapped_by_model,0.9999,1,1,0.9994,1,0.9998,1
CLM000899,POL001049,2024-04-05,2024-03-25,2015-03-12,2016-03-11,11,Volkswagen,Polo,Van,fire,rear,minor,direct,comprehensive,False,True,True,9,163355,34,2,15,2015,16084.97,0.908,4503.79,408.6,0.0907,False,,,sent_to_garage,0.4563,0,0,0.0356,0,0.2945,0
CLM000903,POL000256,2022-03-13,2022-02-24,2018-10-08,2019-10-08,17,Hyundai,i10,Van,vandalism,side,severe,phone,comprehensive,True,False,True,9,57311,33,1,4,2013,11669.63,0.766,3267.5,3064.0,0.9377,False,,,scrapped_by_model,0.9993,1,1,0.9972,1,0.974,0
CLM000904,POL002719,2024-01-21,2024-01-01,2017-09-17,2018-09-17,20,Ford,Focus,Van,flood,front,minor,direct,third_party_fire_theft,True,True,False,8,36216,44,0,8,2016,18106.57,0.791,6518.37,395.5,0.0607,False,,,sent_to_garage,0.2778,0,1,0.8492,0,0.4753,0
CLM000906,POL003685,2023-02-09,2023-01-13,2012-10-14,2013-10-14,27,Vauxhall,Mokka,Hatchback,fire,side,moderate,direct,third_party_fire_theft,False,False,False,8,11399,33,0,12,2015,22622.51,0.803,8144.1,1204.5,0.1479,False,,,sent_to_garage,0.1013,0,0,0.0171,0,0.0604,0
CLM000912,POL004951,2023-01-08,2022-12-10,2019-08-23,2020-08-22,29,Honda,Civic,Motorbike,collision,front,severe,broker,comprehensive,True,True,False,14,94821,37,1,1,2009,21776.71,0.906,2177.67,4530.0,2.0,False,,,scrapped_by_model,0.9998,1,1,0.9996,1,0.9999,1
CLM000913,POL005092,2023-08-20,2023-07-30,2021-11-21,2022-11-21,21,Mercedes,A-Class,Motorbike,flood,front,moderate,app,comprehensive,True,False,False,11,189964,57,0,2,2012,30730.38,1.838,3687.65,3676.0,0.9968,False,,,sent_to_garage,0.9976,0,1,0.9903,0,0.996,0
CLM000917,POL000406,2024-03-23,2024-03-04,2013-05-11,2014-05-11,19,Nissan,Juke,Estate,collision,front,minor,app,third_party_fire_theft,True,False,False,19,183200,51,1,2,2005,20789.38,0.838,2078.94,419.0,0.2015,False,,,sent_to_garage,0.4415,0,0,0.0866,0,0.2521,0
CLM000919,POL001720,2022-11-18,2022-10-22,2018-02-28,2019-02-28,27,BMW,X3,Van,flood,rear,moderate,direct,third_party,False,False,True,1,106253,58,1,14,2021,49260.15,1.825,45319.34,3285.0,0.0725,True,,,sent_to_garage,0.0272,0,0,0.0177,0,0.0546,0
CLM000921,POL000548,2024-05-19,2024-05-04,2012-11-01,2013-11-01,15,Nissan,Micra,Hatchback,collision,side,moderate,direct,third_party_fire_theft,True,True,False,0,41111,43,2,16,2024,12520.5,0.766,12520.5,1149.0,0.0918,False,,,sent_to_garage,0.1267,0,0,0.1026,0,0.2202,0
CLM000922,POL004776,2024-10-03,2024-09-13,2021-11-27,2022-11-27,20,Toyota,Camry,Estate,flood,roof,moderate,phone,comprehensive,False,True,False,8,168198,40,0,8,2016,29515.37,0.898,10625.53,2245.0,0.2113,False,,,sent_to_garage,0.213,0,0,0.0944,0,0.389,0
CLM000923,POL003483,2022-05-12,2022-05-07,2016-11-02,2017-11-02,5,Nissan,Qashqai,Sedan,collision,front,severe,phone,comprehensive,False,True,True,4,112650,48,0,5,2018,27724.65,0.887,18852.76,4435.0,0.2352,True,,,sent_to_garage,0.1435,0,1,0.8568,0,0.7112,0
CLM000928,POL004811,2022-05-06,2022-05-05,2016-04-20,2017-04-20,1,Hyundai,i20,Van,vandalism,multiple,minor,online,comprehensive,False,True,False,10,104302,33,0,5,2012,15501.65,0.794,3100.33,635.2,0.2049,False,,,sent_to_garage,0.0998,0,1,0.9032,0,0.5048,0
CLM000929,POL003299,2022-09-18,2022-09-12,2016-08-30,2017-08-30,6,BMW,3 Series,Sedan,flood,multiple,moderate,direct,third_party_fire_theft,True,False,False,10,118698,41,1,8,2012,33654.22,1.748,6730.84,6118.0,0.909,False,,,scrapped_by_model,0.9994,1,1,0.981,0,0.9974,1
CLM000932,POL002097,2023-10-04,2023-10-03,2020-04-17,2021-04-17,1,Toyota,RAV4,SUV,vandalism,multiple,minor,direct,comprehensive,False,True,False,8,177651,75,2,6,2015,33466.97,0.927,12048.11,741.6,0.0616,False,,,sent_to_garage,0.311,0,1,0.9333,0,0.797,0
CLM000935,POL004362,2024-07-01,2024-06-25,2015-05-12,2016-05-11,6,Hyundai,Tucson,Sedan,theft_damage,front,severe,broker,comprehensive,False,True,False,1,127985,39,0,13,2023,26978.22,0.89,24819.96,4450.0,0.1793,True,,,sent_to_garage,0.4643,0,0,0.1178,0,0.2511,0
CLM000939,POL005061,2022-03-12,2022-03-06,2020-09-09,2021-09-09,6,Ford,Mondeo,Estate,flood,multiple,moderate,app,third_party_fire_theft,True,True,False,0,68091,64,1,3,2022,22185.02,0.858,22185.02,3003.0,0.1354,True,,,sent_to_garage,0.7116,0,1,0.7413,0,0.6027,0
CLM000941,POL001494,2023-02-17,2023-01-29,2018-02-08,2019-02-08,19,Toyota,Camry,SUV,collision,rear,moderate,phone,comprehensive,False,False,False,14,20119,37,1,3,2009,29376.18,0.879,2937.62,1582.2,0.5386,False,,,sent_to_garage,0.1555,0,0,0.0894,0,0.0491,0
CLM000946,POL001385,2022-11-27,2022-11-07,2015-05-16,2016-05-15,20,BMW,5 Series,Sedan,fire,multiple,severe,app,comprehensive,True,True,True,0,144457,63,1,2,2022,46057.02,1.866,46057.02,14928.0,0.3241,True,,,sent_to_garage,0.9764,0,1,0.9871,0,0.9796,0
CLM000947,POL004011,2022-01-07,2021-12-20,2017-01-27,2018-01-27,18,Vauxhall,Mokka,Van,theft_damage,side,minor,direct,comprehensive,False,False,False,8,199018,33,1,15,2014,22531.78,0.811,8111.44,324.4,0.04,False,,,sent_to_garage,0.0717,0,0,0.0287,0,0.0891,0
CLM000948,POL004808,2023-07-07,2023-06-10,2022-07-03,2023-07-03,27,Toyota,Yaris,Hatchback,collision,side,moderate,broker,comprehensive,False,True,False,3,103660,52,1,4,2020,15314.37,0.784,11638.92,1176.0,0.101,False,,,sent_to_garage,0.0187,0,0,0.0408,0,0.0298,0
CLM000951,POL002998,2024-02-01,2024-01-20,2023-11-22,2024-11-21,12,Honda,HR-V,Van,flood,roof,minor,app,comprehensive,False,True,False,1,92538,69,1,5,2023,25635.68,0.917,23584.83,550.2,0.0233,True,,,sent_to_garage,0.0496,0,0,0.1215,0,0.0526,0
CLM000957,POL004390,2022-09-22,2022-09-09,2015-08-01,2016-07-31,13,Mercedes,A-Class,SUV,theft_damage,roof,severe,app,comprehensive,False,True,True,4,170376,44,0,4,2018,30824.72,1.8,20960.81,10800.0,0.5152,True,,,sent_to_garage,0.443,0,0,0.093,0,0.2878,0
CLM000959,POL002771,2024-01-08,2023-12-19,2014-01-06,2015-01-06,20,Volkswagen,Polo,Hatchback,fire,side,minor,broker,third_party,False,False,True,15,18526,68,3,4,2009,16770.89,0.906,1677.09,362.4,0.2161,False,,,sent_to_garage,0.7753,0,0,0.0429,0,0.2252,0
CLM000960,POL002992,2024-01-24,2024-01-15,2020-02-25,2021-02-24,9,Audi,Q3,Sedan,fire,front,moderate,online,third_party_fire_theft,False,True,False,19,70085,67,1,20,2005,34213.03,1.712,3421.3,3424.0,1.0008,False,,,scrapped_by_model,0.9988,1,1,0.9948,1,0.9909,0
CLM000962,POL002454,2024-10-07,2024-10-04,2017-04-04,2018-04-04,3,Volkswagen,Golf,Motorbike,flood,roof,moderate,online,comprehensive,False,False,False,9,147478,36,0,13,2015,25429.03,0.984,7120.13,2460.0,0.3455,False,,,sent_to_garage,0.2107,0,0,0.092,0,0.0389,0
CLM000966,POL002722,2023-02-28,2023-02-10,2012-12-01,2013-12-01,18,BMW,3 Series,Hatchback,flood,rear,moderate,app,third_party_fire_theft,False,False,True,15,57247,29,1,5,2008,33761.61,1.835,3376.16,3303.0,0.9783,False,,,scrapped_by_model,0.9993,1,1,0.994,1,0.995,0
CLM000967,POL005747,2023-08-08,2023-07-09,2022-03-17,2023-03-17,30,Mercedes,E-Class,Sedan,theft_damage,roof,severe,phone,third_party_fire_theft,False,True,True,20,79092,34,1,11,2003,,,,,,False,,,sent_to_garage,0.9974,0,0,0.0743,0,0.5425,0
CLM000969,POL003131,2023-04-20,2023-04-19,2017-09-14,2018-09-14,1,Audi,Q3,Hatchback,flood,roof,minor,phone,third_party,False,False,False,14,127608,23,2,18,2009,36585.23,1.762,3658.52,1057.2,0.289,False,,,sent_to_garage,0.1205,0,1,0.9039,0,0.6349,0
CLM000971,POL001430,2023-11-29,2023-11-13,2012-05-09,2013-05-09,16,Toyota,Camry,SUV,collision,rear,minor,online,comprehensive,False,False,False,20,27216,36,0,4,2003,,,,,,False,,,sent_to_garage,0.2137,0,0,0.1351,0,0.1404,0
CLM000978,POL002262,2024-12-09,2024-11-29,2019-05-24,2020-05-23,10,Volkswagen,Golf,Sedan,fire,roof,moderate,online,comprehensive,False,False,False,2,1177,56,0,1,2022,25768.58,1.03,21645.61,2575.0,0.119,True,,,sent_to_garage,0.2617,0,0,0.0075,0,0.1352,0
CLM000981,POL006497,2024-10-18,2024-10-07,2017-03-13,2018-03-13,11,Volkswagen,Golf,Hatchback,fire,side,minor,broker,comprehensive,False,True,False,3,115356,48,0,17,2021,24604.82,1.013,18699.66,405.2,0.0217,True,,,sent_to_garage,0.1016,0,0,0.0202,0,0.2723,0
CLM000983,POL004188,2022-04-07,2022-03-15,2015-05-07,2016-05-06,23,Toyota,Corolla,Motorbike,collision,multiple,moderate,broker,third_party_fire_theft,False,True,True,19,120046,23,0,16,2003,,,,,,False,,,sent_to_garage,0.2101,0,0,0.097,0,0.2269,0
CLM000986,POL005199,2024-07-19,2024-06-22,2016-07-20,2017-07-20,27,Hyundai,Tucson,Estate,vandalism,side,moderate,online,third_party_fire_theft,False,True,True,3,135729,17,0,1,2021,28152.0,0.886,21395.52,1329.0,0.0621,True,,,sent_to_garage,0.0994,0,0,0.0189,0,0.1165,0
CLM000989,POL001934,2023-04-23,2023-04-19,2021-06-17,2022-06-17,4,Toyota,Camry,Sedan,theft_damage,front,severe,direct,third_party_fire_theft,True,True,True,7,59193,33,1,19,2016,29515.37,0.898,12986.76,4490.0,0.3457,False,,,sent_to_garage,0.3729,0,0,0.0552,0,0.165,0
CLM000990,POL004487,2024-02-07,2024-01-29,2015-02-01,2016-02-01,9,Ford,Mondeo,Sedan,flood,roof,minor,broker,comprehensive,False,True,False,16,43612,38,1,8,2008,21881.54,0.844,2188.15,506.4,0.2314,False,,,sent_to_garage,0.0684,0,0,0.027,0,0.0639,0
CLM000991,POL003517,2023-01-12,2022-12-14,2013-07-07,2014-07-07,29,Hyundai,i20,Sedan,vandalism,front,minor,phone,third_party,False,False,False,4,137013,36,0,4,2019,16460.47,0.775,11193.12,387.5,0.0346,False,,,sent_to_garage,0.1188,0,0,0.1363,0,0.1371,0
CLM000992,POL004240,2023-10-26,2023-10-06,2021-11-12,2022-11-12,20,Ford,Mondeo,SUV,collision,rear,minor,phone,third_party_fire_theft,False,True,True,19,3908,55,0,11,2004,20949.97,0.829,2095.0,373.05,0.1781,False,,,sent_to_garage,0.0806,0,0,0.0701,0,0.1645,0
CLM000996,POL002474,2022-04-06,2022-03-28,2019-07-21,2020-07-20,9,Hyundai,Tucson,Van,fire,roof,severe,phone,comprehensive,False,True,True,14,77569,38,2,7,2008,28366.55,0.9,2836.66,5400.0,1.9036,False,,,scrapped_by_model,0.9991,1,1,0.9999,1,0.9998,1
CLM000997,POL003609,2023-03-25,2023-03-11,2020-03-10,2021-03-10,14,BMW,3 Series,Hatchback,theft_damage,front,moderate,online,third_party,True,False,False,11,187324,51,0,16,2012,33654.22,1.748,4038.51,3496.0,0.8657,False,,,sent_to_garage,0.9611,0,1,0.9665,0,0.9823,0
CLM001000,POL001587,2022-12-09,2022-12-05,2014-11-06,2015-11-06,4,Mercedes,C-Class,Estate,vandalism,rear,moderate,online,comprehensive,False,False,False,8,170018,49,0,6,2014,39846.91,1.903,14344.89,3425.4,0.2388,False,,,sent_to_garage,0.3594,0,1,0.704,0,0.4991,0
CLM001003,POL000729,2022-05-13,2022-05-04,2012-10-16,2013-10-16,9,Honda,Jazz,SUV,fire,multiple,moderate,phone,comprehensive,False,True,False,19,35227,46,0,3,2003,,,,,,False,,,sent_to_garage,0.5706,0,1,0.8638,0,0.633,0
CLM001005,POL003571,2024-03-13,2024-02-28,2015-03-23,2016-03-22,14,Volkswagen,Passat,Motorbike,vandalism,front,minor,phone,third_party_fire_theft,False,False,False,13,118639,39,0,9,2011,29761.15,1.079,2976.12,539.5,0.1813,False,,,sent_to_garage,0.2351,0,0,0.1077,0,0.2448,0
CLM001007,POL005206,2023-01-30,2023-01-30,2012-02-06,2013-02-05,0,Mercedes,C-Class,Estate,fire,rear,moderate,broker,third_party,False,False,True,15,91147,30,4,10,2008,39137.59,1.878,3913.76,3380.4,0.8637,False,,,sent_to_garage,0.9743,0,1,0.9746,0,0.9905,0
CLM001009,POL004101,2023-08-18,2023-07-23,2018-10-09,2019-10-09,26,Ford,Transit,Motorbike,fire,rear,minor,direct,comprehensive,False,True,False,17,138065,45,0,19,2006,29267.9,0.975,2926.79,438.75,0.1499,False,,,sent_to_garage,0.111,0,1,0.9233,0,0.5557,0
CLM001010,POL002604,2022-12-22,2022-12-17,2020-07-10,2021-07-10,5,Vauxhall,Astra,Hatchback,flood,side,minor,app,third_party_fire_theft,False,False,False,5,194705,45,2,20,2017,18605.24,0.728,11163.14,291.2,0.0261,False,,,sent_to_garage,0.5259,0,0,0.0182,0,0.1994,0
CLM001012,POL003387,2022-10-21,2022-09-27,2020-01-24,2021-01-23,24,BMW,1 Series,Sedan,vandalism,rear,severe,app,third_party,False,False,True,3,72193,37,0,16,2019,28922.4,1.73,21981.02,7785.0,0.3542,True,,,sent_to_garage,0.5634,0,0,0.0247,0,0.201,0
CLM001015,POL001936,2024-03-26,2024-03-09,2013-11-03,2014-11-03,17,Ford,Focus,SUV,fire,multiple,minor,broker,comprehensive,False,True,False,8,190606,55,1,20,2016,18106.57,0.791,6518.37,632.8,0.0971,False,,,sent_to_garage,0.2681,0,0,0.0191,0,0.1256,0
CLM001020,POL002539,2023-01-14,2023-01-04,2015-08-18,2016-08-17,10,Vauxhall,Mokka,Hatchback,vandalism,side,minor,phone,comprehensive,True,True,True,14,72566,59,0,4,2009,21292.57,0.786,2129.26,314.4,0.1477,False,,,sent_to_garage,0.4393,0,0,0.0639,0,0.1739,0
CLM001024,POL003001,2023-01-16,2022-12-29,2012-02-14,2013-02-13,18,Vauxhall,Astra,Sedan,flood,front,moderate,broker,comprehensive,False,True,False,0,49807,22,1,9,2023,18465.16,0.772,18465.16,1544.0,0.0836,True,,,sent_to_garage,0.019,0,0,0.0221,0,0.0676,0
CLM001030,POL002277,2024-04-09,2024-04-04,2022-08-06,2023-08-06,5,BMW,X3,Motorbike,vandalism,roof,minor,app,comprehensive,False,False,False,7,54588,17,2,4,2017,46162.1,1.804,20311.32,1082.4,0.0533,True,,,sent_to_garage,0.0127,0,0,0.0252,0,0.0229,0
CLM001033,POL002874,2022-04-16,2022-04-09,2014-01-10,2015-01-10,7,Nissan,Leaf,Estate,flood,roof,moderate,online,comprehensive,True,True,True,16,162320,48,1,13,2006,31239.86,0.978,3123.99,2445.0,0.7827,False,,,sent_to_garage,0.7028,0,0,0.1519,0,0.1876,0
CLM001040,POL000711,2024-07-26,2024-07-03,2020-08-10,2021-08-10,23,BMW,5 Series,Sedan,fire,rear,moderate,app,third_party_fire_theft,False,False,True,4,109096,44,1,5,2020,46369.76,1.904,31531.44,3427.2,0.1087,True,,,sent_to_garage,0.0467,0,0,0.0636,0,0.1298,0
CLM001042,POL003770,2024-02-27,2024-02-25,2023-04-15,2024-04-14,2,Ford,Fiesta,SUV,theft_damage,rear,minor,direct,comprehensive,False,True,False,7,79686,36,1,17,2017,11960.07,0.729,5262.43,328.05,0.0623,False,,,sent_to_garage,0.09,0,0,0.0234,0,0.0678,0
CLM001044,POL003744,2022-09-29,2022-09-10,2013-09-27,2014-09-27,19,Mercedes,GLC,Van,fire,roof,moderate,phone,comprehensive,False,False,False,19,55105,23,1,15,2003,,,,,,False,,,sent_to_garage,0.7264,0,0,0.153,0,0.4535,0
CLM001047,POL001117,2022-07-30,2022-07-28,2021-04-19,2022-04-19,2,Volkswagen,Tiguan,Hatchback,fire,rear,moderate,phone,comprehensive,True,True,False,13,172133,54,2,6,2009,33610.51,1.07,3361.05,1926.0,0.573,False,,,sent_to_garage,0.3588,0,0,0.0601,0,0.1267,0
CLM001050,POL001393,2024-01-24,2024-01-05,2017-10-10,2018-10-10,19,Ford,Fiesta,Van,theft_damage,front,moderate,app,comprehensive,False,False,True,8,84937,63,0,6,2016,12334.06,0.736,4440.26,1472.0,0.3315,False,,,sent_to_garage,0.1566,0,0,0.0481,0,0.1297,0
CLM001053,POL001554,2022-07-08,2022-06-29,2015-08-18,2016-08-17,9,Honda,CR-V,SUV,flood,side,moderate,online,third_party,False,False,False,0,101743,36,1,12,2022,28783.92,0.902,28783.92,1353.0,0.047,True,,,sent_to_garage,0.1765,0,1,0.4751,0,0.2846,0
CLM001054,POL000783,2024-08-28,2024-08-15,2022-09-11,2023-09-11,13,Hyundai,i30,Van,vandalism,rear,minor,app,comprehensive,False,False,True,6,61322,42,2,10,2018,20280.88,0.805,10546.06,362.25,0.0343,False,,,sent_to_garage,0.1839,0,1,0.6831,0,0.4573,0
CLM001055,POL001601,2024-02-02,2024-02-01,2014-04-07,2015-04-07,1,Honda,HR-V,SUV,theft_damage,multiple,moderate,broker,comprehensive,False,False,True,14,92675,40,3,7,2010,24287.95,0.905,2428.8,3167.5,1.3041,False,,,sent_to_garage,0.9975,0,1,0.9975,1,0.9988,1
CLM001059,POL003061,2022-03-27,2022-03-14,2013-04-15,2014-04-15,13,Mercedes,C-Class,SUV,collision,side,moderate,broker,comprehensive,True,False,True,1,168923,36,2,18,2021,40536.94,1.892,37293.98,2838.0,0.0761,True,,,sent_to_garage,0.252,0,0,0.0346,0,0.184,0
CLM001062,POL003445,2022-04-05,2022-03-07,2018-01-17,2019-01-17,29,Toyota,Camry,Motorbike,fire,rear,moderate,phone,third_party_fire_theft,False,False,True,4,46403,45,0,3,2018,31056.05,0.88,21118.11,1584.0,0.075,True,,,sent_to_garage,0.0829,0,1,0.6828,0,0.2604,0
CLM001063,POL001441,2024-06-24,2024-06-21,2015-04-04,2016-04-03,3,Audi,A3,Estate,theft_damage,rear,minor,phone,comprehensive,False,True,True,9,27339,54,0,11,2015,30630.74,1.787,8576.61,804.15,0.0938,False,,,sent_to_garage,0.1188,0,0,0.1186,0,0.1664,0
CLM001065,POL001810,2023-06-06,2023-06-03,2014-05-31,2015-05-31,3,Toyota,Corolla,SUV,vandalism,side,moderate,direct,comprehensive,False,False,True,14,2146,29,1,4,2009,21162.28,0.831,2116.23,1246.5,0.589,False,,,sent_to_garage,0.1169,0,0,0.0754,0,0.1794,0
CLM001068,POL003871,2022-06-15,2022-05-17,2015-05-16,2016-05-15,29,Mercedes,E-Class,Estate,vandalism,rear,severe,app,third_party_fire_theft,False,True,True,14,39820,51,1,11,2008,53740.48,1.959,5374.05,8815.5,1.6404,False,,,scrapped_by_model,0.9988,1,1,0.9947,1,0.9995,1
CLM001071,POL004942,2024-09-03,2024-08-19,2021-12-13,2022-12-13,15,BMW,5 Series,Motorbike,fire,front,minor,phone,comprehensive,False,False,False,16,108101,71,2,8,2008,45162.31,1.902,4516.23,951.0,0.2106,False,,,sent_to_garage,0.3418,0,1,0.8329,0,0.8063,0
CLM001074,POL005381,2022-03-17,2022-03-01,2017-03-04,2018-03-04,16,Audi,A4,Van,vandalism,rear,minor,app,comprehensive,False,True,False,15,152678,66,0,17,2007,36552.02,1.845,3655.2,830.25,0.2271,False,,,sent_to_garage,0.4643,0,1,0.732,0,0.3812,0
CLM001076,POL001820,2022-12-24,2022-12-23,2017-02-05,2018-02-05,1,Volkswagen,Polo,Hatchback,fire,front,severe,broker,third_party,True,True,False,20,58537,25,1,10,2002,,,,,,False,,,sent_to_garage,0.9947,0,1,0.9079,0,0.9511,0
CLM001080,POL001887,2024-08-11,2024-07-14,2012-05-08,2013-05-08,28,Nissan,Leaf,Estate,theft_damage,rear,severe,app,third_party_fire_theft,True,True,True,3,176922,33,1,5,2021,29938.25,1.022,22753.07,4599.0,0.2021,True,,,sent_to_garage,0.4288,0,1,0.8793,0,0.5182,0
CLM001082,POL005154,2024-04-29,2024-04-18,2012-09-02,2013-09-02,11,Toyota,RAV4,Van,fire,rear,minor,broker,third_party,False,True,False,14,67848,50,0,1,2010,31404.46,0.913,3140.45,410.85,0.1308,False,,,sent_to_garage,0.1452,0,0,0.0395,0,0.1106,0
CLM001085,POL006276,2023-04-29,2023-04-10,2015-04-15,2016-04-14,19,Nissan,Leaf,Sedan,flood,front,severe,broker,third_party,True,False,False,13,25336,32,0,20,2010,29789.87,0.996,2978.99,4980.0,1.6717,False,,,scrapped_by_model,0.9995,1,1,0.9989,1,0.9994,1
CLM001087,POL004318,2024-05-07,2024-04-25,2021-01-05,2022-01-05,12,Mercedes,GLC,Van,collision,rear,minor,app,comprehensive,False,True,False,19,170760,17,2,3,2005,50067.29,1.963,5006.73,883.35,0.1764,False,,,sent_to_garage,0.17,0,0,0.0611,0,0.1853,0
CLM001088,POL004307,2022-12-15,2022-11-29,2020-08-30,2021-08-30,16,BMW,5 Series,Estate,collision,multiple,minor,direct,comprehensive,False,False,False,5,170380,70,2,17,2017,46873.57,1.898,28124.14,1518.4,0.054,True,,,sent_to_garage,0.4321,0,0,0.0375,0,0.2611,0
CLM001089,POL002714,2022-02-02,2022-01-07,2017-07-03,2018-07-03,26,Vauxhall,Mokka,Estate,fire,multiple,moderate,online,third_party_fire_theft,False,False,True,18,159627,44,2,15,2004,20927.43,0.814,2092.74,2849.0,1.3614,False,,,scrapped_by_model,0.9995,1,1,0.9991,1,0.9998,1
CLM001091,POL001357,2023-05-12,2023-04-19,2021-08-31,2022-08-31,23,Honda,CR-V,SUV,theft_damage,multiple,moderate,app,third_party,False,True,True,9,152750,25,0,14,2014,29576.02,0.915,8281.29,3202.5,0.3867,False,,,sent_to_garage,0.5076,0,0,0.0463,0,0.2726,0
CLM001092,POL003642,2023-08-02,2023-07-27,2017-09-24,2018-09-24,6,Honda,HR-V,Hatchback,fire,multiple,severe,direct,third_party,False,False,True,18,61563,32,1,9,2005,23752.67,0.884,2375.27,7072.0,2.0,False,,,scrapped_by_model,0.9999,1,1,0.9997,1,0.9999,1
CLM001101,POL000043,2022-02-03,2022-01-10,2021-12-28,2022-12-28,24,Volkswagen,Golf,Estate,fire,front,moderate,online,third_party,False,True,False,15,163753,33,1,16,2007,25438.26,1.013,2543.83,2026.0,0.7964,False,,,sent_to_garage,0.7584,0,1,0.8808,0,0.9602,0
CLM001102,POL001899,2024-04-27,2024-04-06,2013-03-10,2014-03-10,21,Ford,Mondeo,Hatchback,vandalism,roof,minor,app,third_party_fire_theft,True,True,False,6,92374,55,2,16,2018,21573.1,0.854,11218.01,512.4,0.0457,False,,,sent_to_garage,0.0384,0,0,0.1178,0,0.0774,0
CLM001106,POL004373,2024-05-08,2024-04-20,2018-04-30,2019-04-30,18,Honda,CR-V,Motorbike,vandalism,side,minor,online,third_party,False,False,True,14,22928,49,1,5,2010,29692.58,0.925,2969.26,370.0,0.1246,False,,,sent_to_garage,0.0493,0,0,0.0253,0,0.1333,0
CLM001110,POL001088,2022-12-03,2022-11-12,2013-10-28,2014-10-28,21,Volkswagen,Tiguan,Motorbike,flood,side,minor,app,comprehensive,True,False,True,9,29065,36,1,2,2013,33640.6,1.092,9419.37,436.8,0.0464,False,,,sent_to_garage,0.0186,0,0,0.0072,0,0.0188,0
CLM001112,POL002388,2024-04-10,2024-03-24,2019-11-01,2020-10-31,17,Audi,Q3,SUV,collision,front,minor,broker,comprehensive,False,False,True,18,21016,51,2,3,2006,34242.32,1.768,3424.23,884.0,0.2582,False,,,sent_to_garage,0.3265,0,0,0.1158,0,0.2511,0
CLM001117,POL000780,2024-04-07,2024-04-01,2020-01-14,2021-01-13,6,Audi,Q3,Hatchback,theft_damage,side,minor,online,comprehensive,True,True,True,12,98025,54,0,8,2012,34648.87,1.769,3464.89,707.6,0.2042,False,,,sent_to_garage,0.1988,0,0,0.1475,0,0.222,0
CLM001118,POL004466,2023-03-29,2023-03-28,2019-06-15,2020-06-14,1,BMW,3 Series,Estate,flood,side,minor,app,third_party,False,False,True,12,178931,36,1,1,2011,34246.52,1.763,3424.65,705.2,0.2059,False,,,sent_to_garage,0.1294,0,0,0.0196,0,0.1694,0
CLM001120,POL004997,2023-08-02,2023-07-04,2015-10-30,2016-10-29,29,Ford,Fiesta,Motorbike,vandalism,roof,minor,direct,third_party_fire_theft,False,False,True,5,114987,57,2,19,2018,11585.15,0.758,6951.09,454.8,0.0654,False,,,sent_to_garage,0.054,0,0,0.0165,0,0.1521,0
CLM001123,POL004702,2024-07-07,2024-06-26,2014-07-23,2015-07-23,11,Honda,Jazz,Motorbike,flood,rear,minor,broker,comprehensive,True,False,False,8,23155,42,1,16,2016,15898.11,0.864,5723.32,388.8,0.0679,False,,,sent_to_garage,0.2104,0,0,0.0462,0,0.0503,0
CLM001126,POL003119,2023-04-14,2023-03-27,2018-02-01,2019-02-01,18,Volkswagen,Passat,Van,collision,rear,minor,direct,comprehensive,False,True,False,7,167010,26,1,12,2016,30726.95,1.056,13519.86,475.2,0.0351,False,,,sent_to_garage,0.0462,0,0,0.1963,0,0.0816,0
CLM001127,POL002828,2022-06-10,2022-05-28,2012-03-21,2013-03-21,13,Toyota,Camry,Motorbike,collision,roof,moderate,online,third_party_fire_theft,False,True,True,16,143511,31,1,19,2006,29907.98,0.862,2990.8,2155.0,0.7205,False,,,sent_to_garage,0.1667,0,1,0.9146,0,0.496,0
CLM001129,POL003686,2022-02-04,2022-01-20,2017-05-02,2018-05-02,15,Ford,Transit,Sedan,flood,side,severe,app,third_party,False,True,False,1,6101,38,2,10,2021,30002.22,0.93,27602.04,3720.0,0.1348,True,,,sent_to_garage,0.0242,0,1,0.8266,0,0.7022,0
CLM001133,POL000538,2023-07-21,2023-07-06,2022-12-11,2023-12-11,15,Ford,Focus,Motorbike,vandalism,multiple,severe,broker,comprehensive,False,True,True,1,141169,45,0,15,2022,18102.66,0.814,16654.45,6512.0,0.391,False,,,sent_to_garage,0.8217,0,1,0.955,0,0.8245,0
CLM001135,POL006244,2022-07-02,2022-06-08,2013-12-10,2014-12-10,24,Vauxhall,Mokka,Sedan,vandalism,front,minor,direct,comprehensive,True,True,False,20,55006,85,0,18,2002,,,,,,False,,,sent_to_garage,0.1404,0,0,0.1757,0,0.0689,0
CLM001136,POL001798,2023-06-25,2023-06-09,2018-09-01,2019-09-01,16,Toyota,Camry,Van,theft_damage,multiple,severe,app,third_party,True,True,False,11,66698,50,0,14,2012,31030.77,0.887,3723.69,7096.0,1.9056,False,,,scrapped_by_model,0.9999,1,1,0.9999,1,0.9998,1
CLM001137,POL002605,2024-06-06,2024-05-15,2019-08-30,2020-08-29,22,Nissan,Juke,Motorbike,vandalism,roof,moderate,direct,third_party_fire_theft,False,True,False,0,88934,57,1,13,2024,19605.93,0.843,19605.93,2107.5,0.1075,True,,,sent_to_garage,0.0539,0,0,0.0431,0,0.1338,0
CLM001140,POL003797,2024-05-29,2024-05-29,2023-09-03,2024-09-02,0,Toyota,Corolla,Motorbike,flood,roof,severe,app,comprehensive,False,True,False,9,153564,56,2,6,2015,20979.33,0.846,5874.21,5076.0,0.8641,False,,,sent_to_garage,0.9849,0,0,0.1029,0,0.1708,0
CLM001150,POL005043,2023-05-12,2023-04-27,2016-01-27,2017-01-26,15,Volkswagen,Golf,Van,fire,rear,moderate,phone,comprehensive,False,False,True,1,88944,45,0,12,2022,25768.58,1.03,23707.09,1854.0,0.0782,True,,,sent_to_garage,0.2529,0,0,0.0873,0,0.1642,0
CLM001152,POL004964,2022-02-04,2022-01-26,2012-04-09,2013-04-09,9,BMW,X3,Sedan,theft_damage,side,moderate,direct,comprehensive,False,False,True,18,9978,40,1,20,2004,46056.46,1.875,4605.65,2812.5,0.6107,False,,,sent_to_garage,0.696,0,0,0.0963,0,0.0596,0
CLM001154,POL000867,2022-12-18,2022-11-18,2015-04-29,2016-04-28,30,Mercedes,E-Class,Sedan,flood,rear,moderate,direct,third_party,True,True,False,19,15302,29,0,14,2003,,,,,,False,,,sent_to_garage,0.3257,0,0,0.0604,0,0.1161,0
CLM001159,POL002464,2022-08-24,2022-08-16,2020-03-01,2021-03-01,8,Nissan,Leaf,Sedan,flood,roof,minor,phone,third_party_fire_theft,False,False,True,3,32979,77,0,4,2019,29614.63,0.981,22507.12,588.6,0.0262,True,,,sent_to_garage,0.0954,0,0,0.0682,0,0.0972,0
CLM001162,POL003684,2022-12-27,2022-12-25,2013-06-18,2014-06-18,2,Honda,HR-V,Hatchback,vandalism,rear,minor,phone,comprehensive,False,False,False,1,88814,31,1,10,2021,24038.32,0.906,22115.25,407.7,0.0184,True,,,sent_to_garage,0.029,0,0,0.0537,0,0.178,0
CLM001163,POL004648,2023-11-10,2023-11-05,2020-07-01,2021-07-01,5,Ford,Kuga,Hatchback,collision,side,severe,phone,third_party_fire_theft,False,False,True,18,179783,58,1,7,2005,26889.53,0.905,2688.95,3620.0,1.3463,False,,,scrapped_by_model,0.9999,1,1,0.9985,1,0.9999,1
CLM001167,POL004648,2022-12-06,2022-12-01,2019-11-20,2020-11-19,5,Audi,Q5,Sedan,flood,rear,minor,broker,comprehensive,False,True,False,20,56557,17,0,10,2002,,,,,,False,,,sent_to_garage,0.0712,0,1,0.6951,0,0.2664,0
CLM001172,POL004167,2022-02-25,2022-02-06,2013-08-08,2014-08-08,19,Hyundai,i10,Motorbike,vandalism,side,moderate,online,third_party_fire_theft,False,True,False,12,7500,74,1,15,2010,11719.24,0.74,1171.92,1110.0,0.9472,False,,,sent_to_garage,0.9982,0,0,0.0674,0,0.2157,0
CLM001176,POL004237,2024-09-30,2024-09-22,2019-07-21,2020-07-20,8,Nissan,Juke,Van,collision,rear,minor,app,comprehensive,False,True,True,14,155533,27,1,0,2010,20416.32,0.833,2041.63,374.85,0.1836,False,,,sent_to_garage,0.2805,0,0,0.0542,0,0.2042,0
CLM001179,POL001238,2024-08-17,2024-07-28,2020-11-29,2021-11-29,20,Vauxhall,Corsa,SUV,flood,front,severe,online,comprehensive,True,True,True,16,150333,51,0,0,2008,13544.47,0.679,1354.45,3395.0,2.0,False,,,scrapped_by_model,0.9998,1,1,0.9995,1,1.0,1
CLM001184,POL000996,2023-04-09,2023-04-09,2016-02-11,2017-02-10,0,Audi,A4,SUV,vandalism,rear,severe,direct,third_party_fire_theft,True,True,False,5,36911,62,1,14,2018,39610.38,1.793,23766.23,8068.5,0.3395,True,,,sent_to_garage,0.0956,0,0,0.0543,0,0.1136,0
CLM001187,POL002251,2024-11-18,2024-11-09,2016-05-21,2017-05-21,9,Nissan,Leaf,Hatchback,fire,rear,minor,broker,third_party,False,True,True,5,14870,53,1,20,2019,29614.63,0.981,17768.78,441.45,0.0248,True,,,sent_to_garage,0.1718,0,0,0.0234,0,0.0455,0
CLM001190,POL003691,2023-03-21,2023-03-02,2016-11-15,2017-11-15,19,BMW,X3,Hatchback,flood,roof,minor,broker,third_party_fire_theft,False,True,False,9,125740,17,2,6,2014,49266.83,1.883,13794.71,1129.8,0.0819,False,,,sent_to_garage,0.1491,0,0,0.0052,0,0.0561,0
CLM001193,POL004942,2023-09-10,2023-08-17,2017-10-16,2018-10-16,24,Nissan,Leaf,Van,fire,rear,severe,online,third_party_fire_theft,True,False,True,1,41351,49,1,17,2022,30426.76,1.011,27992.62,4549.5,0.1625,True,,,sent_to_garage,0.8409,0,1,0.9175,0,0.6554,0
CLM001200,POL004149,2024-01-30,2024-01-10,2018-08-17,2019-08-17,20,Nissan,Leaf,Van,theft_damage,multiple,minor,online,comprehensive,False,False,True,4,27111,39,1,10,2020,29086.49,0.995,19778.81,796.0,0.0402,True,,,sent_to_garage,0.163,0,1,0.7862,0,0.5193,0
CLM001202,POL003111,2022-07-30,2022-07-22,2018-09-27,2019-09-27,8,Nissan,Micra,Estate,vandalism,front,moderate,phone,comprehensive,True,True,True,8,54029,23,1,12,2014,12428.43,0.795,4474.23,1590.0,0.3554,False,,,sent_to_garage,0.058,0,0,0.0153,0,0.0667,0
CLM001204,POL004013,2022-11-04,2022-10-29,2022-02-09,2023-02-09,6,Ford,Kuga,SUV,collision,multiple,moderate,direct,third_party,False,True,False,6,100537,33,2,20,2016,28913.62,0.921,15035.08,3223.5,0.2144,False,,,sent_to_garage,0.3302,0,0,0.0467,0,0.1176,0
CLM001206,POL000280,2023-11-14,2023-10-24,2012-01-04,2013-01-03,21,Mercedes,GLC,Van,fire,front,minor,broker,comprehensive,False,True,True,15,1439,63,1,3,2008,46649.78,1.952,4664.98,976.0,0.2092,False,,,sent_to_garage,0.8978,0,1,0.7375,0,0.7718,0
CLM001208,POL002746,2023-02-14,2023-02-14,2022-01-07,2023-01-07,0,Mercedes,A-Class,SUV,collision,rear,minor,online,comprehensive,False,False,True,12,16482,60,0,9,2011,30188.0,1.749,3018.8,787.05,0.2607,False,,,sent_to_garage,0.0512,0,0,0.0209,0,0.0854,0
CLM001209,POL001470,2023-06-25,2023-06-07,2022-05-31,2023-05-31,18,Volkswagen,Golf,Sedan,theft_damage,front,moderate,app,third_party_fire_theft,True,True,False,4,75980,45,1,11,2019,24437.06,1.023,16617.2,2046.0,0.1231,False,,,sent_to_garage,0.1762,0,0,0.0795,0,0.0661,0
CLM001211,POL004280,2022-01-01,2021-12-06,2014-09-15,2015-09-15,26,Toyota,RAV4,Estate,flood,roof,moderate,phone,comprehensive,True,False,True,16,193872,34,0,17,2006,31981.25,0.879,3198.12,2197.5,0.6871,False,,,sent_to_garage,0.1133,0,0,0.1076,0,0.1097,0
CLM001215,POL001529,2024-08-03,2024-07-08,2024-05-27,2025-05-27,26,Mercedes,A-Class,Van,collision,roof,moderate,app,comprehensive,True,True,True,0,122027,38,2,10,2024,29945.29,1.807,29945.29,4517.5,0.1509,True,,,sent_to_garage,0.5242,0,0,0.082,0,0.1323,0
CLM001216,POL002948,2024-05-28,2024-05-12,2015-03-28,2016-03-27,16,Hyundai,i30,SUV,fire,front,moderate,phone,comprehensive,False,True,False,4,80838,42,0,0,2020,19699.13,0.824,13395.41,1648.0,0.123,False,,,sent_to_garage,0.0288,0,0,0.0166,0,0.0276,0
CLM001217,POL001778,2023-01-18,2022-12-20,2021-06-04,2022-06-04,29,Audi,A4,Sedan,fire,side,minor,app,comprehensive,False,True,False,12,111199,23,2,16,2011,39856.69,1.834,3985.67,733.6,0.1841,False,,,sent_to_garage,0.1028,0,0,0.0731,0,0.1354,0
CLM001218,POL003186,2024-07-16,2024-07-10,2012-10-29,2013-10-29,6,Hyundai,i20,Sedan,vandalism,roof,minor,direct,third_party_fire_theft,False,True,True,16,125871,34,2,0,2008,16132.23,0.775,1613.22,465.0,0.2882,False,,,sent_to_garage,0.1687,0,1,0.8753,0,0.666,0
CLM001219,POL003821,2024-10-12,2024-10-04,2022-09-23,2023-09-23,8,Toyota,RAV4,Motorbike,flood,front,severe,phone,comprehensive,True,True,True,10,57235,35,1,11,2014,30782.95,0.893,6156.59,4465.0,0.7252,False,,,sent_to_garage,0.4843,0,0,0.1519,0,0.4295,0
CLM001220,POL000374,2022-11-28,2022-11-11,2022-04-23,2023-04-23,17,Vauxhall,Corsa,Van,flood,side,moderate,phone,comprehensive,False,False,False,6,9634,21,2,18,2016,12680.54,0.718,6593.88,1077.0,0.1633,False,,,sent_to_garage,0.0856,0,0,0.0294,0,0.0888,0
CLM001223,POL005052,2023-05-04,2023-04-14,2016-08-30,2017-08-30,20,Mercedes,E-Class,Motorbike,theft_damage,front,moderate,online,third_party,False,True,True,12,63843,17,1,2,2011,51714.08,1.948,5171.41,3896.0,0.7534,False,,,sent_to_garage,0.2031,0,0,0.017,0,0.159,0
CLM001226,POL005028,2023-12-01,2023-11-16,2015-06-19,2016-06-18,15,Nissan,Leaf,Hatchback,vandalism,rear,minor,broker,third_party_fire_theft,False,True,True,20,112668,22,0,1,2003,,,,,,False,,,sent_to_garage,0.1184,0,0,0.1458,0,0.1556,0
CLM001236,POL000560,2022-02-04,2022-01-29,2021-06-13,2022-06-13,6,Hyundai,i10,Sedan,collision,side,minor,online,comprehensive,False,False,False,16,127514,17,4,13,2006,11961.88,0.737,1196.19,294.8,0.2464,False,,,sent_to_garage,0.254,0,1,0.954,0,0.87,0
CLM001238,POL002388,2024-08-20,2024-08-14,2023-01-26,2024-01-26,6,Honda,CR-V,Sedan,theft_damage,roof,moderate,broker,comprehensive,False,False,True,15,51079,25,0,8,2009,31412.65,0.913,3141.27,2282.5,0.7266,False,,,sent_to_garage,0.0763,0,0,0.0742,0,0.1538,0
CLM001240,POL000761,2022-12-31,2022-12-22,2017-06-11,2018-06-11,9,Toyota,Yaris,Hatchback,flood,side,severe,app,third_party_fire_theft,True,False,False,16,62979,45,1,14,2006,15158.89,0.814,1515.89,3256.0,2.0,False,,,scrapped_by_model,1.0,1,1,0.9998,1,0.9997,1
CLM001241,POL004858,2024-03-09,2024-02-28,2021-09-08,2022-09-08,10,BMW,X3,Estate,vandalism,front,moderate,direct,third_party_fire_theft,True,False,True,15,74474,35,1,14,2009,50140.93,1.823,5014.09,3646.0,0.7272,False,,,sent_to_garage,0.084,0,0,0.0116,0,0.0739,0
CLM001243,POL002038,2022-04-17,2022-04-11,2014-05-20,2015-05-20,6,Vauxhall,Insignia,Estate,collision,roof,moderate,phone,third_party,True,False,False,13,101132,62,1,11,2009,24358.99,0.83,2435.9,2075.0,0.8518,False,,,sent_to_garage,0.2032,0,1,0.9456,0,0.9113,0
CLM001246,POL001496,2024-03-02,2024-02-22,2019-06-13,2020-06-12,9,Toyota,Corolla,Van,fire,roof,moderate,app,comprehensive,True,True,False,2,64027,38,1,8,2022,21693.45,0.851,18222.5,2127.5,0.1168,True,,,sent_to_garage,0.0616,0,1,0.7537,0,0.244,0
CLM001249,POL005017,2024-11-17,2024-11-09,2020-10-17,2021-10-17,8,Vauxhall,Mokka,Estate,theft_damage,rear,severe,phone,third_party_fire_theft,True,False,True,17,52173,45,1,16,2007,21769.02,0.809,2176.9,3640.5,1.6723,False,,,scrapped_by_model,1.0,1,1,0.9992,1,0.9999,1
CLM001252,POL000607,2022-02-22,2022-02-05,2012-04-09,2013-04-09,17,Ford,Mondeo,Van,flood,rear,moderate,app,third_party_fire_theft,False,True,False,3,172895,45,2,11,2019,21288.9,0.868,16179.56,1562.4,0.0966,False,,,sent_to_garage,0.0654,0,0,0.015,0,0.0851,0
CLM001253,POL000652,2022-03-27,2022-03-07,2022-01-16,2023-01-16,20,BMW,X5,Hatchback,collision,front,severe,broker,comprehensive,True,False,True,15,23191,17,0,14,2007,64196.34,2.058,6419.63,10290.0,1.6029,False,,,scrapped_by_model,0.9988,1,1,0.9994,1,0.9996,1
CLM001255,POL000689,2022-07-23,2022-06-29,2022-04-23,2023-04-23,24,BMW,X3,Motorbike,flood,roof,minor,phone,comprehensive,True,False,False,1,113941,45,0,14,2021,49260.15,1.825,45319.34,1095.0,0.0242,True,,,sent_to_garage,0.3465,0,0,0.071,0,0.13,0
CLM001258,POL004630,2023-09-11,2023-08-20,2020-09-22,2021-09-22,22,Ford,Focus,Van,fire,rear,severe,phone,comprehensive,False,True,True,8,68666,47,1,18,2015,18242.49,0.803,6567.3,3613.5,0.5502,False,,,sent_to_garage,0.5125,0,0,0.1237,0,0.3558,0
CLM001263,POL001830,2024-08-25,2024-08-08,2020-06-21,2021-06-21,17,Honda,HR-V,Van,collision,rear,severe,online,third_party_fire_theft,True,False,True,10,194185,84,1,4,2014,24190.35,0.88,4838.07,3960.0,0.8185,False,,,sent_to_garage,0.8544,0,1,0.9757,0,0.97,0
CLM001265,POL003258,2023-01-29,2023-01-19,2016-01-03,2017-01-02,10,Honda,CR-V,Estate,vandalism,rear,moderate,app,third_party_fire_theft,True,True,False,6,136921,51,2,14,2017,29674.48,0.911,15430.73,1639.8,0.1063,False,,,sent_to_garage,0.1859,0,0,0.0149,0,0.0759,0
CLM001266,POL004553,2024-11-27,2024-11-23,2016-02-26,2017-02-25,4,Volkswagen,Passat,Sedan,fire,roof,minor,app,comprehensive,False,False,True,13,31760,53,0,4,2011,29761.15,1.079,2976.12,647.4,0.2175,False,,,sent_to_garage,0.3587,0,0,0.1026,0,0.1035,0
CLM001273,POL002245,2022-01-17,2022-01-10,2013-05-28,2014-05-28,7,BMW,X5,Sedan,vandalism,front,moderate,broker,comprehensive,False,True,True,17,112196,54,0,17,2005,65344.45,2.052,6534.44,4104.0,0.6281,False,,,sent_to_garage,0.0521,0,0,0.1102,0,0.1103,0
CLM001274,POL003302,2024-09-20,2024-08-29,2014-03-24,2015-03-24,22,Audi,A6,SUV,fire,roof,severe,direct,third_party_fire_theft,False,False,True,4,193278,54,0,12,2020,46040.27,1.919,31307.38,11514.0,0.3678,True,,,sent_to_garage,0.4293,0,1,0.933,0,0.8904,0
CLM001276,POL001814,2024-01-13,2024-01-06,2013-04-07,2014-04-07,7,Vauxhall,Corsa,Hatchback,flood,side,moderate,phone,comprehensive,True,True,True,17,44930,75,1,18,2007,12411.59,0.685,1241.16,1027.5,0.8279,False,,,sent_to_garage,0.6442,0,1,0.9139,0,0.964,0
CLM001277,POL001091,2023-08-04,2023-08-04,2021-07-15,2022-07-15,0,Volkswagen,Passat,Hatchback,collision,front,severe,online,comprehensive,False,False,True,14,180717,57,0,14,2009,28553.01,1.047,2855.3,5235.0,1.8334,False,,,scrapped_by_model,0.9998,1,1,0.9979,1,0.999,1
CLM001279,POL004891,2024-02-10,2024-02-06,2021-10-28,2022-10-28,4,Nissan,Juke,Hatchback,theft_damage,front,moderate,online,third_party,True,True,True,9,179106,31,2,3,2015,19139.86,0.849,5359.16,1698.0,0.3168,False,,,sent_to_garage,0.0788,0,0,0.0526,0,0.1331,0
CLM001281,POL002026,2022-06-24,2022-06-20,2013-03-23,2014-03-23,4,Honda,Jazz,Sedan,vandalism,roof,moderate,direct,comprehensive,False,False,True,2,196322,35,1,7,2020,16517.0,0.852,13874.28,2130.0,0.1535,False,,,sent_to_garage,0.1064,0,0,0.0945,0,0.4518,0
CLM001282,POL002308,2022-04-13,2022-04-12,2020-09-06,2021-09-06,1,Audi,Q5,Motorbike,theft_damage,multiple,moderate,direct,comprehensive,False,True,True,2,78964,45,1,7,2020,44655.73,1.856,37510.81,6496.0,0.1732,True,,,sent_to_garage,0.2078,0,0,0.1027,0,0.1664,0
CLM001284,POL003576,2023-07-02,2023-06-20,2023-06-28,2024-06-27,12,Honda,Jazz,Motorbike,collision,roof,minor,app,comprehensive,True,False,False,4,84457,22,1,10,2019,15434.98,0.868,10495.79,520.8,0.0496,False,,,sent_to_garage,0.522,0,0,0.0122,0,0.1257,0
CLM001285,POL005234,2023-11-20,2023-11-08,2012-03-01,2013-03-01,12,Vauxhall,Astra,Motorbike,flood,front,moderate,online,comprehensive,False,False,False,9,70697,46,1,7,2014,18219.23,0.74,5101.38,1480.0,0.2901,False,,,sent_to_garage,0.1111,0,0,0.0239,0,0.0866,0
CLM001286,POL005315,2023-01-27,2023-01-17,2018-11-23,2019-11-23,10,BMW,X5,Motorbike,flood,side,severe,app,third_party,False,False,False,0,83928,60,2,0,2023,62679.64,2.033,62679.64,8132.0,0.1297,True,,,sent_to_garage,0.1974,0,0,0.0751,0,0.0367,0
CLM001288,POL001860,2024-10-16,2024-10-16,2018-10-28,2019-10-28,0,Audi,Q3,SUV,theft_damage,front,minor,online,third_party,False,True,False,5,191018,17,2,9,2019,34104.72,1.793,20462.83,896.5,0.0438,True,,,sent_to_garage,0.1002,0,0,0.0221,0,0.0937,0
CLM001293,POL003131,2024-02-21,2024-01-28,2015-06-11,2016-06-10,24,BMW,5 Series,SUV,collision,rear,moderate,direct,comprehensive,False,False,True,2,139447,18,0,17,2022,46057.02,1.866,38687.9,3358.8,0.0868,True,,,sent_to_garage,0.2532,0,0,0.0549,0,0.1582,0
CLM001296,POL002138,2023-05-07,2023-04-13,2020-08-08,2021-08-08,24,Volkswagen,Passat,Hatchback,vandalism,multiple,severe,broker,comprehensive,True,True,True,18,192520,54,0,14,2005,30285.64,1.043,3028.56,8344.0,2.0,False,,,scrapped_by_model,1.0,1,1,1.0,1,0.9997,1
CLM001302,POL003178,2022-07-10,2022-06-21,2014-02-16,2015-02-16,19,Mercedes,E-Class,Motorbike,flood,roof,moderate,online,comprehensive,True,True,False,4,19938,29,1,7,2018,50060.06,2.035,34040.84,5087.5,0.1495,True,,,sent_to_garage,0.1211,0,0,0.0047,0,0.1189,0
CLM001306,POL005238,2023-05-08,2023-04-12,2022-09-06,2023-09-06,26,Toyota,RAV4,Hatchback,fire,side,severe,app,third_party_fire_theft,False,True,True,8,63636,36,3,3,2015,33466.97,0.927,12048.11,3708.0,0.3078,False,,,sent_to_garage,0.4803,0,1,0.8319,0,0.833,0
CLM001311,POL002217,2023-10-14,2023-10-04,2013-09-17,2014-09-17,10,Vauxhall,Mokka,Motorbike,collision,front,moderate,direct,comprehensive,True,False,True,12,98233,44,0,10,2011,21366.72,0.799,2136.67,1598.0,0.7479,False,,,sent_to_garage,0.1138,0,0,0.1055,0,0.098,0
CLM001313,POL003270,2023-10-13,2023-09-27,2023-07-09,2024-07-08,16,Hyundai,Tucson,Van,collision,roof,minor,broker,comprehensive,False,False,False,14,158927,49,0,14,2009,28387.71,0.881,2838.77,528.6,0.1862,False,,,sent_to_garage,0.2606,0,0,0.1587,0,0.2807,0
CLM001314,POL000027,2022-04-12,2022-04-06,2020-01-07,2021-01-06,6,Ford,Transit,SUV,fire,roof,minor,broker,comprehensive,False,False,True,7,13677,38,1,7,2015,31310.44,0.935,13776.59,561.0,0.0407,False,,,sent_to_garage,0.2764,0,0,0.0068,0,0.0211,0
CLM001316,POL003843,2022-10-31,2022-10-07,2015-07-04,2016-07-03,24,Vauxhall,Corsa,Sedan,theft_damage,roof,severe,phone,third_party,False,False,False,17,91951,62,1,8,2005,12413.14,0.698,1241.31,4188.0,2.0,False,,,scrapped_by_model,0.9998,1,1,0.9996,1,0.9996,1
CLM001317,POL003178,2022-06-26,2022-05-30,2021-08-16,2022-08-16,27,Mercedes,E-Class,Van,fire,side,severe,online,comprehensive,True,True,False,15,154135,17,1,18,2007,50011.02,1.947,5001.1,7788.0,1.5573,False,,,scrapped_by_model,0.9999,1,1,0.9967,1,0.9971,1
CLM001324,POL004442,2022-04-25,2022-04-07,2015-05-11,2016-05-10,18,Mercedes,A-Class,Motorbike,collision,side,moderate,online,third_party,False,True,True,0,38985,53,2,20,2022,31134.44,1.786,31134.44,2679.0,0.086,True,,,sent_to_garage,0.0623,0,1,0.6582,0,0.4195,0
CLM001326,POL004963,2024-12-05,2024-11-07,2017-11-17,2018-11-17,28,Honda,CR-V,Van,fire,front,moderate,online,comprehensive,False,False,True,3,93167,26,1,2,2021,29537.19,0.913,22448.26,1826.0,0.0813,True,,,sent_to_garage,0.0738,0,0,0.126,0,0.1674,0
CLM001328,POL003191,2023-01-01,2022-12-13,2014-09-02,2015-09-02,19,Nissan,Qashqai,Van,flood,roof,moderate,online,third_party,True,False,True,3,42310,51,2,17,2020,27564.99,0.903,20949.39,2257.5,0.1078,True,,,sent_to_garage,0.0985,0,0,0.0697,0,0.0796,0
CLM001331,POL004376,2024-07-23,2024-07-11,2023-06-07,2024-06-06,12,Volkswagen,Polo,Sedan,flood,rear,moderate,online,comprehensive,False,False,True,10,191814,40,0,2,2014,16371.86,0.897,3274.37,1614.6,0.4931,False,,,sent_to_garage,0.0161,0,0,0.0757,0,0.0383,0
CLM001335,POL005967,2023-12-07,2023-11-20,2022-12-16,2023-12-16,17,BMW,X5,Estate,theft_damage,rear,minor,phone,comprehensive,False,True,False,15,188254,51,3,6,2008,66415.44,2.054,6641.54,924.3,0.1392,False,,,sent_to_garage,0.2615,0,0,0.0741,0,0.1086,0
CLM001341,POL000571,2023-03-05,2023-02-27,2017-09-10,2018-09-10,6,Toyota,Yaris,Hatchback,flood,multiple,minor,app,third_party_fire_theft,True,False,True,2,67183,29,2,18,2021,14387.58,0.785,12085.57,628.0,0.052,False,,,sent_to_garage,0.2852,0,1,0.861,0,0.5215,0
CLM001343,POL002721,2022-02-01,2022-01-07,2014-06-09,2015-06-09,25,Ford,Transit,Hatchback,theft_damage,side,minor,phone,third_party_fire_theft,False,True,True,9,134512,42,2,3,2013,29620.97,0.927,8293.87,370.8,0.0447,False,,,sent_to_garage,0.0495,0,0,0.0124,0,0.0677,0
CLM001344,POL003187,2023-02-28,2023-02-27,2012-03-05,2013-03-05,1,Hyundai,i10,Hatchback,vandalism,side,moderate,online,comprehensive,False,True,True,20,133210,48,0,12,2003,,,,,,False,,,sent_to_garage,0.3531,0,0,0.2421,0,0.2336,0
CLM001345,POL006360,2023-11-27,2023-11-01,2019-03-05,2020-03-04,26,BMW,3 Series,Sedan,collision,rear,severe,broker,third_party,False,False,True,4,7456,38,0,6,2019,34078.61,1.773,23173.45,7978.5,0.3443,True,,,sent_to_garage,0.1727,0,0,0.0363,0,0.0743,0
CLM001348,POL002090,2022-10-24,2022-10-08,2012-02-12,2013-02-11,16,Hyundai,i10,Sedan,flood,roof,moderate,broker,comprehensive,False,False,True,14,160347,61,1,10,2008,11747.32,0.763,1174.73,1907.5,1.6238,False,,,scrapped_by_model,0.9987,1,1,0.9896,0,0.9983,1
CLM001350,POL000669,2024-07-15,2024-07-10,2018-08-30,2019-08-30,5,Toyota,Corolla,Motorbike,collision,rear,severe,phone,third_party,False,True,True,16,58499,49,0,20,2008,21788.88,0.849,2178.89,3820.5,1.7534,False,,,scrapped_by_model,1.0,1,1,0.9999,1,0.9996,1
CLM001356,POL000136,2022-10-01,2022-10-01,2018-12-03,2019-12-03,0,Honda,CR-V,Estate,theft_damage,rear,minor,direct,third_party,True,True,True,17,24024,50,1,1,2005,29471.81,0.945,2947.18,425.25,0.1443,False,,,sent_to_garage,0.1044,0,0,0.0396,0,0.0671,0
CLM001361,POL003774,2022-01-23,2022-01-12,2020-09-27,2021-09-27,11,Nissan,Qashqai,Hatchback,flood,multiple,moderate,phone,third_party_fire_theft,True,False,True,7,168617,63,2,4,2015,28820.41,0.919,12680.98,3216.5,0.2536,False,,,sent_to_garage,0.1185,0,0,0.0621,0,0.2209,0
CLM001364,POL000227,2023-06-24,2023-06-12,2020-08-08,2021-08-08,12,Ford,Focus,SUV,fire,roof,moderate,phone,comprehensive,True,True,True,15,82249,43,3,1,2008,17459.83,0.776,1745.98,1940.0,1.1111,False,,,scrapped_by_model,0.9994,1,1,0.9987,1,0.999,1
CLM001366,POL002949,2023-04-30,2023-04-30,2017-11-03,2018-11-03,0,Audi,Q5,Sedan,theft_damage,front,moderate,direct,third_party_fire_theft,True,False,True,10,142790,40,1,5,2013,43442.84,1.841,8688.57,3682.0,0.4238,False,,,sent_to_garage,0.0394,0,0,0.1811,0,0.1103,0
CLM001367,POL001211,2023-12-20,2023-12-20,2023-05-17,2024-05-16,0,Honda,Civic,Sedan,flood,front,minor,app,third_party,False,False,True,7,120718,42,1,16,2016,22146.13,0.883,9744.3,441.5,0.0453,False,,,sent_to_garage,0.1177,0,0,0.053,0,0.1867,0
CLM001368,POL000789,2023-08-20,2023-07-27,2021-01-25,2022-01-25,24,Vauxhall,Mokka,SUV,flood,side,moderate,app,third_party,True,True,True,14,24216,44,1,16,2009,21292.57,0.786,2129.26,1179.0,0.5537,False,,,sent_to_garage,0.1397,0,0,0.0317,0,0.0953,0
CLM001369,POL001065,2024-08-06,2024-07-31,2020-10-23,2021-10-23,6,Volkswagen,Golf,Hatchback,flood,multiple,minor,phone,comprehensive,False,False,True,16,146391,32,1,13,2008,25684.3,1.022,2568.43,817.6,0.3183,False,,,sent_to_garage,0.7725,0,1,0.9622,0,0.8666,0
CLM001370,POL001944,2022-04-12,2022-04-09,2012-09-18,2013-09-18,3,Toyota,Corolla,Estate,vandalism,roof,severe,online,comprehensive,False,True,True,15,72916,39,0,5,2007,21226.57,0.85,2122.66,5100.0,2.0,False,,,scrapped_by_model,0.9996,1,1,0.9987,1,0.9997,1
CLM001374,POL004568,2023-06-14,2023-05-16,2022-12-27,2023-12-27,29,Hyundai,i10,SUV,collision,roof,minor,direct,comprehensive,False,False,True,17,161860,60,2,8,2006,11961.88,0.737,1196.19,442.2,0.3697,False,,,sent_to_garage,0.1585,0,0,0.092,0,0.1614,0
CLM001375,POL006196,2022-03-28,2022-03-03,2013-12-14,2014-12-14,25,Honda,Jazz,Sedan,collision,front,minor,direct,third_party_fire_theft,False,True,False,1,111631,85,1,5,2021,16510.72,0.829,15189.86,414.5,0.0273,False,,,sent_to_garage,0.1913,0,0,0.0999,0,0.1795,0
CLM001376,POL000456,2023-11-10,2023-11-01,2015-11-01,2016-10-31,9,Nissan,Leaf,Van,flood,side,minor,online,third_party,False,False,True,5,129957,44,0,14,2018,29685.7,1.015,17811.42,406.0,0.0228,True,,,sent_to_garage,0.3094,0,0,0.1288,0,0.1415,0
CLM001377,POL003680,2022-04-24,2022-03-28,2013-06-19,2014-06-19,27,Volkswagen,Polo,Motorbike,vandalism,roof,minor,direct,third_party,True,True,False,18,147431,62,0,18,2004,15506.56,0.874,1550.66,524.4,0.3382,False,,,sent_to_garage,0.0448,0,0,0.1504,0,0.3774,0
CLM001380,POL002423,2024-11-13,2024-10-14,2018-09-09,2019-09-09,30,Hyundai,Tucson,Motorbike,vandalism,side,moderate,app,comprehensive,False,False,True,13,55858,39,2,12,2011,27568.98,0.878,2756.9,1317.0,0.4777,False,,,sent_to_garage,0.1701,0,1,0.6551,0,0.3979,0
CLM001381,POL002435,2022-08-08,2022-07-19,2021-03-20,2022-03-20,20,Mercedes,A-Class,Van,collision,roof,minor,online,comprehensive,False,True,False,12,193653,75,1,19,2010,28615.63,1.819,2861.56,1091.4,0.3814,False,,,sent_to_garage,0.0783,0,1,0.8268,0,0.5969,0
CLM001382,POL000203,2023-11-15,2023-11-13,2023-02-13,2024-02-13,2,Vauxhall,Astra,Estate,flood,roof,moderate,direct,comprehensive,False,True,True,1,195176,41,0,15,2022,18406.39,0.753,16933.88,1882.5,0.1112,False,,,sent_to_garage,0.3516,0,0,0.0734,0,0.2231,0
CLM001387,POL003986,2022-05-12,2022-05-12,2018-08-11,2019-08-11,0,Ford,Transit,Hatchback,theft_damage,multiple,minor,direct,comprehensive,False,False,True,0,140464,48,1,11,2022,28541.81,0.935,28541.81,748.0,0.0262,True,,,sent_to_garage,0.2129,0,1,0.8744,0,0.8413,0
CLM001390,POL000255,2022-12-27,2022-11-30,2019-04-27,2020-04-26,27,Toyota,Corolla,Hatchback,collision,front,minor,phone,comprehensive,False,True,False,20,127454,46,1,6,2002,,,,,,False,,,sent_to_garage,0.144,0,0,0.1784,0,0.3632,0
CLM001398,POL005171,2023-11-27,2023-11-08,2023-02-17,2024-02-17,19,Mercedes,C-Class,Van,theft_damage,rear,moderate,phone,comprehensive,False,True,True,20,189118,35,0,17,2003,,,,,,False,,,sent_to_garage,0.0695,0,0,0.202,0,0.1257,0
CLM001400,POL002244,2023-08-16,2023-08-13,2019-10-19,2020-10-18,3,Mercedes,E-Class,Estate,vandalism,front,minor,phone,third_party,False,True,False,14,34817,22,0,4,2009,52181.47,2.05,5218.15,1025.0,0.1964,False,,,sent_to_garage,0.1412,0,0,0.082,0,0.0947,0
CLM001402,POL000357,2022-11-17,2022-10-20,2022-02-08,2023-02-08,28,Honda,HR-V,Estate,flood,roof,minor,app,third_party_fire_theft,False,False,True,16,40361,38,0,8,2006,25986.28,0.908,2598.63,544.8,0.2096,False,,,sent_to_garage,0.1768,0,0,0.0648,0,0.163,0
CLM001403,POL006076,2023-01-16,2023-01-07,2021-08-09,2022-08-09,9,Audi,A3,Estate,collision,rear,severe,app,comprehensive,False,True,True,8,27583,64,0,17,2015,30630.74,1.787,11027.07,8041.5,0.7293,False,,,sent_to_garage,0.2274,0,1,0.8296,0,0.6261,0
CLM001408,POL000533,2022-01-10,2021-12-16,2018-02-11,2019-02-11,25,Toyota,Corolla,Sedan,collision,roof,moderate,broker,comprehensive,False,False,False,9,185706,54,0,7,2013,21799.32,0.836,6103.81,2090.0,0.3424,False,,,sent_to_garage,0.0194,0,0,0.0815,0,0.0643,0
CLM001409,POL004898,2022-07-10,2022-06-17,2018-04-30,2019-04-30,23,Audi,A6,Hatchback,collision,rear,moderate,phone,comprehensive,True,True,False,6,148625,57,1,14,2016,48042.88,1.946,24982.3,3502.8,0.1402,True,,,sent_to_garage,0.2516,0,0,0.0588,0,0.0533,0
CLM001414,POL005539,2024-10-28,2024-10-10,2020-06-14,2021-06-14,18,Ford,Mondeo,Van,collision,roof,severe,app,comprehensive,False,True,True,5,142709,36,0,14,2019,21288.9,0.868,12773.34,5208.0,0.4077,False,,,sent_to_garage,0.4052,0,1,0.833,0,0.6189,0
CLM001415,POL000717,2022-11-07,2022-11-05,2021-02-27,2022-02-27,2,Toyota,RAV4,Motorbike,vandalism,side,minor,phone,third_party,False,True,True,7,142390,25,0,16,2015,33466.97,0.927,14725.47,370.8,0.0252,False,,,sent_to_garage,0.1677,0,0,0.092,0,0.0843,0
CLM001420,POL006141,2022-02-05,2022-02-05,2018-09-03,2019-09-03,0,Nissan,Juke,Hatchback,fire,multiple,minor,app,third_party_fire_theft,True,False,False,5,18875,72,1,19,2017,20630.15,0.847,12378.09,677.6,0.0547,False,,,sent_to_garage,0.1212,0,0,0.0075,0,0.0933,0
CLM001422,POL002727,2023-06-22,2023-05-23,2021-12-23,2022-12-23,30,Hyundai,i10,Motorbike,fire,multiple,minor,phone,comprehensive,False,True,True,7,81534,71,0,13,2016,12339.49,0.737,5429.38,589.6,0.1086,False,,,sent_to_garage,0.7815,0,0,0.1668,0,0.4225,0
CLM001423,POL002578,2023-10-03,2023-10-02,2017-12-30,2018-12-30,1,Vauxhall,Astra,Estate,theft_damage,multiple,severe,broker,third_party,False,True,False,8,36023,55,0,18,2015,17190.94,0.754,6188.74,6032.0,0.9747,False,,,scrapped_by_model,0.999,1,1,0.9921,1,0.9929,0
CLM001427,POL000507,2023-05-10,2023-04-20,2018-08-23,2019-08-23,20,Nissan,Juke,Van,vandalism,multiple,minor,app,third_party_fire_theft,False,False,True,0,177374,37,0,2,2023,19261.78,0.847,19261.78,677.6,0.0352,True,,,sent_to_garage,0.4614,0,1,0.8778,0,0.7465,0
CLM001431,POL005270,2022-03-29,2022-03-07,2016-09-13,2017-09-13,22,Audi,A3,Motorbike,fire,multiple,minor,phone,third_party_fire_theft,False,False,True,1,175568,38,1,1,2021,29971.82,1.753,27574.07,1402.4,0.0509,True,,,sent_to_garage,0.3305,0,1,0.8047,0,0.5527,0
CLM001436,POL006224,2022-11-24,2022-10-30,2020-05-22,2021-05-22,25,Audi,Q3,Van,fire,roof,severe,phone,third_party,False,False,True,1,85474,65,0,19,2021,36673.72,1.776,33739.82,10656.0,0.3158,True,,,sent_to_garage,0.2964,0,1,0.88,0,0.8505,0
CLM001445,POL001102,2022-05-24,2022-05-20,2012-02-05,2013-02-04,4,Hyundai,i20,Hatchback,vandalism,multiple,moderate,broker,comprehensive,False,False,True,19,89961,51,2,2,2003,,,,,,False,,,sent_to_garage,0.7759,0,0,0.0891,0,0.4411,0
CLM001447,POL005153,2023-12-29,2023-11-30,2016-02-04,2017-02-03,29,Vauxhall,Insignia,Estate,flood,side,minor,app,third_party,False,False,False,19,114919,34,0,14,2004,26088.45,0.848,2608.85,339.2,0.13,False,,,sent_to_garage,0.083,0,0,0.0973,0,0.1011,0
CLM001450,POL001140,2024-11-17,2024-10-19,2018-12-13,2019-12-13,29,Mercedes,E-Class,SUV,fire,rear,minor,online,comprehensive,True,False,True,5,142630,19,1,11,2019,52237.51,2.005,31342.51,902.25,0.0288,True,,,sent_to_garage,0.1681,0,1,0.819,0,0.4952,0
CLM001452,POL003489,2024-12-26,2024-12-19,2020-06-07,2021-06-07,7,Ford,Mondeo,Hatchback,vandalism,rear,severe,direct,third_party_fire_theft,False,False,True,1,49113,43,0,2,2023,21085.78,0.846,19398.92,3807.0,0.1962,True,,,sent_to_garage,0.4006,0,1,0.9036,0,0.7467,0
CLM001454,POL005655,2022-06-24,2022-06-15,2016-05-11,2017-05-11,9,Toyota,Corolla,Van,vandalism,multiple,minor,app,comprehensive,False,True,True,15,33418,17,2,0,2007,21226.57,0.85,2122.66,680.0,0.3204,False,,,sent_to_garage,0.4552,0,0,0.0562,0,0.128,0
CLM001458,POL002473,2022-12-29,2022-12-01,2022-11-01,2023-11-01,28,Mercedes,C-Class,Van,flood,front,minor,broker,comprehensive,False,True,True,4,58486,38,1,17,2018,39619.98,1.935,26941.59,967.5,0.0359,True,,,sent_to_garage,0.0415,0,0,0.0426,0,0.0385,0
CLM001460,POL002137,2024-01-25,2023-12-26,2017-10-05,2018-10-05,30,Nissan,Juke,Van,vandalism,side,moderate,direct,comprehensive,False,False,False,8,196590,38,0,20,2016,20564.42,0.863,7403.19,1294.5,0.1749,False,,,sent_to_garage,0.311,0,0,0.0914,0,0.1614,0
CLM001466,POL003800,2022-05-20,2022-05-15,2020-08-14,2021-08-14,5,Toyota,Yaris,Hatchback,collision,multiple,moderate,broker,comprehensive,False,True,False,15,12840,35,1,20,2007,14607.83,0.817,1460.78,2859.5,1.9575,False,,,scrapped_by_model,0.9994,1,1,0.9964,1,0.9943,0
CLM001467,POL002455,2024-08-24,2024-08-08,2022-08-10,2023-08-10,16,Vauxhall,Corsa,Van,theft_damage,front,moderate,app,comprehensive,True,False,False,4,158686,36,0,4,2020,13388.98,0.704,9104.51,1408.0,0.1546,False,,,sent_to_garage,0.1182,0,0,0.1916,0,0.2255,0
CLM001468,POL001292,2024-11-10,2024-10-20,2022-08-04,2023-08-04,21,Ford,Focus,Sedan,theft_damage,front,severe,online,third_party_fire_theft,True,False,False,14,154591,54,0,15,2010,18369.3,0.813,1836.93,4065.0,2.0,False,,,scrapped_by_model,0.9996,1,1,0.9994,1,0.9999,1
CLM001475,POL002934,2023-10-25,2023-09-27,2018-01-31,2019-01-31,28,Nissan,Leaf,Estate,fire,front,minor,app,comprehensive,False,True,True,4,51385,27,0,2,2019,29614.63,0.981,20137.95,490.5,0.0244,True,,,sent_to_garage,0.0833,0,0,0.0178,0,0.0742,0
CLM001478,POL006628,2022-06-29,2022-06-26,2020-02-13,2021-02-12,3,Mercedes,A-Class,Motorbike,fire,rear,moderate,phone,comprehensive,False,True,True,6,191333,51,1,15,2016,29619.18,1.807,15401.97,3252.6,0.2112,False,,,sent_to_garage,0.4107,0,0,0.0276,0,0.0895,0
CLM001482,POL000378,2024-06-20,2024-06-03,2018-01-14,2019-01-14,17,BMW,1 Series,Estate,collision,rear,minor,online,comprehensive,False,True,False,17,50525,46,0,20,2007,26966.96,1.662,2696.7,747.9,0.2773,False,,,sent_to_garage,0.489,0,1,0.7684,0,0.4881,0
CLM001483,POL003349,2024-04-26,2024-03-30,2019-08-10,2020-08-09,27,Mercedes,A-Class,Hatchback,flood,rear,moderate,online,third_party,False,False,True,18,199487,19,1,1,2006,30292.18,1.818,3029.22,3272.4,1.0803,False,,,sent_to_garage,0.9973,0,1,0.998,1,0.9979,1
CLM001484,POL001288,2023-02-08,2023-01-23,2022-12-30,2023-12-30,16,Ford,Fiesta,Estate,vandalism,multiple,moderate,broker,comprehensive,False,True,True,15,131374,44,1,1,2008,11553.74,0.748,1155.37,2618.0,2.0,False,,,scrapped_by_model,0.9997,1,1,0.9942,1,0.9997,1
CLM001488,POL002649,2023-05-14,2023-04-26,2013-09-05,2014-09-05,18,Vauxhall,Corsa,Estate,flood,multiple,moderate,broker,third_party_fire_theft,True,True,False,12,159322,72,0,12,2011,12664.13,0.703,1266.41,2460.5,1.9429,False,,,scrapped_by_model,0.9995,1,1,0.9942,1,0.9997,1
CLM001489,POL005064,2023-08-09,2023-07-23,2022-06-27,2023-06-27,17,Honda,HR-V,Estate,collision,multiple,minor,phone,third_party_fire_theft,False,False,False,8,87826,57,2,16,2015,25900.7,0.89,9324.25,712.0,0.0764,False,,,sent_to_garage,0.3056,0,0,0.0721,0,0.2919,0
CLM001490,POL002686,2022-12-15,2022-12-13,2013-07-22,2014-07-22,2,Toyota,Yaris,Sedan,collision,side,minor,phone,comprehensive,False,False,False,15,48710,37,0,13,2007,14607.83,0.817,1460.78,326.8,0.2237,False,,,sent_to_garage,0.1653,0,0,0.0536,0,0.0659,0
CLM001491,POL000341,2024-11-16,2024-10-28,2016-09-07,2017-09-07,19,BMW,X5,Estate,collision,side,moderate,phone,third_party_fire_theft,True,True,True,4,66076,43,0,8,2020,66076.95,2.018,44932.33,3027.0,0.0674,True,,,sent_to_garage,0.0423,0,0,0.0548,0,0.0651,0
CLM001496,POL003603,2023-07-09,2023-06-18,2014-03-11,2015-03-11,21,Hyundai,Tucson,Van,vandalism,multiple,severe,online,comprehensive,True,True,True,20,45799,62,0,17,2003,,,,,,False,,,sent_to_garage,0.9983,0,1,0.97,0,0.9955,0
CLM001497,POL004835,2022-12-29,2022-12-21,2012-04-07,2013-04-07,8,Audi,A6,Hatchback,collision,roof,moderate,app,comprehensive,False,False,False,11,88894,32,0,20,2011,50360.68,1.904,6043.28,4760.0,0.7877,False,,,sent_to_garage,0.0299,0,0,0.0263,0,0.052,0
CLM001505,POL004586,2024-12-25,2024-12-22,2018-07-16,2019-07-16,3,Hyundai,i30,Van,fire,front,severe,phone,comprehensive,False,False,True,3,169840,61,0,0,2021,19282.05,0.843,14654.36,4215.0,0.2876,False,,,sent_to_garage,0.8952,0,1,0.8537,0,0.8723,0
CLM001506,POL002856,2022-02-16,2022-02-01,2012-05-23,2013-05-23,15,Honda,Civic,Motorbike,vandalism,front,moderate,direct,comprehensive,False,True,False,19,110898,32,0,12,2003,,,,,,False,,,sent_to_garage,0.0541,0,0,0.1261,0,0.0677,0
CLM001509,POL001217,2023-07-27,2023-07-08,2021-12-01,2022-12-01,19,Nissan,Leaf,SUV,flood,roof,minor,phone,comprehensive,False,True,True,14,75388,36,0,4,2009,31393.56,0.986,3139.36,591.6,0.1884,False,,,sent_to_garage,0.0921,0,1,0.6519,0,0.2685,0
CLM001514,POL004220,2023-07-22,2023-07-14,2022-05-23,2023-05-23,8,Ford,Fiesta,Motorbike,collision,multiple,severe,app,comprehensive,True,True,True,11,116800,41,0,17,2012,12065.5,0.73,1447.86,5840.0,2.0,False,,,scrapped_by_model,0.9999,1,1,0.9996,1,0.9997,1
CLM001515,POL005053,2022-06-25,2022-06-10,2014-11-30,2015-11-30,15,Honda,Civic,SUV,flood,roof,moderate,broker,comprehensive,True,True,True,1,5110,50,2,19,2021,22567.4,0.897,20762.01,2242.5,0.108,True,,,sent_to_garage,0.0182,0,0,0.0733,0,0.0614,0
CLM001517,POL000626,2022-01-03,2021-12-26,2016-04-11,2017-04-11,8,Nissan,Leaf,Estate,fire,multiple,minor,app,comprehensive,False,True,False,20,195581,48,0,16,2002,,,,,,False,,,sent_to_garage,0.702,0,0,0.1186,0,0.5103,0
CLM001518,POL005807,2024-05-14,2024-04-23,2015-01-17,2016-01-17,21,Ford,Mondeo,Estate,flood,side,minor,online,comprehensive,False,False,True,8,165017,47,2,13,2016,21112.06,0.871,7600.34,348.4,0.0458,False,,,sent_to_garage,0.191,0,0,0.0172,0,0.0712,0
CLM001520,POL001117,2024-02-07,2024-01-30,2013-01-25,2014-01-25,8,Hyundai,Tucson,Estate,fire,side,moderate,app,comprehensive,False,False,False,9,180901,47,1,5,2015,27524.56,0.89,7706.88,1335.0,0.1732,False,,,sent_to_garage,0.1696,0,0,0.1038,0,0.2448,0
CLM001523,POL004986,2024-09-13,2024-09-05,2018-01-08,2019-01-08,8,Mercedes,GLC,Estate,collision,rear,severe,broker,comprehensive,False,True,False,10,112748,74,0,0,2014,48604.75,1.915,9720.95,8617.5,0.8865,False,,,sent_to_garage,0.9914,0,0,0.1357,0,0.2749,0
CLM001524,POL004295,2022-03-05,2022-02-03,2021-02-16,2022-02-16,30,Ford,Kuga,Motorbike,vandalism,front,minor,phone,comprehensive,True,False,True,18,95317,45,0,12,2004,27523.61,0.881,2752.36,440.5,0.16,False,,,sent_to_garage,0.0451,0,0,0.1498,0,0.1124,0
CLM001527,POL002020,2024-03-29,2024-03-15,2020-10-28,2021-10-28,14,Toyota,Corolla,Motorbike,vandalism,multiple,severe,broker,comprehensive,False,True,True,6,27210,22,1,14,2018,22444.4,0.858,11671.09,6864.0,0.5881,False,,,sent_to_garage,0.7709,0,1,0.9757,0,0.8393,0
CLM001528,POL002702,2023-05-30,2023-05-15,2022-05-07,2023-05-07,15,Toyota,Yaris,Sedan,fire,front,moderate,app,comprehensive,False,True,True,19,172692,62,0,17,2004,15234.4,0.778,1523.44,1556.0,1.0214,False,,,sent_to_garage,0.9978,0,1,0.9982,1,0.9993,1
CLM001538,POL004224,2023-03-16,2023-03-02,2012-12-18,2013-12-18,14,Hyundai,i10,Sedan,theft_damage,roof,moderate,direct,comprehensive,False,True,True,3,72989,21,2,6,2020,11766.96,0.755,8942.89,1887.5,0.2111,False,,,sent_to_garage,0.1152,0,0,0.0642,0,0.1242,0
CLM001540,POL002532,2023-03-01,2023-02-07,2020-12-19,2021-12-19,22,Toyota,Yaris,Hatchback,collision,roof,severe,phone,comprehensive,False,True,True,0,125346,42,2,3,2023,15426.12,0.807,15426.12,4842.0,0.3139,False,,,sent_to_garage,0.5136,0,0,0.0625,0,0.2886,0
CLM001547,POL001361,2023-10-26,2023-10-02,2018-05-16,2019-05-16,24,Toyota,Corolla,Van,theft_damage,front,minor,direct,third_party_fire_theft,False,True,False,16,183246,19,1,12,2007,21226.57,0.85,2122.66,425.0,0.2002,False,,,sent_to_garage,0.4348,0,0,0.0446,0,0.356,0
CLM001549,POL001773,2022-07-20,2022-07-06,2021-10-16,2022-10-16,14,Volkswagen,Tiguan,Hatchback,collision,rear,moderate,phone,comprehensive,False,True,True,7,94749,21,1,16,2015,33974.57,1.087,14948.81,1956.6,0.1309,False,,,sent_to_garage,0.0277,0,0,0.0413,0,0.0435,0
CLM001553,POL001711,2022-12-20,2022-12-15,2021-12-17,2022-12-17,5,Mercedes,GLC,Estate,collision,rear,moderate,phone,third_party_fire_theft,False,True,True,3,48459,27,0,19,2019,50139.33,1.936,38105.89,3484.8,0.0915,True,,,sent_to_garage,0.1058,0,0,0.0809,0,0.1005,0
CLM001554,POL002086,2023-12-20,2023-12-18,2018-09-13,2019-09-13,2,Nissan,Micra,Motorbike,collision,front,minor,broker,comprehensive,False,True,True,17,138018,41,0,7,2006,13025.41,0.78,1302.54,390.0,0.2994,False,,,sent_to_garage,0.3227,0,0,0.0977,0,0.3137,0
CLM001558,POL002812,2022-09-11,2022-08-24,2015-09-06,2016-09-05,18,Nissan,Qashqai,Estate,vandalism,rear,minor,direct,comprehensive,True,True,True,18,12846,41,0,20,2004,27260.79,0.914,2726.08,411.3,0.1509,False,,,sent_to_garage,0.0511,0,0,0.1081,0,0.0905,0
CLM001561,POL006901,2023-08-25,2023-08-08,2013-08-25,2014-08-25,17,Audi,A6,Hatchback,vandalism,front,moderate,broker,third_party,False,False,True,9,15815,40,1,9,2014,49144.85,1.889,13760.56,3778.0,0.2746,False,,,sent_to_garage,0.0608,0,0,0.063,0,0.0874,0
CLM001563,POL005025,2023-01-12,2023-01-05,2013-11-29,2014-11-29,7,Vauxhall,Corsa,Estate,vandalism,roof,moderate,online,comprehensive,False,True,True,14,98684,34,0,12,2009,12594.82,0.68,1259.48,1700.0,1.3498,False,,,sent_to_garage,0.997,0,1,0.998,1,0.9995,1
CLM001567,POL000459,2024-12-06,2024-11-18,2020-08-20,2021-08-20,18,Honda,Jazz,Motorbike,theft_damage,roof,minor,direct,comprehensive,False,True,True,8,17394,37,1,5,2016,15898.11,0.864,5723.32,518.4,0.0906,False,,,sent_to_garage,0.054,0,0,0.0962,0,0.1657,0
CLM001569,POL002695,2024-05-18,2024-05-13,2018-03-27,2019-03-27,5,Ford,Fiesta,Hatchback,fire,front,moderate,broker,comprehensive,True,True,True,11,69921,42,0,12,2013,12393.16,0.756,1487.18,1512.0,1.0167,False,,,scrapped_by_model,0.9994,1,1,0.9544,0,0.9872,0
CLM001570,POL002792,2024-11-26,2024-11-11,2019-12-28,2020-12-27,15,Mercedes,C-Class,Motorbike,fire,side,severe,online,comprehensive,False,True,False,3,152881,55,1,0,2021,40536.94,1.892,30808.07,7568.0,0.2456,True,,,sent_to_garage,0.6873,0,0,0.1129,0,0.2657,0
CLM001572,POL003209,2023-10-27,2023-10-27,2018-01-10,2019-01-10,0,Honda,CR-V,Motorbike,fire,roof,moderate,online,third_party,False,True,True,6,7146,66,0,3,2017,29674.48,0.911,15430.73,2277.5,0.1476,False,,,sent_to_garage,0.0524,0,0,0.0092,0,0.0135,0
CLM001573,POL003118,2022-06-08,2022-05-29,2019-06-21,2020-06-20,10,Honda,CR-V,Motorbike,flood,multiple,minor,app,third_party,False,True,False,13,131478,46,3,7,2009,31412.65,0.913,3141.27,730.4,0.2325,False,,,sent_to_garage,0.6084,0,1,0.8649,0,0.8565,0
CLM001574,POL004725,2022-08-22,2022-07-23,2014-10-09,2015-10-09,30,Hyundai,i10,Van,theft_damage,rear,minor,broker,comprehensive,False,True,True,4,147751,39,2,1,2018,12418.06,0.738,8444.28,332.1,0.0393,False,,,sent_to_garage,0.2111,0,0,0.0623,0,0.1125,0
CLM001579,POL006628,2023-07-10,2023-06-28,2018-10-30,2019-10-30,12,Toyota,RAV4,Estate,collision,rear,moderate,app,third_party,False,True,True,0,92255,45,1,16,2023,33085.02,0.926,33085.02,1666.8,0.0504,True,,,sent_to_garage,0.0345,0,0,0.111,0,0.0624,0
CLM001582,POL001776,2024-06-09,2024-05-18,2020-06-13,2021-06-13,22,Nissan,Leaf,Estate,fire,side,moderate,app,third_party,True,False,True,0,94883,72,1,3,2024,29710.06,1.025,29710.06,1537.5,0.0518,True,,,sent_to_garage,0.031,0,0,0.0466,0,0.0226,0
CLM001584,POL001514,2023-05-07,2023-04-10,2018-06-08,2019-06-08,27,Mercedes,C-Class,Estate,fire,rear,minor,app,third_party_fire_theft,True,False,False,14,175088,22,2,2,2009,41497.34,1.846,4149.73,830.7,0.2002,False,,,sent_to_garage,0.7491,0,0,0.1227,0,0.4175,0
CLM001585,POL003424,2024-08-23,2024-08-01,2014-11-29,2015-11-29,22,BMW,5 Series,Sedan,theft_damage,roof,minor,app,third_party,False,False,True,15,117154,52,2,6,2009,46609.07,1.896,4660.91,1137.6,0.2441,False,,,sent_to_garage,0.1055,0,0,0.1228,0,0.1296,0
CLM001587,POL001947,2024-05-04,2024-05-01,2021-09-04,2022-09-04,3,Toyota,RAV4,Motorbike,vandalism,multiple,moderate,app,third_party,True,False,False,19,136378,62,2,19,2005,31406.24,0.918,3140.62,3213.0,1.023,False,,,scrapped_by_model,0.9995,1,1,0.9962,1,0.9983,1
CLM001588,POL003146,2024-09-19,2024-09-14,2021-08-20,2022-08-20,5,Ford,Fiesta,SUV,theft_damage,multiple,severe,direct,comprehensive,False,True,True,7,169398,19,1,4,2017,11960.07,0.729,5262.43,5832.0,1.1082,False,,,scrapped_by_model,0.9991,1,1,0.9994,1,0.9983,1
CLM001593,POL005664,2023-01-27,2023-01-12,2020-01-08,2021-01-07,15,Audi,A3,Sedan,theft_damage,side,minor,app,comprehensive,False,True,True,14,193414,34,0,9,2009,30817.06,1.719,3081.71,687.6,0.2231,False,,,sent_to_garage,0.4854,0,0,0.0971,0,0.1183,0
CLM001598,POL000991,2024-06-17,2024-06-17,2018-04-10,2019-04-10,0,Volkswagen,Passat,Sedan,vandalism,roof,moderate,phone,comprehensive,False,True,True,1,19827,36,0,12,2023,31484.11,1.061,28965.38,2652.5,0.0916,True,,,sent_to_garage,0.1729,0,0,0.0086,0,0.0885,0
CLM001600,POL001495,2023-10-25,2023-09-27,2015-10-03,2016-10-02,28,Volkswagen,Tiguan,Van,collision,side,minor,app,comprehensive,False,True,False,0,36634,43,2,11,2023,34098.69,1.099,34098.69,439.6,0.0129,True,,,sent_to_garage,0.021,0,0,0.0523,0,0.0929,0
CLM001603,POL003827,2023-03-26,2023-03-06,2018-10-02,2019-10-02,20,Ford,Transit,Sedan,theft_damage,rear,minor,online,third_party_fire_theft,True,True,True,10,14151,42,1,18,2013,29620.97,0.927,5924.19,417.15,0.0704,False,,,sent_to_garage,0.0179,0,0,0.0039,0,0.0079,0
CLM001620,POL000219,2024-06-02,2024-05-27,2014-02-25,2015-02-25,6,Audi,A6,Sedan,vandalism,roof,moderate,phone,third_party_fire_theft,True,False,True,9,4614,24,1,5,2015,48296.73,1.925,13523.08,4812.5,0.3559,False,,,sent_to_garage,0.0263,0,0,0.0117,0,0.0777,0
CLM001625,POL002232,2022-07-07,2022-06-15,2013-09-20,2014-09-20,22,Honda,CR-V,Van,fire,side,moderate,direct,third_party_fire_theft,False,False,False,10,73475,53,2,9,2012,29079.62,0.898,5815.92,1347.0,0.2316,False,,,sent_to_garage,0.1012,0,0,0.0659,0,0.1932,0
CLM001628,POL001067,2022-04-28,2022-03-29,2015-04-10,2016-04-09,30,Mercedes,C-Class,Hatchback,fire,roof,moderate,phone,comprehensive,False,True,True,1,88963,57,2,10,2021,40536.94,1.892,37293.98,4730.0,0.1268,True,,,sent_to_garage,0.1677,0,1,0.7075,0,0.6121,0
CLM001634,POL003899,2022-09-12,2022-08-29,2020-07-21,2021-07-21,14,Vauxhall,Insignia,Hatchback,flood,side,severe,app,third_party,False,True,True,2,33951,51,1,13,2020,26205.92,0.873,22012.97,3492.0,0.1586,True,,,sent_to_garage,0.6711,0,1,0.8971,0,0.7464,0
CLM001636,POL002326,2022-07-16,2022-07-04,2021-09-24,2022-09-24,12,Mercedes,C-Class,Motorbike,vandalism,roof,minor,app,comprehensive,True,False,True,6,4060,59,0,5,2016,38753.9,1.882,20152.03,1129.2,0.056,True,,,sent_to_garage,0.0121,0,0,0.0412,0,0.0361,0
CLM001639,POL001389,2022-05-05,2022-04-11,2021-12-17,2022-12-17,24,BMW,X5,Hatchback,flood,roof,moderate,phone,comprehensive,False,True,False,1,58661,57,0,20,2021,62337.86,2.048,57350.83,5120.0,0.0893,True,,,sent_to_garage,0.1546,0,0,0.0629,0,0.0572,0
CLM001641,POL004261,2024-10-16,2024-10-12,2017-02-16,2018-02-16,4,Volkswagen,Tiguan,Motorbike,theft_damage,side,moderate,online,third_party,False,False,False,18,731,35,1,18,2006,35535.23,1.13,3553.52,1695.0,0.477,False,,,sent_to_garage,0.3983,0,0,0.0012,0,0.088,0
CLM001642,POL000553,2024-08-12,2024-07-20,2018-05-24,2019-05-24,23,Mercedes,GLC,Estate,fire,roof,minor,broker,third_party_fire_theft,False,False,False,4,128276,18,2,14,2020,49299.71,1.955,33523.8,1173.0,0.035,True,,,sent_to_garage,0.162,0,0,0.0508,0,0.2961,0
CLM001643,POL002644,2024-11-17,2024-11-01,2019-08-20,2020-08-19,16,Volkswagen,Polo,Van,flood,front,minor,direct,third_party,True,True,True,13,32173,56,2,0,2011,16645.32,0.912,1664.53,456.0,0.274,False,,,sent_to_garage,0.3771,0,0,0.0214,0,0.0895,0
CLM001649,POL005125,2022-09-17,2022-08-29,2017-03-11,2018-03-11,19,Volkswagen,Passat,Van,theft_damage,rear,moderate,app,comprehensive,True,True,True,16,170325,32,0,4,2006,31245.9,1.05,3124.59,1890.0,0.6049,False,,,sent_to_garage,0.4169,0,0,0.2709,0,0.183,0
CLM001654,POL000763,2022-03-20,2022-03-07,2020-01-04,2021-01-03,13,Ford,Focus,Motorbike,collision,multiple,minor,online,comprehensive,True,False,False,14,148464,51,0,18,2008,17459.83,0.776,1745.98,620.8,0.3556,False,,,sent_to_garage,0.8053,0,1,0.9555,0,0.7503,0
CLM001657,POL001269,2024-05-09,2024-04-28,2018-04-06,2019-04-06,11,Volkswagen,Golf,SUV,flood,multiple,severe,phone,third_party,False,False,False,10,190986,17,0,9,2014,24753.39,1.024,4950.68,8192.0,1.6547,False,,,scrapped_by_model,0.9993,1,1,0.9995,1,0.9991,1
CLM001659,POL002255,2024-05-23,2024-04-28,2021-09-05,2022-09-05,25,Volkswagen,Tiguan,Hatchback,flood,roof,moderate,app,comprehensive,False,False,True,10,75176,28,1,15,2014,33461.85,1.113,6692.37,2782.5,0.4158,False,,,sent_to_garage,0.0741,0,0,0.007,0,0.0226,0
CLM001662,POL003610,2022-11-04,2022-10-11,2016-01-04,2017-01-03,24,Hyundai,i20,Motorbike,theft_damage,roof,minor,online,third_party,False,False,True,17,50075,57,1,18,2005,16398.96,0.77,1639.9,462.0,0.2817,False,,,sent_to_garage,0.0132,0,0,0.0772,0,0.0336,0
CLM001668,POL001286,2022-02-27,2022-02-09,2017-01-08,2018-01-08,18,Toyota,RAV4,Motorbike,flood,rear,minor,app,comprehensive,True,False,True,9,2353,52,0,13,2013,30891.56,0.905,8649.64,407.25,0.0471,False,,,sent_to_garage,0.0173,0,0,0.0523,0,0.033,0
CLM001673,POL004292,2024-07-05,2024-06-29,2020-08-15,2021-08-15,6,Audi,Q3,Hatchback,vandalism,multiple,moderate,app,comprehensive,False,False,True,5,143334,64,0,8,2019,34104.72,1.793,20462.83,6275.5,0.3067,True,,,sent_to_garage,0.4376,0,1,0.9121,0,0.8249,0
CLM001676,POL005436,2022-05-27,2022-04-30,2017-09-18,2018-09-18,27,Audi,A3,SUV,theft_damage,front,severe,direct,third_party_fire_theft,False,True,False,16,81022,50,1,12,2006,30252.68,1.775,3025.27,8875.0,2.0,False,,,scrapped_by_model,0.9999,1,1,0.9986,1,0.9998,1
CLM001677,POL004113,2023-10-30,2023-10-07,2017-09-14,2018-09-14,23,Mercedes,C-Class,Sedan,vandalism,multiple,moderate,app,comprehensive,False,False,True,4,33674,68,0,14,2019,41897.67,1.852,28490.42,6482.0,0.2275,True,,,sent_to_garage,0.3095,0,1,0.8787,0,0.6764,0
CLM001679,POL004951,2024-07-02,2024-06-29,2020-08-19,2021-08-19,3,Ford,Fiesta,Hatchback,theft_damage,rear,severe,broker,third_party,False,True,False,14,33269,45,0,16,2010,12172.64,0.765,1217.26,3442.5,2.0,False,,,scrapped_by_model,0.9989,1,1,0.9988,1,0.9807,0
CLM001680,POL002979,2022-07-09,2022-06-18,2022-01-14,2023-01-14,21,Volkswagen,Tiguan,Sedan,vandalism,multiple,severe,app,comprehensive,True,False,True,19,173906,30,0,3,2003,,,,,,False,,,sent_to_garage,0.9969,0,1,0.9993,1,0.9938,0
CLM001682,POL004634,2022-12-23,2022-12-07,2016-11-29,2017-11-29,16,Honda,CR-V,Estate,fire,multiple,minor,broker,comprehensive,False,True,False,19,124380,34,1,19,2003,,,,,,False,,,sent_to_garage,0.6222,0,0,0.0465,0,0.3492,0
CLM001687,POL002840,2022-12-17,2022-12-09,2012-10-24,2013-10-24,8,Mercedes,A-Class,Van,vandalism,front,severe,online,comprehensive,True,True,True,16,131104,60,0,9,2006,30292.18,1.818,3029.22,9090.0,2.0,False,,,scrapped_by_model,0.9998,1,1,0.9985,1,0.9999,1
CLM001688,POL002854,2023-04-01,2023-03-30,2019-05-25,2020-05-24,2,Volkswagen,Golf,SUV,vandalism,roof,severe,online,comprehensive,True,False,True,14,101679,46,2,19,2009,25598.58,1.018,2559.86,6108.0,2.0,False,,,scrapped_by_model,0.9992,1,1,0.9988,1,0.9998,1
CLM001692,POL005157,2024-02-25,2024-02-15,2020-04-28,2021-04-28,10,Volkswagen,Polo,Motorbike,collision,roof,moderate,direct,third_party_fire_theft,True,True,False,3,123970,76,0,20,2021,16776.86,0.898,12750.41,2245.0,0.1761,False,,,sent_to_garage,0.0134,0,0,0.0278,0,0.0482,0
CLM001693,POL001394,2022-01-25,2022-01-05,2018-03-24,2019-03-24,20,BMW,X5,Sedan,vandalism,side,minor,online,third_party,False,False,False,18,130900,50,5,20,2004,64241.58,2.028,6424.16,811.2,0.1263,False,,,sent_to_garage,0.4703,0,0,0.0357,0,0.3017,0
CLM001694,POL004159,2022-05-11,2022-05-02,2018-11-27,2019-11-27,9,Volkswagen,Polo,Hatchback,flood,multiple,minor,direct,comprehensive,False,True,True,1,179004,64,1,2,2021,16776.86,0.898,15434.71,718.4,0.0465,False,,,sent_to_garage,0.2295,0,1,0.855,0,0.5256,0
CLM001697,POL001065,2022-11-22,2022-11-22,2012-10-24,2013-10-24,0,Hyundai,i20,Van,fire,side,severe,phone,comprehensive,False,True,True,3,149995,52,2,2,2019,16460.47,0.775,12509.96,3100.0,0.2478,False,,,sent_to_garage,0.4454,0,0,0.1313,0,0.2091,0
CLM001698,POL004491,2023-03-12,2023-02-10,2013-10-07,2014-10-07,30,Hyundai,Tucson,Sedan,collision,side,minor,app,third_party_fire_theft,True,True,False,11,79303,37,1,14,2012,27075.2,0.896,3249.02,358.4,0.1103,False,,,sent_to_garage,0.0384,0,0,0.1113,0,0.0908,0
CLM001708,POL002329,2022-07-09,2022-06-26,2018-10-13,2019-10-13,13,Nissan,Juke,Motorbike,theft_damage,rear,severe,app,comprehensive,True,True,False,16,13889,17,0,18,2006,19221.45,0.873,1922.15,3928.5,2.0,False,,,scrapped_by_model,0.9998,1,1,0.9917,1,0.9997,1
CLM001710,POL001604,2024-01-24,2023-12-25,2020-02-09,2021-02-08,30,Audi,A3,Hatchback,theft_damage,rear,minor,direct,third_party_fire_theft,False,True,True,4,81890,18,0,3,2020,30832.08,1.752,20965.81,788.4,0.0376,True,,,sent_to_garage,0.0959,0,0,0.0693,0,0.2157,0
CLM001716,POL004350,2022-03-06,2022-03-04,2014-01-17,2015-01-17,2,Ford,Mondeo,Estate,collision,multiple,minor,direct,third_party_fire_theft,True,True,True,1,68249,17,1,0,2021,21850.6,0.856,20102.55,684.8,0.0341,True,,,sent_to_garage,0.1236,0,0,0.0239,0,0.1406,0
CLM001717,POL001903,2023-05-16,2023-05-13,2020-03-13,2021-03-13,3,Honda,HR-V,Sedan,vandalism,rear,minor,direct,comprehensive,False,True,False,3,173971,56,1,5,2020,23999.58,0.879,18239.68,395.55,0.0217,True,,,sent_to_garage,0.1188,0,1,0.8412,0,0.5962,0
CLM001718,POL003424,2022-01-27,2022-01-06,2013-05-31,2014-05-31,21,Toyota,Corolla,Sedan,fire,rear,moderate,direct,comprehensive,False,False,False,1,158669,58,1,0,2021,21849.12,0.856,20101.19,1540.8,0.0767,True,,,sent_to_garage,0.6977,0,0,0.052,0,0.1472,0
CLM001724,POL003183,2022-11-10,2022-10-14,2020-07-21,2021-07-21,27,Mercedes,C-Class,Hatchback,fire,side,minor,phone,comprehensive,False,False,True,7,126369,19,0,17,2015,38857.31,1.859,17097.22,743.6,0.0435,False,,,sent_to_garage,0.6411,0,0,0.0288,0,0.0744,0
CLM001725,POL002799,2023-07-06,2023-07-03,2016-05-14,2017-05-14,3,Volkswagen,Golf,Sedan,fire,rear,severe,direct,comprehensive,False,False,True,0,136043,39,0,1,2023,24490.91,0.994,24490.91,4473.0,0.1826,True,,,sent_to_garage,0.8019,0,0,0.0845,0,0.1742,0
CLM001731,POL005577,2022-06-03,2022-05-29,2019-04-09,2020-04-08,5,Vauxhall,Mokka,Motorbike,collision,multiple,minor,direct,third_party_fire_theft,False,False,False,18,71246,17,3,16,2004,20927.43,0.814,2092.74,651.2,0.3112,False,,,sent_to_garage,0.5412,0,0,0.0372,0,0.1824,0
CLM001738,POL001220,2022-04-03,2022-03-22,2014-11-01,2015-11-01,12,Vauxhall,Corsa,Hatchback,fire,roof,moderate,online,comprehensive,True,True,True,6,123034,44,4,11,2016,12680.54,0.718,6593.88,1795.0,0.2722,False,,,sent_to_garage,0.2129,0,0,0.2035,0,0.2691,0
CLM001739,POL003001,2022-12-19,2022-12-16,2021-09-09,2022-09-09,3,Audi,Q5,Estate,theft_damage,roof,minor,phone,comprehensive,False,False,True,0,158497,60,1,15,2022,45687.09,1.905,45687.09,1143.0,0.025,True,,,sent_to_garage,0.1903,0,1,0.7703,0,0.7414,0
CLM001740,POL004401,2024-10-03,2024-09-05,2024-09-15,2025-09-15,28,Audi,Q3,Hatchback,vandalism,roof,moderate,direct,comprehensive,False,True,False,14,20912,17,3,14,2010,34142.87,1.763,3414.29,4407.5,1.2909,False,,,sent_to_garage,0.9981,0,1,0.9948,1,0.999,1
CLM001743,POL000154,2024-02-04,2024-01-20,2015-10-10,2016-10-09,15,Toyota,RAV4,Van,vandalism,rear,moderate,broker,third_party,True,False,True,7,147057,35,0,13,2017,32600.53,0.911,14344.23,1639.8,0.1143,False,,,sent_to_garage,0.0979,0,0,0.1663,0,0.1819,0
CLM001746,POL003589,2023-05-13,2023-05-10,2017-08-19,2018-08-19,3,Toyota,RAV4,Sedan,vandalism,side,minor,direct,comprehensive,True,False,True,14,71305,21,0,0,2009,31469.22,0.882,3146.92,352.8,0.1121,False,,,sent_to_garage,0.0286,0,1,0.7444,0,0.5798,0
CLM001750,POL002539,2024-12-16,2024-11-17,2019-04-02,2020-04-01,29,Vauxhall,Mokka,Estate,fire,rear,minor,app,comprehensive,False,False,False,8,18044,42,0,19,2016,21130.15,0.819,7606.85,368.55,0.0484,False,,,sent_to_garage,0.1859,0,0,0.025,0,0.108,0
CLM001755,POL001974,2022-11-26,2022-10-28,2017-10-28,2018-10-28,29,Honda,Jazz,SUV,vandalism,multiple,minor,phone,comprehensive,True,False,True,9,16168,52,0,4,2013,15353.75,0.832,4299.05,665.6,0.1548,False,,,sent_to_garage,0.417,0,1,0.9049,0,0.6199,0
CLM001760,POL005206,2023-01-06,2022-12-13,2014-05-17,2015-05-17,24,Mercedes,A-Class,Van,collision,side,minor,phone,comprehensive,False,False,False,4,177110,85,2,12,2019,30109.46,1.85,20474.43,740.0,0.0361,True,,,sent_to_garage,0.0945,0,0,0.024,0,0.1035,0
CLM001761,POL001876,2024-06-26,2024-06-19,2021-03-20,2022-03-20,7,Nissan,Qashqai,SUV,collision,roof,minor,direct,comprehensive,False,True,False,6,42439,22,1,16,2018,27724.65,0.887,14416.82,532.2,0.0369,False,,,sent_to_garage,0.0968,0,0,0.0186,0,0.0513,0
CLM001764,POL000509,2023-09-17,2023-09-04,2015-07-30,2016-07-29,13,Vauxhall,Insignia,SUV,flood,multiple,minor,direct,comprehensive,True,False,True,13,124069,34,2,1,2010,25633.76,0.869,2563.38,695.2,0.2712,False,,,sent_to_garage,0.6264,0,1,0.8731,0,0.8033,0
CLM001765,POL000679,2023-11-28,2023-11-01,2023-06-09,2024-06-08,27,Toyota,Corolla,Van,collision,multiple,severe,broker,comprehensive,False,True,True,18,68009,40,0,11,2005,22171.64,0.86,2217.16,6880.0,2.0,False,,,scrapped_by_model,0.9999,1,1,0.9999,1,1.0,1
CLM001766,POL000403,2022-11-27,2022-11-19,2020-09-14,2021-09-14,8,Ford,Fiesta,Hatchback,collision,front,minor,direct,comprehensive,True,True,False,7,1525,50,1,10,2015,12564.84,0.768,5528.53,384.0,0.0695,False,,,sent_to_garage,0.0475,0,0,0.0041,0,0.0705,0
CLM001767,POL006523,2022-06-08,2022-05-28,2019-05-11,2020-05-10,11,Hyundai,Tucson,Motorbike,fire,roof,severe,phone,comprehensive,False,True,True,1,27303,45,0,19,2021,28152.0,0.886,25899.84,5316.0,0.2053,True,,,sent_to_garage,0.5344,0,0,0.169,0,0.4345,0
CLM001768,POL000419,2023-10-02,2023-09-07,2012-05-05,2013-05-05,25,Nissan,Micra,Motorbike,vandalism,rear,severe,phone,comprehensive,False,False,True,13,118853,68,0,14,2010,13120.84,0.767,1312.08,3451.5,2.0,False,,,scrapped_by_model,0.9994,1,1,0.9978,1,0.9979,1
CLM001770,POL004672,2024-01-20,2023-12-30,2019-12-26,2020-12-25,21,Nissan,Qashqai,Estate,vandalism,multiple,moderate,online,comprehensive,True,False,True,2,103115,34,0,2,2022,27146.52,0.876,22803.08,3066.0,0.1345,True,,,sent_to_garage,0.2162,0,1,0.8727,0,0.4634,0
CLM001771,POL003277,2023-12-24,2023-12-15,2017-09-26,2018-09-26,9,Ford,Focus,Van,collision,front,severe,phone,third_party,True,True,True,20,191878,46,0,5,2003,,,,,,False,,,sent_to_garage,0.9948,0,1,0.9765,0,0.9764,0
CLM001775,POL003606,2022-10-28,2022-10-13,2016-12-19,2017-12-19,15,Volkswagen,Golf,SUV,vandalism,front,moderate,app,comprehensive,False,False,True,19,141039,36,0,9,2003,,,,,,False,,,sent_to_garage,0.5286,0,1,0.8543,0,0.7702,0
CLM001776,POL002949,2023-08-25,2023-08-23,2015-10-06,2016-10-05,2,Audi,A3,Sedan,fire,roof,severe,phone,comprehensive,False,True,True,5,141926,41,1,1,2018,29234.39,1.714,17540.63,10284.0,0.5863,False,,,sent_to_garage,0.2789,0,1,0.9326,0,0.8632,0
CLM001779,POL001955,2022-11-28,2022-11-01,2014-10-31,2015-10-31,27,BMW,X3,Estate,collision,front,moderate,direct,comprehensive,False,True,True,9,102514,48,0,19,2013,47836.73,1.853,13394.28,3706.0,0.2767,False,,,sent_to_garage,0.1185,0,0,0.0103,0,0.1089,0
CLM001781,POL000959,2022-07-04,2022-06-04,2012-05-10,2013-05-10,30,Audi,Q3,SUV,vandalism,multiple,moderate,broker,third_party,False,True,True,12,178784,59,2,11,2010,34142.87,1.763,3414.29,6170.5,1.8073,False,,,sent_to_garage,0.9977,0,1,0.9971,1,0.9995,1
CLM001785,POL001392,2022-09-04,2022-08-05,2020-03-17,2021-03-17,30,BMW,3 Series,Hatchback,vandalism,multiple,moderate,direct,comprehensive,True,True,True,4,24830,46,1,20,2018,33402.16,1.766,22713.47,6181.0,0.2721,True,,,sent_to_garage,0.2594,0,0,0.0572,0,0.1557,0
CLM001786,POL004755,2023-10-30,2023-10-20,2012-07-07,2013-07-07,10,Hyundai,i20,Hatchback,collision,roof,moderate,online,third_party,False,True,True,9,103566,36,0,13,2014,16668.58,0.803,4667.2,2007.5,0.4301,False,,,sent_to_garage,0.1154,0,0,0.0598,0,0.0523,0
CLM001790,POL000439,2022-02-24,2022-01-31,2016-12-29,2017-12-29,24,Mercedes,GLC,Motorbike,fire,side,minor,broker,third_party,False,False,True,15,156802,56,0,18,2007,46587.94,2.006,4658.79,802.4,0.1722,False,,,sent_to_garage,0.2912,0,1,0.8571,0,0.62,0
CLM001791,POL004320,2023-01-10,2023-01-06,2014-03-04,2015-03-04,4,Vauxhall,Mokka,Van,theft_damage,rear,moderate,online,comprehensive,False,True,False,3,191663,38,0,7,2020,23054.29,0.794,17521.26,1429.2,0.0816,False,,,sent_to_garage,0.0918,0,0,0.0683,0,0.1564,0
CLM001792,POL001738,2024-08-28,2024-08-03,2019-10-31,2020-10-30,25,Hyundai,i10,SUV,collision,rear,severe,broker,comprehensive,False,False,True,3,8034,28,1,9,2021,12311.96,0.733,9357.09,3298.5,0.3525,False,,,sent_to_garage,0.3656,0,0,0.1367,0,0.4273,0
CLM001796,POL001666,2022-11-07,2022-11-02,2018-09-18,2019-09-18,5,Hyundai,i20,Motorbike,collision,side,minor,app,comprehensive,False,False,True,0,129795,63,0,1,2022,15738.97,0.785,15738.97,314.0,0.02,False,,,sent_to_garage,0.288,0,0,0.0189,0,0.0671,0
CLM001799,POL003130,2024-07-11,2024-07-03,2017-12-10,2018-12-10,8,Honda,Civic,Sedan,collision,rear,moderate,broker,comprehensive,False,False,True,7,191488,30,5,4,2017,22722.8,0.891,9998.03,1603.8,0.1604,False,,,sent_to_garage,0.1061,0,0,0.0256,0,0.0888,0
CLM001801,POL003447,2024-05-08,2024-05-07,2013-02-06,2014-02-06,1,Mercedes,GLC,Van,theft_damage,multiple,severe,app,third_party_fire_theft,False,True,True,2,61799,46,1,8,2022,48735.32,1.97,40937.67,15760.0,0.385,True,,,sent_to_garage,0.7041,0,1,0.8942,0,0.7921,0
CLM001805,POL003811,2022-03-07,2022-02-12,2020-08-09,2021-08-09,23,Honda,Civic,Hatchback,vandalism,rear,moderate,direct,third_party,False,True,False,14,70608,32,0,5,2008,21285.76,0.897,2128.58,1614.6,0.7585,False,,,sent_to_garage,0.3969,0,0,0.0452,0,0.151,0
CLM001809,POL002310,2024-09-26,2024-09-05,2020-03-22,2021-03-22,21,Honda,CR-V,Motorbike,collision,front,severe,online,third_party,False,True,True,5,94341,22,0,0,2019,29885.45,0.929,17931.27,4645.0,0.259,True,,,sent_to_garage,0.1542,0,1,0.8509,0,0.2325,0
CLM001813,POL004195,2022-08-24,2022-07-28,2013-11-19,2014-11-19,27,Nissan,Micra,Van,vandalism,multiple,severe,app,comprehensive,False,True,True,3,75562,36,1,15,2019,13223.41,0.802,10049.79,6416.0,0.6384,False,,,sent_to_garage,0.7715,0,1,0.9615,0,0.7881,0
CLM001814,POL001339,2022-02-05,2022-01-19,2020-02-10,2021-02-09,17,BMW,1 Series,Hatchback,theft_damage,front,moderate,app,comprehensive,True,False,False,10,82552,51,1,2,2012,26669.61,1.706,5333.92,3412.0,0.6397,False,,,sent_to_garage,0.0987,0,0,0.0595,0,0.1081,0
CLM001817,POL004294,2023-02-11,2023-02-05,2019-09-08,2020-09-07,6,Ford,Kuga,SUV,flood,front,minor,phone,comprehensive,True,True,True,14,192033,27,1,1,2009,29283.97,0.899,2928.4,449.5,0.1535,False,,,sent_to_garage,0.4461,0,0,0.0328,0,0.2156,0
CLM001818,POL002669,2023-04-14,2023-04-03,2014-09-18,2015-09-18,11,BMW,5 Series,Motorbike,fire,rear,moderate,online,comprehensive,False,True,True,11,126173,42,2,3,2012,44900.45,1.891,5388.05,3403.8,0.6317,False,,,sent_to_garage,0.5347,0,0,0.1426,0,0.112,0
CLM001819,POL002819,2024-07-03,2024-06-20,2022-03-02,2023-03-02,13,Ford,Kuga,SUV,collision,front,moderate,online,comprehensive,False,True,True,11,186788,54,0,17,2013,27925.77,0.887,3351.09,1774.0,0.5294,False,,,sent_to_garage,0.0176,0,0,0.0441,0,0.0571,0
CLM001820,POL003500,2024-05-12,2024-04-29,2020-07-01,2021-07-01,13,Hyundai,i20,Van,theft_damage,multiple,severe,app,comprehensive,True,True,False,11,32168,55,1,8,2013,16737.0,0.79,2008.44,6320.0,2.0,False,,,scrapped_by_model,0.9997,1,1,0.9996,1,0.9992,1
CLM001822,POL002778,2022-05-23,2022-04-24,2012-01-19,2013-01-18,29,Mercedes,E-Class,Hatchback,collision,front,minor,direct,comprehensive,False,False,False,2,27049,20,1,3,2020,54074.39,2.057,45422.49,1028.5,0.0226,True,,,sent_to_garage,0.0738,0,0,0.0129,0,0.0483,0
CLM001827,POL002912,2024-07-28,2024-07-11,2023-06-28,2024-06-27,17,Hyundai,i20,Motorbike,collision,side,minor,online,comprehensive,True,False,False,12,167112,50,0,9,2012,15501.65,0.794,1550.16,317.6,0.2049,False,,,sent_to_garage,0.0139,0,0,0.028,0,0.1094,0
CLM001829,POL005205,2024-04-14,2024-04-06,2022-01-14,2023-01-14,8,Mercedes,GLC,Estate,theft_damage,rear,minor,app,comprehensive,True,True,True,12,128718,39,1,5,2012,46536.6,1.958,4653.66,881.1,0.1893,False,,,sent_to_garage,0.1037,0,0,0.0468,0,0.105,0
CLM001830,POL002787,2024-05-20,2024-04-21,2016-11-12,2017-11-12,29,Toyota,Camry,SUV,flood,multiple,moderate,app,comprehensive,False,True,True,9,6726,52,2,11,2015,29599.83,0.882,8287.95,3087.0,0.3725,False,,,sent_to_garage,0.2701,0,1,0.7658,0,0.615,0
CLM001832,POL005938,2024-09-04,2024-09-03,2016-06-13,2017-06-13,1,Ford,Transit,Hatchback,collision,multiple,severe,online,comprehensive,False,False,True,5,173153,17,1,2,2019,29089.3,0.939,17453.58,7512.0,0.4304,False,,,sent_to_garage,0.8758,0,1,0.9936,1,0.9591,0
CLM001833,POL002545,2023-05-13,2023-05-03,2019-10-21,2020-10-20,10,Volkswagen,Polo,Estate,vandalism,multiple,moderate,direct,comprehensive,True,True,False,17,67742,45,1,3,2006,15692.06,0.905,1569.21,3167.5,2.0,False,,,scrapped_by_model,0.9996,1,1,0.9988,1,0.9968,1
CLM001837,POL000004,2023-01-28,2023-01-01,2018-07-16,2019-07-16,27,Honda,HR-V,Sedan,fire,rear,moderate,online,comprehensive,True,True,True,8,182006,66,0,5,2015,25900.7,0.89,9324.25,1602.0,0.1718,False,,,sent_to_garage,0.1073,0,0,0.1291,0,0.0668,0
CLM001838,POL002440,2023-03-23,2023-03-19,2014-02-06,2015-02-06,4,Nissan,Leaf,Sedan,collision,side,minor,phone,comprehensive,False,True,True,17,182671,36,1,1,2006,31239.86,0.978,3123.99,391.2,0.1252,False,,,sent_to_garage,0.3392,0,0,0.1189,0,0.2284,0
CLM001843,POL000872,2023-08-23,2023-08-10,2019-06-06,2020-06-05,13,Hyundai,Tucson,Hatchback,vandalism,side,moderate,broker,comprehensive,False,True,False,8,68957,37,1,4,2015,27524.56,0.89,9908.84,1335.0,0.1347,False,,,sent_to_garage,0.0277,0,0,0.0816,0,0.0643,0
CLM001846,POL003539,2022-06-15,2022-06-13,2018-01-04,2019-01-04,2,Mercedes,GLC,Estate,vandalism,side,severe,online,comprehensive,False,True,False,1,73803,33,1,8,2021,46477.48,1.929,42759.28,7716.0,0.1805,True,,,sent_to_garage,0.0104,0,0,0.0284,0,0.0602,0
CLM001849,POL002328,2022-12-11,2022-11-21,2013-02-21,2014-02-21,20,BMW,X5,Estate,collision,roof,moderate,broker,comprehensive,True,False,False,14,3760,38,0,19,2008,66415.44,2.054,6641.54,5135.0,0.7732,False,,,sent_to_garage,0.0339,0,0,0.0526,0,0.0544,0
CLM001856,POL006901,2024-04-09,2024-03-19,2018-10-21,2019-10-21,21,BMW,5 Series,Van,fire,front,minor,online,comprehensive,False,True,True,9,4792,40,1,12,2015,44457.59,1.921,12448.13,960.5,0.0772,False,,,sent_to_garage,0.1266,0,0,0.1316,0,0.0838,0
CLM001858,POL001620,2024-01-24,2024-01-13,2017-08-01,2018-08-01,11,BMW,5 Series,Hatchback,theft_damage,multiple,moderate,broker,comprehensive,False,False,True,7,97408,48,0,20,2017,46873.57,1.898,20624.37,6643.0,0.3221,True,,,sent_to_garage,0.1861,0,0,0.0332,0,0.0913,0
CLM001859,POL001415,2023-05-08,2023-04-25,2019-05-19,2020-05-18,13,Hyundai,Tucson,Sedan,fire,rear,minor,direct,third_party_fire_theft,False,False,False,16,86713,17,1,12,2007,28224.67,0.894,2822.47,402.3,0.1425,False,,,sent_to_garage,0.5744,0,0,0.0815,0,0.3627,0
CLM001864,POL002975,2023-02-05,2023-01-21,2021-10-27,2022-10-27,15,BMW,5 Series,Estate,theft_damage,side,moderate,app,comprehensive,True,True,False,19,199248,41,1,15,2004,46546.09,1.946,4654.61,2919.0,0.6271,False,,,sent_to_garage,0.5006,0,0,0.1288,0,0.2259,0
CLM001866,POL004856,2022-07-11,2022-07-09,2020-07-16,2021-07-16,2,Vauxhall,Mokka,Motorbike,theft_damage,roof,severe,broker,third_party,False,True,False,7,153877,56,0,7,2015,22622.51,0.803,9953.9,4818.0,0.484,False,,,sent_to_garage,0.2149,0,0,0.1417,0,0.1868,0
CLM001869,POL002985,2023-11-12,2023-11-05,2018-04-28,2019-04-28,7,Nissan,Qashqai,Sedan,collision,front,moderate,app,comprehensive,True,False,True,20,133567,62,1,16,2003,,,,,,False,,,sent_to_garage,0.103,0,0,0.1512,0,0.1593,0
CLM001871,POL001713,2024-02-02,2024-01-14,2016-04-10,2017-04-10,19,BMW,X5,Van,flood,roof,moderate,app,comprehensive,False,True,True,12,136554,40,0,4,2012,61829.97,1.995,6183.0,4987.5,0.8066,False,,,sent_to_garage,0.9523,0,1,0.9216,0,0.7961,0
CLM001873,POL006434,2024-10-22,2024-10-19,2024-07-20,2025-07-20,3,Audi,A3,SUV,theft_damage,side,moderate,broker,comprehensive,False,True,False,11,65990,35,1,8,2013,29038.48,1.741,3484.62,2611.5,0.7494,False,,,sent_to_garage,0.0718,0,0,0.0242,0,0.1233,0
CLM001874,POL006421,2023-01-24,2022-12-28,2013-11-11,2014-11-11,27,Vauxhall,Astra,Van,collision,front,severe,broker,comprehensive,False,True,False,6,112256,35,0,18,2017,18605.24,0.728,9674.72,3640.0,0.3762,False,,,sent_to_garage,0.2488,0,0,0.0165,0,0.1209,0
CLM001877,POL001520,2024-06-04,2024-05-08,2021-07-21,2022-07-21,27,BMW,X5,SUV,flood,side,moderate,phone,comprehensive,False,True,True,7,186436,50,2,8,2017,68230.73,2.046,30021.52,3069.0,0.1022,True,,,sent_to_garage,0.0146,0,0,0.0084,0,0.0813,0
CLM001880,POL003167,2024-04-08,2024-04-04,2015-03-18,2016-03-17,4,Volkswagen,Polo,Van,fire,roof,moderate,phone,third_party,False,True,True,5,169373,50,0,15,2019,15398.19,0.875,9238.91,2187.5,0.2368,False,,,sent_to_garage,0.6378,0,0,0.1501,0,0.2589,0
CLM001884,POL004231,2024-05-12,2024-04-23,2019-04-02,2020-04-01,19,Honda,Civic,Van,flood,front,minor,direct,comprehensive,True,True,True,13,89966,52,0,13,2011,21887.2,0.874,2188.72,437.0,0.1997,False,,,sent_to_garage,0.0744,0,0,0.0219,0,0.094,0
CLM001885,POL001884,2024-10-05,2024-10-05,2016-12-01,2017-12-01,0,Vauxhall,Mokka,Estate,vandalism,rear,severe,direct,third_party,True,False,False,5,42822,36,3,4,2019,22535.92,0.777,13521.55,3496.5,0.2586,False,,,sent_to_garage,0.0241,0,0,0.0268,0,0.1056,0
CLM001890,POL002521,2024-06-07,2024-05-31,2022-11-27,2023-11-27,7,Honda,Civic,Motorbike,flood,multiple,severe,direct,comprehensive,False,True,False,9,177173,59,1,15,2015,21535.98,0.892,6030.07,7136.0,1.1834,False,,,scrapped_by_model,0.9997,1,1,0.9982,1,0.9997,1
CLM001892,POL004288,2024-08-20,2024-08-14,2018-11-27,2019-11-27,6,Toyota,Yaris,Sedan,fire,roof,severe,app,third_party_fire_theft,False,True,False,20,165017,18,0,7,2004,15234.4,0.778,1523.44,4668.0,2.0,False,,,scrapped_by_model,0.9999,1,1,0.9999,1,0.9999,1
CLM001894,POL000120,2024-08-24,2024-08-24,2018-07-17,2019-07-17,0,Volkswagen,Passat,Sedan,flood,front,minor,phone,comprehensive,True,False,False,13,34917,29,1,11,2011,29761.15,1.079,2976.12,539.5,0.1813,False,,,sent_to_garage,0.1313,0,0,0.0161,0,0.0999,0
CLM001896,POL001000,2023-05-15,2023-05-07,2020-08-10,2021-08-10,8,Audi,A4,SUV,theft_damage,roof,minor,broker,third_party_fire_theft,False,False,False,6,28245,21,0,5,2017,39115.81,1.769,20340.22,1061.4,0.0522,True,,,sent_to_garage,0.1493,0,0,0.004,0,0.0316,0
CLM001903,POL004793,2024-11-20,2024-11-19,2015-06-09,2016-06-08,1,Mercedes,A-Class,Hatchback,flood,rear,minor,online,comprehensive,False,True,False,9,142221,37,0,15,2015,29492.15,1.841,8257.8,828.45,0.1003,False,,,sent_to_garage,0.1066,0,0,0.0216,0,0.2509,0
CLM001904,POL000878,2024-06-11,2024-06-06,2023-05-27,2024-05-26,5,Nissan,Leaf,Van,theft_damage,front,minor,direct,third_party,False,False,True,20,54417,57,1,7,2004,29075.76,0.981,2907.58,490.5,0.1687,False,,,sent_to_garage,0.2804,0,0,0.0437,0,0.075,0
CLM001905,POL003426,2022-03-18,2022-02-25,2019-04-07,2020-04-06,21,Audi,Q3,Van,flood,front,moderate,online,comprehensive,False,True,True,19,137111,18,1,4,2003,,,,,,False,,,sent_to_garage,0.5578,0,1,0.8466,0,0.6494,0
CLM001908,POL000406,2022-10-23,2022-10-17,2012-09-03,2013-09-03,6,Volkswagen,Tiguan,Van,theft_damage,front,moderate,direct,third_party_fire_theft,True,True,False,8,66898,67,1,15,2014,33461.85,1.113,12046.27,2226.0,0.1848,False,,,sent_to_garage,0.2069,0,0,0.0225,0,0.1487,0
CLM001910,POL005043,2024-04-21,2024-04-08,2015-04-25,2016-04-24,13,Volkswagen,Polo,Hatchback,fire,roof,moderate,direct,third_party,True,False,False,13,187505,34,0,12,2011,16645.32,0.912,1664.53,2280.0,1.3698,False,,,sent_to_garage,0.9937,0,1,0.9997,1,0.9973,1
CLM001911,POL000063,2023-11-01,2023-10-29,2019-01-21,2020-01-21,3,Volkswagen,Passat,Motorbike,flood,side,severe,app,comprehensive,False,False,True,20,98557,59,3,5,2003,,,,,,False,,,sent_to_garage,0.9986,0,1,0.9212,0,0.9618,0
CLM001912,POL001009,2024-09-24,2024-08-28,2023-06-24,2024-06-23,27,Hyundai,i20,Motorbike,collision,multiple,minor,broker,comprehensive,False,False,True,12,59695,47,2,13,2012,15501.65,0.794,1550.16,635.2,0.4098,False,,,sent_to_garage,0.1036,0,0,0.0997,0,0.0979,0
CLM001914,POL003103,2024-07-12,2024-06-20,2013-02-13,2014-02-13,22,Honda,HR-V,Van,flood,rear,moderate,online,third_party,False,False,True,2,40012,54,1,11,2022,24054.92,0.919,20206.13,1654.2,0.0819,True,,,sent_to_garage,0.0279,0,0,0.0137,0,0.0287,0
CLM001920,POL005746,2024-11-20,2024-11-17,2023-05-04,2024-05-03,3,BMW,X3,Van,flood,roof,moderate,direct,comprehensive,False,True,True,11,170313,20,0,3,2013,47836.73,1.853,5740.41,4632.5,0.807,False,,,sent_to_garage,0.8993,0,1,0.9843,0,0.9895,0
CLM001923,POL002695,2024-07-07,2024-06-27,2014-04-09,2015-04-09,10,Volkswagen,Golf,SUV,collision,rear,severe,direct,comprehensive,True,True,True,16,99906,20,1,1,2008,25684.3,1.022,2568.43,4599.0,1.7906,False,,,scrapped_by_model,0.9999,1,1,0.9998,1,0.9996,1
CLM001925,POL001268,2024-02-21,2024-02-01,2015-03-15,2016-03-14,20,Toyota,Camry,Estate,fire,front,severe,online,comprehensive,False,True,True,4,168539,20,0,19,2020,31050.82,0.872,21114.56,4360.0,0.2065,True,,,sent_to_garage,0.9257,0,1,0.9483,0,0.8905,0
CLM001926,POL000260,2024-08-31,2024-08-12,2018-08-22,2019-08-22,19,Hyundai,i30,Sedan,vandalism,rear,moderate,online,comprehensive,True,False,True,20,64033,41,0,12,2004,20423.84,0.823,2042.38,1481.4,0.7253,False,,,sent_to_garage,0.5962,0,1,0.692,0,0.6048,0
CLM001928,POL004018,2022-03-15,2022-02-13,2013-02-22,2014-02-22,30,BMW,X3,Van,vandalism,roof,moderate,direct,comprehensive,False,True,True,12,106372,22,1,7,2010,48432.36,1.805,4843.24,4512.5,0.9317,False,,,sent_to_garage,0.9977,0,0,0.1631,0,0.2628,0
CLM001929,POL000105,2023-03-03,2023-02-12,2012-11-05,2013-11-05,19,BMW,5 Series,Motorbike,vandalism,front,moderate,online,comprehensive,False,False,True,9,95395,27,1,10,2014,44398.77,1.88,12431.66,3760.0,0.3025,False,,,sent_to_garage,0.0302,0,0,0.0444,0,0.0996,0
CLM001931,POL003637,2022-04-09,2022-04-01,2015-01-07,2016-01-07,8,Hyundai,i10,SUV,flood,multiple,minor,online,third_party_fire_theft,True,True,True,9,35380,50,1,4,2013,11669.63,0.766,3267.5,612.8,0.1875,False,,,sent_to_garage,0.1435,0,0,0.1072,0,0.3531,0
CLM001936,POL000581,2024-06-30,2024-06-23,2017-06-21,2018-06-21,7,Vauxhall,Corsa,SUV,collision,side,moderate,direct,comprehensive,True,False,False,17,173688,19,0,11,2007,12411.59,0.685,1241.16,1027.5,0.8279,False,,,sent_to_garage,0.8986,0,1,0.9942,1,0.9939,0
CLM001937,POL002683,2023-06-03,2023-05-28,2018-08-07,2019-08-07,6,Ford,Fiesta,SUV,flood,side,minor,phone,third_party_fire_theft,True,True,True,16,40478,22,0,6,2007,12313.37,0.763,1231.34,305.2,0.2479,False,,,sent_to_garage,0.0318,0,0,0.0174,0,0.0344,0
CLM001944,POL000998,2023-12-22,2023-12-01,2016-12-26,2017-12-26,21,Toyota,RAV4,Motorbike,flood,multiple,minor,app,comprehensive,False,False,True,6,80789,53,2,3,2017,32600.53,0.911,16952.28,728.8,0.043,False,,,sent_to_garage,0.1286,0,1,0.8808,0,0.5401,0
CLM001945,POL004656,2022-12-17,2022-12-15,2021-03-04,2022-03-04,2,Audi,A3,Sedan,fire,side,moderate,app,comprehensive,True,True,True,5,39780,51,1,16,2017,30092.55,1.724,18055.53,2586.0,0.1432,True,,,sent_to_garage,0.1094,0,0,0.0444,0,0.2381,0
CLM001946,POL005228,2024-03-19,2024-02-27,2018-01-21,2019-01-21,21,Toyota,Camry,Van,flood,rear,moderate,phone,third_party,False,True,False,9,68831,57,1,8,2015,29599.83,0.882,8287.95,1587.6,0.1916,False,,,sent_to_garage,0.1959,0,0,0.0862,0,0.1133,0
CLM001947,POL001137,2024-12-17,2024-11-19,2021-11-08,2022-11-08,28,Toyota,Corolla,Motorbike,theft_damage,multiple,moderate,direct,comprehensive,False,False,True,4,39071,40,1,17,2020,22632.35,0.853,15390.0,2985.5,0.194,False,,,sent_to_garage,0.1549,0,0,0.0442,0,0.2393,0
CLM001953,POL004309,2022-05-13,2022-05-02,2019-03-10,2020-03-09,11,Hyundai,i10,Hatchback,vandalism,side,moderate,direct,third_party,False,False,True,13,186047,23,0,5,2009,12489.13,0.764,1248.91,1146.0,0.9176,False,,,sent_to_garage,0.995,0,1,0.9643,0,0.9935,0
CLM001955,POL005116,2024-06-22,2024-06-22,2013-12-31,2014-12-31,0,Nissan,Leaf,Motorbike,flood,front,moderate,direct,comprehensive,True,False,True,1,12193,34,1,13,2023,31448.96,0.995,28933.04,1990.0,0.0688,True,,,sent_to_garage,0.0212,0,0,0.0078,0,0.011,0
CLM001959,POL004799,2024-03-03,2024-02-08,2017-11-18,2018-11-18,24,Honda,Civic,Van,theft_damage,side,moderate,broker,comprehensive,True,False,True,20,46615,17,1,1,2004,21922.3,0.873,2192.23,1309.5,0.5973,False,,,sent_to_garage,0.3108,0,0,0.0345,0,0.0334,0
CLM001963,POL003230,2023-12-22,2023-11-22,2012-12-14,2013-12-14,30,Vauxhall,Insignia,Hatchback,collision,roof,minor,phone,comprehensive,False,True,True,8,2699,59,1,7,2015,26148.33,0.858,9413.4,514.8,0.0547,False,,,sent_to_garage,0.0237,0,0,0.0644,0,0.1386,0
CLM001967,POL004121,2022-06-22,2022-06-12,2016-06-20,2017-06-20,10,Toyota,Camry,Hatchback,theft_damage,roof,moderate,phone,comprehensive,False,True,True,2,127646,32,1,1,2020,31050.82,0.872,26082.69,2180.0,0.0836,True,,,sent_to_garage,0.0462,0,1,0.6799,0,0.5668,0
CLM001970,POL002879,2022-05-27,2022-05-19,2015-11-20,2016-11-19,8,Toyota,RAV4,Motorbike,collision,roof,moderate,broker,third_party,False,False,False,16,181616,49,1,10,2006,31981.25,0.879,3198.12,2197.5,0.6871,False,,,sent_to_garage,0.0839,0,1,0.7441,0,0.619,0
CLM001971,POL001763,2024-01-22,2023-12-27,2014-12-23,2015-12-23,26,Vauxhall,Insignia,Motorbike,vandalism,front,moderate,direct,comprehensive,False,False,True,18,83279,34,0,0,2006,24735.27,0.831,2473.53,1662.0,0.6719,False,,,sent_to_garage,0.5648,0,0,0.0378,0,0.1903,0
CLM001976,POL001240,2024-12-27,2024-12-10,2014-12-15,2015-12-15,17,Hyundai,i30,Sedan,vandalism,rear,moderate,phone,comprehensive,False,False,True,0,187540,46,0,5,2024,19423.54,0.8,19423.54,1440.0,0.0741,True,,,sent_to_garage,0.0979,0,0,0.0764,0,0.0419,0
CLM001980,POL001216,2024-01-24,2024-01-10,2013-05-16,2014-05-16,14,Volkswagen,Passat,SUV,vandalism,rear,severe,app,comprehensive,False,True,True,16,107835,39,1,18,2008,28701.5,1.031,2870.15,4639.5,1.6165,False,,,scrapped_by_model,0.9999,1,1,0.9998,1,0.9999,1
CLM001983,POL004810,2023-01-09,2022-12-18,2021-05-23,2022-05-23,22,Vauxhall,Insignia,Motorbike,collision,front,severe,app,third_party,False,True,True,11,164633,63,3,10,2012,24214.42,0.851,2905.73,4255.0,1.4643,False,,,scrapped_by_model,0.9995,1,1,0.9983,1,0.9995,1
CLM001984,POL001365,2022-06-08,2022-05-10,2021-03-14,2022-03-14,29,Honda,Jazz,SUV,flood,multiple,moderate,online,third_party_fire_theft,False,True,True,10,191503,24,0,2,2012,15430.25,0.869,3086.05,3041.5,0.9856,False,,,scrapped_by_model,0.9994,1,1,0.9974,1,0.999,1
CLM001990,POL000851,2023-08-16,2023-08-02,2016-04-30,2017-04-30,14,Audi,A3,Sedan,collision,roof,moderate,online,comprehensive,False,False,True,18,139111,55,3,3,2005,28980.94,1.787,2898.09,4467.5,1.5415,False,,,scrapped_by_model,0.9996,1,1,0.9966,1,0.9986,1
CLM001992,POL003807,2023-06-14,2023-05-28,2019-08-06,2020-08-05,17,Ford,Mondeo,Hatchback,theft_damage,rear,moderate,app,comprehensive,False,False,False,14,143276,47,1,14,2009,21563.33,0.857,2156.33,1542.6,0.7154,False,,,sent_to_garage,0.1673,0,0,0.1009,0,0.327,0
CLM001996,POL004257,2022-11-15,2022-11-05,2020-06-27,2021-06-27,10,Ford,Mondeo,Sedan,collision,multiple,moderate,app,third_party,False,True,True,15,65998,42,0,10,2007,21235.09,0.86,2123.51,3010.0,1.4175,False,,,scrapped_by_model,0.9993,1,1,0.9986,1,0.9995,1
CLM002000,POL002937,2024-03-07,2024-02-23,2015-03-07,2016-03-06,13,BMW,X3,Hatchback,vandalism,front,moderate,phone,comprehensive,False,True,False,1,99603,53,2,11,2023,46356.54,1.811,42648.02,3622.0,0.0849,True,,,sent_to_garage,0.0308,0,0,0.1079,0,0.1327,0
CLM002002,POL002521,2023-03-23,2023-03-03,2016-01-22,2017-01-21,20,Toyota,Camry,Van,theft_damage,roof,moderate,broker,comprehensive,False,True,True,16,8030,63,1,5,2007,29042.78,0.901,2904.28,2252.5,0.7756,False,,,sent_to_garage,0.1387,0,1,0.9288,0,0.5982,0
CLM002005,POL000655,2022-06-24,2022-06-01,2020-12-29,2021-12-29,23,Hyundai,i10,Hatchback,collision,side,moderate,online,comprehensive,False,False,True,16,87362,41,0,18,2006,11961.88,0.737,1196.19,1105.5,0.9242,False,,,scrapped_by_model,0.9989,1,1,0.9838,0,0.9928,0
CLM002006,POL004998,2023-11-30,2023-11-23,2021-04-04,2022-04-04,7,BMW,X5,Hatchback,vandalism,rear,moderate,direct,third_party,False,True,False,1,198669,51,0,5,2022,61938.5,1.969,56983.42,3544.2,0.0622,True,,,sent_to_garage,0.2233,0,1,0.9229,0,0.6456,0
CLM002008,POL000800,2024-09-18,2024-09-16,2022-01-17,2023-01-17,2,Mercedes,E-Class,Sedan,collision,roof,moderate,broker,comprehensive,False,False,True,13,109338,33,2,17,2011,51714.08,1.948,5171.41,4870.0,0.9417,False,,,sent_to_garage,0.9985,0,1,0.9813,0,0.9916,0
CLM002009,POL000863,2023-03-09,2023-02-14,2019-02-27,2020-02-27,23,Ford,Focus,Hatchback,flood,front,severe,broker,third_party,False,False,True,13,161122,52,0,10,2010,18369.3,0.813,1836.93,4065.0,2.0,False,,,scrapped_by_model,0.9997,1,1,0.9995,1,0.9999,1
CLM002010,POL003883,2022-09-05,2022-09-02,2019-11-26,2020-11-25,3,Honda,HR-V,Hatchback,collision,multiple,minor,phone,comprehensive,False,True,True,0,81688,33,0,5,2022,24054.92,0.919,24054.92,735.2,0.0306,True,,,sent_to_garage,0.2034,0,1,0.9166,0,0.5174,0
CLM002014,POL002491,2023-04-07,2023-03-14,2015-04-04,2016-04-03,24,Hyundai,Tucson,Motorbike,fire,multiple,moderate,app,comprehensive,False,True,True,12,95780,36,1,7,2011,27568.98,0.878,2756.9,3073.0,1.1147,False,,,scrapped_by_model,0.9992,1,1,0.9914,0,0.9989,1
CLM002017,POL001580,2023-01-11,2022-12-12,2013-08-12,2014-08-12,30,Vauxhall,Astra,Motorbike,collision,roof,moderate,broker,comprehensive,False,True,True,10,115150,36,0,20,2013,18684.68,0.752,3736.94,1880.0,0.5031,False,,,sent_to_garage,0.1753,0,0,0.0266,0,0.0421,0
CLM002020,POL002111,2023-12-15,2023-11-23,2021-01-06,2022-01-06,22,Mercedes,C-Class,Van,theft_damage,front,moderate,broker,third_party_fire_theft,False,False,True,5,3588,51,1,20,2018,39619.98,1.935,23771.99,3870.0,0.1628,True,,,sent_to_garage,0.1874,0,0,0.0397,0,0.0292,0
CLM002024,POL001403,2023-09-04,2023-08-22,2022-10-17,2023-10-17,13,Volkswagen,Golf,Hatchback,collision,roof,moderate,phone,third_party_fire_theft,False,False,False,10,31404,17,0,8,2013,25443.22,0.972,5088.64,2430.0,0.4775,False,,,sent_to_garage,0.0829,0,0,0.0115,0,0.0706,0
CLM002025,POL002578,2022-12-03,2022-11-15,2012-11-27,2013-11-27,18,BMW,X3,Hatchback,collision,roof,moderate,app,comprehensive,True,False,True,8,84482,51,1,17,2014,49266.83,1.883,17736.06,4707.5,0.2654,True,,,sent_to_garage,0.0753,0,0,0.0504,0,0.0361,0
CLM002026,POL002226,2022-01-11,2021-12-20,2020-09-17,2021-09-17,22,Nissan,Micra,Hatchback,theft_damage,side,moderate,broker,third_party,False,False,True,6,83596,42,1,1,2016,12906.62,0.786,6711.44,1179.0,0.1757,False,,,sent_to_garage,0.0223,0,0,0.0238,0,0.0408,0
CLM002027,POL004576,2023-01-14,2023-01-08,2021-08-12,2022-08-12,6,Audi,Q5,Sedan,fire,multiple,severe,online,third_party_fire_theft,True,False,True,14,112190,43,2,10,2009,46338.8,1.888,4633.88,15104.0,2.0,False,,,scrapped_by_model,0.9993,1,1,0.9999,1,0.9996,1
CLM002029,POL002996,2022-05-28,2022-05-27,2017-04-29,2018-04-29,1,Honda,Civic,SUV,flood,front,minor,direct,third_party,True,True,True,3,115372,29,0,18,2019,22223.43,0.879,16889.81,439.5,0.026,False,,,sent_to_garage,0.0928,0,0,0.0291,0,0.0747,0
CLM002030,POL003352,2024-10-09,2024-09-23,2023-04-20,2024-04-19,16,Vauxhall,Mokka,Hatchback,fire,rear,severe,phone,comprehensive,False,False,True,19,197457,61,2,8,2005,22044.51,0.796,2204.45,3582.0,1.6249,False,,,scrapped_by_model,1.0,1,1,0.999,1,0.9975,1
CLM002033,POL001948,2022-02-17,2022-01-26,2012-09-16,2013-09-16,22,Hyundai,i30,Sedan,vandalism,side,moderate,phone,comprehensive,False,False,False,2,109742,24,0,2,2020,19699.13,0.824,16547.27,1236.0,0.0747,False,,,sent_to_garage,0.0268,0,0,0.0103,0,0.0283,0
CLM002035,POL000567,2024-09-19,2024-08-24,2015-07-14,2016-07-13,26,Volkswagen,Tiguan,SUV,theft_damage,side,moderate,app,third_party,False,True,False,0,63453,44,0,10,2024,35641.4,1.082,35641.4,1623.0,0.0455,True,,,sent_to_garage,0.109,0,0,0.0089,0,0.1459,0
CLM002039,POL003396,2023-08-23,2023-08-12,2014-06-14,2015-06-14,11,Vauxhall,Corsa,Sedan,theft_damage,front,minor,online,comprehensive,False,True,False,10,28195,55,1,1,2013,12356.16,0.715,2471.23,357.5,0.1447,False,,,sent_to_garage,0.0112,0,0,0.0384,0,0.0686,0
CLM002040,POL004314,2022-03-05,2022-02-03,2014-12-16,2015-12-16,30,BMW,1 Series,Hatchback,flood,rear,minor,phone,third_party,True,True,True,1,136351,37,0,17,2021,28296.84,1.738,26033.09,782.1,0.03,True,,,sent_to_garage,0.2967,0,0,0.2229,0,0.1544,0
CLM002044,POL005247,2024-05-30,2024-05-08,2024-05-28,2025-05-28,22,BMW,X3,Estate,fire,front,moderate,broker,third_party,False,False,True,1,95902,57,1,5,2023,46356.54,1.811,42648.02,3622.0,0.0849,True,,,sent_to_garage,0.0392,0,0,0.0263,0,0.0313,0
CLM002045,POL006336,2022-02-14,2022-02-05,2019-02-01,2020-02-01,9,Honda,CR-V,SUV,flood,roof,minor,direct,comprehensive,False,False,True,11,171104,23,1,11,2011,28884.16,0.91,3466.1,546.0,0.1575,False,,,sent_to_garage,0.1442,0,0,0.0561,0,0.1378,0
CLM002046,POL000240,2024-09-07,2024-08-09,2013-08-30,2014-08-30,29,Ford,Kuga,Hatchback,flood,rear,minor,direct,third_party_fire_theft,True,True,True,6,154211,29,2,19,2018,26904.01,0.909,13990.09,409.05,0.0292,False,,,sent_to_garage,0.1887,0,0,0.0095,0,0.0715,0
CLM002047,POL002513,2023-03-19,2023-03-12,2015-07-12,2016-07-11,7,BMW,5 Series,Van,theft_damage,multiple,severe,app,comprehensive,True,False,True,6,106400,49,1,15,2017,46873.57,1.898,24374.26,15184.0,0.623,True,,,sent_to_garage,0.9683,0,1,0.9241,0,0.8056,0
CLM002048,POL003089,2022-11-28,2022-11-09,2019-08-25,2020-08-24,19,Vauxhall,Mokka,Sedan,vandalism,rear,moderate,phone,comprehensive,False,False,False,5,45079,68,1,16,2017,22804.26,0.814,13682.56,1465.2,0.1071,False,,,sent_to_garage,0.0597,0,1,0.5762,0,0.2878,0
CLM002052,POL000092,2022-06-11,2022-05-12,2016-04-15,2017-04-15,30,Audi,Q5,Sedan,flood,roof,moderate,online,comprehensive,True,True,False,4,145687,25,1,11,2018,45735.54,1.807,31100.17,4517.5,0.1453,True,,,sent_to_garage,0.1468,0,0,0.0459,0,0.0517,0
CLM002055,POL001829,2024-08-21,2024-08-14,2017-08-25,2018-08-25,7,Honda,Jazz,SUV,flood,multiple,minor,app,third_party_fire_theft,False,True,True,7,17453,26,0,20,2017,15255.74,0.858,6712.53,686.4,0.1023,False,,,sent_to_garage,0.1555,0,1,0.8041,0,0.5055,0
CLM002056,POL002710,2023-06-09,2023-05-10,2018-05-06,2019-05-06,30,BMW,3 Series,Estate,flood,roof,moderate,direct,comprehensive,False,True,True,16,26312,42,2,3,2007,33482.96,1.81,3348.3,4525.0,1.3514,False,,,scrapped_by_model,0.999,1,1,0.9989,1,0.9994,1
CLM002060,POL000293,2024-06-06,2024-05-22,2021-03-31,2022-03-31,15,Ford,Mondeo,Hatchback,flood,side,moderate,broker,third_party_fire_theft,False,False,False,16,98558,24,2,17,2008,21881.54,0.844,2188.15,1266.0,0.5786,False,,,sent_to_garage,0.2879,0,0,0.1175,0,0.1685,0
CLM002066,POL005258,2024-12-14,2024-12-11,2012-11-12,2013-11-12,3,Mercedes,GLC,Sedan,theft_damage,front,minor,broker,third_party,True,False,True,11,30818,38,0,20,2013,49979.75,1.954,5997.57,977.0,0.1629,False,,,sent_to_garage,0.097,0,0,0.0119,0,0.0185,0
CLM002067,POL002837,2023-09-12,2023-08-20,2012-01-04,2013-01-03,23,Volkswagen,Polo,Sedan,vandalism,side,minor,phone,comprehensive,False,True,True,16,41274,29,1,18,2007,15211.7,0.888,1521.17,355.2,0.2335,False,,,sent_to_garage,0.0498,0,0,0.0412,0,0.0651,0
CLM002070,POL002849,2023-10-08,2023-09-30,2019-08-24,2020-08-23,8,Volkswagen,Passat,Estate,flood,roof,minor,app,comprehensive,True,False,True,7,60595,23,1,7,2016,30726.95,1.056,13519.86,633.6,0.0469,False,,,sent_to_garage,0.0221,0,0,0.0102,0,0.0709,0
CLM002072,POL002532,2024-03-13,2024-02-16,2013-02-04,2014-02-04,26,Ford,Fiesta,Estate,vandalism,multiple,moderate,phone,third_party_fire_theft,False,False,False,14,175899,30,0,19,2010,12172.64,0.765,1217.26,2677.5,2.0,False,,,sent_to_garage,0.9981,0,1,0.998,1,0.9992,1
CLM002080,POL000176,2023-08-18,2023-08-16,2017-01-21,2018-01-21,2,Hyundai,i10,Hatchback,collision,multiple,moderate,broker,third_party_fire_theft,False,True,True,14,69240,50,0,3,2009,12489.13,0.764,1248.91,2674.0,2.0,False,,,scrapped_by_model,0.9997,1,1,0.9998,1,0.9981,1
CLM002082,POL001131,2024-09-05,2024-08-07,2018-11-17,2019-11-17,29,BMW,5 Series,Van,collision,roof,moderate,broker,comprehensive,False,False,True,11,7276,34,0,8,2013,43796.56,1.885,5255.59,4712.5,0.8967,False,,,sent_to_garage,0.3512,0,1,0.9462,0,0.9694,0
CLM002086,POL001488,2022-08-24,2022-08-19,2021-04-28,2022-04-28,5,Nissan,Micra,Motorbike,theft_damage,multiple,moderate,direct,comprehensive,False,True,False,14,8470,59,0,10,2008,12982.16,0.779,1298.22,2726.5,2.0,False,,,scrapped_by_model,0.9988,1,1,0.9962,1,0.9968,1
CLM002089,POL004048,2024-03-11,2024-03-05,2015-05-26,2016-05-25,6,Nissan,Qashqai,SUV,flood,front,moderate,app,third_party_fire_theft,False,True,False,13,1611,17,1,1,2011,27936.16,0.9,2793.62,1800.0,0.6443,False,,,sent_to_garage,0.0645,0,0,0.0086,0,0.071,0
CLM002092,POL004815,2023-03-30,2023-03-11,2020-09-29,2021-09-29,19,Audi,A3,Motorbike,collision,roof,minor,direct,third_party_fire_theft,False,True,True,16,157825,54,0,4,2007,29388.1,1.736,2938.81,1041.6,0.3544,False,,,sent_to_garage,0.0819,0,0,0.1522,0,0.3048,0
CLM002093,POL003230,2022-12-10,2022-11-12,2019-03-30,2020-03-29,28,Mercedes,A-Class,Van,vandalism,roof,minor,broker,comprehensive,True,False,False,12,21500,63,0,16,2010,28615.63,1.819,2861.56,1091.4,0.3814,False,,,sent_to_garage,0.2544,0,0,0.0425,0,0.1259,0
CLM002094,POL001208,2023-12-23,2023-12-09,2017-05-13,2018-05-13,14,Ford,Fiesta,Hatchback,flood,front,minor,online,third_party,True,False,True,4,87221,65,3,2,2019,12293.71,0.771,8359.72,385.5,0.0461,False,,,sent_to_garage,0.114,0,0,0.0014,0,0.037,0
CLM002099,POL000700,2022-05-07,2022-04-19,2020-07-14,2021-07-14,18,Vauxhall,Astra,Motorbike,vandalism,side,moderate,online,comprehensive,True,True,False,10,132696,17,2,15,2012,17328.44,0.768,3465.69,1152.0,0.3324,False,,,sent_to_garage,0.2488,0,0,0.0063,0,0.0469,0
CLM002101,POL004219,2022-01-14,2022-01-06,2016-02-21,2017-02-20,8,Honda,CR-V,Estate,flood,rear,moderate,online,comprehensive,False,False,False,9,111937,43,1,0,2013,31098.43,0.925,8707.56,1665.0,0.1912,False,,,sent_to_garage,0.2706,0,0,0.0522,0,0.1006,0
CLM002106,POL004012,2023-11-06,2023-10-07,2021-07-21,2022-07-21,30,Mercedes,GLC,Hatchback,theft_damage,roof,minor,direct,comprehensive,False,False,True,4,79497,41,1,18,2019,50139.33,1.936,34094.74,1161.6,0.0341,True,,,sent_to_garage,0.4365,0,0,0.0806,0,0.2623,0
CLM002111,POL002932,2024-04-04,2024-03-07,2018-04-22,2019-04-22,28,Toyota,Yaris,Hatchback,collision,front,moderate,online,third_party,False,False,False,9,124481,21,0,12,2015,15351.93,0.785,4298.54,1570.0,0.3652,False,,,sent_to_garage,0.3035,0,1,0.6711,0,0.5072,0
CLM002112,POL003012,2022-08-26,2022-07-28,2015-10-24,2016-10-23,29,Ford,Mondeo,SUV,collision,front,minor,phone,third_party,False,False,True,16,158718,68,0,10,2006,21254.8,0.85,2125.48,425.0,0.2,False,,,sent_to_garage,0.0879,0,0,0.1806,0,0.2452,0
CLM002118,POL000224,2024-06-03,2024-05-11,2020-12-09,2021-12-09,23,Hyundai,i10,Estate,flood,roof,minor,online,comprehensive,False,False,True,11,128199,17,0,14,2013,11669.63,0.766,1400.36,459.6,0.3282,False,,,sent_to_garage,0.1521,0,0,0.0273,0,0.062,0
CLM002134,POL005244,2024-02-01,2024-01-27,2012-03-05,2013-03-05,5,Volkswagen,Tiguan,Hatchback,collision,front,severe,app,comprehensive,False,True,True,10,60369,35,0,16,2014,33461.85,1.113,6692.37,5565.0,0.8315,False,,,sent_to_garage,0.7367,0,1,0.9825,0,0.9632,0
CLM002135,POL002848,2024-01-13,2024-01-07,2021-09-14,2022-09-14,6,Toyota,RAV4,Hatchback,theft_damage,front,moderate,broker,comprehensive,True,False,False,11,117396,32,0,3,2013,30891.56,0.905,3706.99,1810.0,0.4883,False,,,sent_to_garage,0.0272,0,0,0.1635,0,0.0932,0
CLM002141,POL005057,2022-10-21,2022-10-04,2016-03-29,2017-03-29,17,Toyota,Corolla,Motorbike,theft_damage,rear,minor,phone,comprehensive,False,False,True,13,93646,48,0,16,2009,21162.28,0.831,2116.23,373.95,0.1767,False,,,sent_to_garage,0.1932,0,0,0.1674,0,0.0917,0
CLM002142,POL002453,2024-09-04,2024-09-03,2023-04-16,2024-04-15,1,Nissan,Leaf,Hatchback,fire,front,moderate,direct,third_party,False,True,False,7,99146,43,2,0,2017,30929.82,0.975,13609.12,1950.0,0.1433,False,,,sent_to_garage,0.0461,0,0,0.0515,0,0.0523,0
CLM002146,POL005248,2023-11-05,2023-10-22,2022-02-04,2023-02-04,14,Ford,Fiesta,Motorbike,fire,roof,minor,broker,third_party_fire_theft,True,False,True,3,190783,49,0,19,2020,11790.99,0.744,8961.15,446.4,0.0498,False,,,sent_to_garage,0.0691,0,0,0.0274,0,0.1272,0
CLM002150,POL000527,2024-08-10,2024-07-21,2012-12-18,2013-12-18,20,Nissan,Juke,SUV,vandalism,multiple,moderate,direct,comprehensive,True,True,True,6,27850,64,0,7,2018,20641.11,0.837,10733.38,2929.5,0.2729,False,,,sent_to_garage,0.1258,0,0,0.0445,0,0.1739,0
CLM002153,POL004349,2023-10-06,2023-10-03,2020-02-02,2021-02-01,3,Honda,Jazz,Estate,vandalism,side,severe,online,comprehensive,False,False,True,6,106853,49,1,12,2017,15255.74,0.858,7932.98,3432.0,0.4326,False,,,sent_to_garage,0.613,0,0,0.1883,0,0.3386,0
CLM002155,POL003402,2023-08-07,2023-07-13,2017-10-19,2018-10-19,25,Ford,Focus,SUV,flood,front,severe,online,comprehensive,False,True,True,4,17655,47,1,0,2019,18636.13,0.787,12672.57,3935.0,0.3105,False,,,sent_to_garage,0.3916,0,1,0.8893,0,0.6112,0
CLM002159,POL002339,2022-02-10,2022-01-21,2017-06-01,2018-06-01,20,Mercedes,E-Class,Estate,flood,front,moderate,phone,comprehensive,False,False,False,0,137114,34,1,18,2022,51773.3,1.986,51773.3,3972.0,0.0767,True,,,sent_to_garage,0.1947,0,0,0.0342,0,0.1052,0
CLM002160,POL000240,2022-10-11,2022-10-10,2017-06-07,2018-06-07,1,Ford,Focus,Estate,vandalism,front,moderate,phone,third_party_fire_theft,False,False,True,2,74160,61,3,13,2020,17204.94,0.79,14452.15,1580.0,0.1093,False,,,sent_to_garage,0.4176,0,0,0.0131,0,0.1032,0
CLM002163,POL002218,2024-11-25,2024-11-23,2022-05-14,2023-05-14,2,Ford,Mondeo,Motorbike,flood,front,severe,online,third_party,False,True,True,14,79136,53,0,10,2010,21695.99,0.829,2169.6,4145.0,1.9105,False,,,scrapped_by_model,0.9991,1,1,0.999,1,0.9992,1
CLM002164,POL002401,2022-03-06,2022-02-13,2019-05-18,2020-05-17,21,Honda,HR-V,SUV,theft_damage,side,moderate,direct,comprehensive,True,False,True,0,81598,36,1,9,2022,24054.92,0.919,24054.92,1378.5,0.0573,True,,,sent_to_garage,0.2588,0,0,0.0883,0,0.1287,0
CLM002165,POL004966,2022-04-27,2022-04-17,2016-10-02,2017-10-02,10,Toyota,Camry,SUV,theft_damage,front,minor,direct,comprehensive,False,False,True,9,5970,25,1,7,2013,30447.45,0.889,8525.29,444.5,0.0521,False,,,sent_to_garage,0.0158,0,0,0.0962,0,0.0941,0
CLM002168,POL002406,2022-05-18,2022-04-22,2021-01-16,2022-01-16,26,Toyota,Yaris,Van,collision,rear,moderate,online,comprehensive,False,False,False,9,160770,31,1,18,2013,15367.78,0.806,4302.98,1450.8,0.3372,False,,,sent_to_garage,0.1804,0,0,0.1407,0,0.1415,0
CLM002171,POL002359,2023-12-11,2023-11-12,2013-06-27,2014-06-27,29,Volkswagen,Passat,Hatchback,flood,multiple,moderate,online,third_party,False,False,True,16,59772,41,0,4,2007,28903.1,1.042,2890.31,3647.0,1.2618,False,,,scrapped_by_model,0.9992,1,1,0.9991,1,0.9982,1
CLM002172,POL001454,2024-12-26,2024-12-10,2016-07-01,2017-07-01,16,Toyota,Corolla,Sedan,fire,roof,minor,direct,comprehensive,False,False,False,13,19297,58,0,3,2011,21841.39,0.856,2184.14,513.6,0.2351,False,,,sent_to_garage,0.2075,0,0,0.1255,0,0.1786,0
CLM002174,POL000858,2022-08-02,2022-07-24,2017-09-18,2018-09-18,9,BMW,3 Series,SUV,collision,multiple,minor,direct,third_party,False,False,False,11,178330,56,0,20,2011,34246.52,1.763,4109.58,1410.4,0.3432,False,,,sent_to_garage,0.0262,0,0,0.1302,0,0.1956,0
CLM002178,POL004653,2023-10-21,2023-10-01,2023-08-17,2024-08-16,20,Toyota,RAV4,SUV,vandalism,roof,minor,broker,comprehensive,True,True,True,9,133458,32,0,6,2014,30782.95,0.893,8619.23,535.8,0.0622,False,,,sent_to_garage,0.1233,0,1,0.7581,0,0.4046,0
CLM002181,POL004432,2022-01-08,2021-12-19,2018-10-31,2019-10-31,20,Vauxhall,Insignia,Van,vandalism,roof,minor,broker,comprehensive,True,False,True,13,99959,47,1,12,2009,24358.99,0.83,2435.9,498.0,0.2044,False,,,sent_to_garage,0.1748,0,0,0.0472,0,0.1612,0
CLM002183,POL004733,2023-12-01,2023-11-03,2021-09-11,2022-09-11,28,Toyota,Camry,Sedan,vandalism,roof,minor,phone,third_party,False,True,True,16,147339,52,0,17,2007,29042.78,0.901,2904.28,540.6,0.1861,False,,,sent_to_garage,0.1804,0,1,0.8541,0,0.4343,0
CLM002185,POL002973,2024-07-13,2024-07-12,2012-05-23,2013-05-23,1,Audi,Q5,SUV,vandalism,multiple,severe,online,third_party,True,True,False,7,5975,39,0,4,2017,43967.84,1.893,19345.85,15144.0,0.7828,True,,,sent_to_garage,0.1103,0,1,0.9367,0,0.9406,0
CLM002186,POL000960,2022-02-06,2022-02-01,2017-05-30,2018-05-30,5,Nissan,Qashqai,Estate,flood,front,moderate,direct,third_party,True,True,True,0,33056,52,0,5,2022,27146.52,0.876,27146.52,1752.0,0.0645,True,,,sent_to_garage,0.0208,0,0,0.0421,0,0.074,0
CLM002187,POL004621,2024-08-21,2024-07-24,2022-01-01,2023-01-01,28,Audi,A6,SUV,vandalism,side,minor,broker,comprehensive,False,True,True,16,66181,48,2,4,2008,48854.85,1.939,4885.48,775.6,0.1588,False,,,sent_to_garage,0.0966,0,0,0.0192,0,0.1426,0
CLM002191,POL000651,2024-04-25,2024-04-07,2014-01-13,2015-01-13,18,Toyota,RAV4,Hatchback,fire,rear,severe,online,comprehensive,False,False,False,17,34230,36,5,8,2007,30630.59,0.918,3063.06,4131.0,1.3487,False,,,scrapped_by_model,0.9999,1,1,0.9994,1,0.9993,1
CLM002192,POL003184,2023-05-06,2023-04-27,2013-01-14,2014-01-14,9,Audi,Q3,SUV,fire,front,moderate,app,third_party_fire_theft,True,True,True,18,151116,35,0,1,2005,34213.03,1.712,3421.3,3424.0,1.0008,False,,,scrapped_by_model,0.9998,1,1,0.9997,1,0.999,1
CLM002195,POL003376,2022-04-09,2022-03-24,2014-10-17,2015-10-17,16,Volkswagen,Passat,Sedan,flood,multiple,minor,direct,comprehensive,True,True,True,17,21122,42,1,17,2005,30285.64,1.043,3028.56,834.4,0.2755,False,,,sent_to_garage,0.8277,0,1,0.735,0,0.5463,0
CLM002196,POL004608,2022-01-18,2022-01-16,2016-08-02,2017-08-02,2,Toyota,Camry,Estate,fire,front,minor,online,comprehensive,False,False,True,5,29004,33,0,14,2017,29947.72,0.894,17968.63,447.0,0.0249,True,,,sent_to_garage,0.119,0,0,0.0463,0,0.0359,0
CLM002199,POL001460,2024-04-06,2024-03-27,2022-11-25,2023-11-25,10,Mercedes,GLC,Hatchback,theft_damage,front,moderate,broker,comprehensive,True,True,True,8,96796,42,0,0,2016,49747.86,2.003,17909.23,4006.0,0.2237,True,,,sent_to_garage,0.0656,0,0,0.1143,0,0.0607,0
CLM002201,POL000671,2022-07-09,2022-06-12,2020-09-18,2021-09-18,27,Audi,A6,Hatchback,collision,side,minor,online,comprehensive,True,False,False,7,62446,43,2,10,2015,48296.73,1.925,21250.56,770.0,0.0362,True,,,sent_to_garage,0.0763,0,0,0.0111,0,0.118,0
CLM002202,POL005405,2023-09-24,2023-09-03,2013-03-26,2014-03-26,21,Ford,Transit,Estate,collision,rear,moderate,app,comprehensive,True,True,False,18,114342,20,0,12,2005,29372.75,0.951,2937.28,1711.8,0.5828,False,,,sent_to_garage,0.1981,0,0,0.0365,0,0.1313,0
CLM002205,POL001826,2023-12-27,2023-12-25,2016-10-19,2017-10-19,2,Mercedes,A-Class,Estate,vandalism,rear,minor,app,comprehensive,False,True,True,13,190083,28,0,1,2010,28615.63,1.819,2861.56,818.55,0.2861,False,,,sent_to_garage,0.0575,0,0,0.0492,0,0.2703,0
CLM002206,POL003319,2022-01-01,2021-12-23,2013-12-16,2014-12-16,9,Toyota,Corolla,Hatchback,vandalism,roof,severe,broker,comprehensive,True,False,False,7,150047,30,1,19,2015,20979.33,0.846,9230.91,5076.0,0.5499,False,,,sent_to_garage,0.3328,0,1,0.8669,0,0.5874,0
CLM002207,POL004055,2024-01-18,2024-01-18,2022-07-26,2023-07-26,0,Mercedes,A-Class,Estate,theft_damage,roof,minor,broker,comprehensive,False,False,True,0,194708,32,1,14,2024,29945.29,1.807,29945.29,1084.2,0.0362,True,,,sent_to_garage,0.2146,0,1,0.856,0,0.7738,0
CLM002209,POL000883,2024-03-01,2024-02-16,2022-06-08,2023-06-08,14,Honda,HR-V,Motorbike,collision,multiple,severe,app,third_party,False,False,True,10,148785,33,2,2,2014,24190.35,0.88,4838.07,7040.0,1.4551,False,,,scrapped_by_model,0.999,1,1,0.9996,1,0.9999,1
CLM002210,POL000589,2023-10-22,2023-10-04,2020-06-10,2021-06-10,18,Toyota,Camry,SUV,fire,roof,moderate,online,third_party_fire_theft,True,False,True,19,144151,17,2,13,2004,29677.72,0.858,2967.77,2145.0,0.7228,False,,,sent_to_garage,0.6983,0,0,0.1235,0,0.5192,0
CLM002214,POL002724,2023-03-13,2023-03-09,2022-10-25,2023-10-25,4,Volkswagen,Tiguan,SUV,vandalism,multiple,moderate,online,comprehensive,False,True,True,20,20151,40,0,7,2003,,,,,,False,,,sent_to_garage,0.5236,0,0,0.1035,0,0.3932,0
CLM002217,POL000644,2023-02-03,2023-01-16,2013-03-29,2014-03-29,18,Volkswagen,Golf,Van,theft_damage,roof,severe,direct,third_party_fire_theft,False,False,True,14,170917,56,1,1,2009,25598.58,1.018,2559.86,6108.0,2.0,False,,,scrapped_by_model,0.9994,1,1,0.9998,1,0.9996,1
CLM002223,POL002350,2022-08-18,2022-08-13,2019-03-01,2020-02-29,5,Volkswagen,Polo,Van,vandalism,front,moderate,broker,comprehensive,False,True,False,2,146311,57,0,3,2020,16443.75,0.899,13812.75,1798.0,0.1302,False,,,sent_to_garage,0.3517,0,0,0.1052,0,0.173,0
CLM002225,POL005073,2022-01-27,2021-12-29,2014-04-25,2015-04-25,29,Mercedes,A-Class,SUV,vandalism,front,minor,direct,comprehensive,False,False,False,7,190077,34,1,20,2015,29492.15,1.841,12976.55,920.5,0.0709,False,,,sent_to_garage,0.0334,0,0,0.007,0,0.037,0
CLM002227,POL003983,2022-10-01,2022-09-19,2014-07-30,2015-07-30,12,BMW,X5,Hatchback,collision,side,minor,direct,comprehensive,True,False,True,0,196423,18,2,20,2022,61938.5,1.969,61938.5,787.6,0.0127,True,,,sent_to_garage,0.0657,0,1,0.8952,0,0.84,0
CLM002235,POL004227,2024-07-26,2024-07-24,2017-06-22,2018-06-22,2,Audi,Q5,SUV,fire,multiple,minor,online,third_party,False,True,True,2,599,37,1,6,2022,45687.09,1.905,38377.16,1524.0,0.0397,True,,,sent_to_garage,0.0771,0,0,0.0101,0,0.042,0
CLM002239,POL002080,2024-09-12,2024-09-07,2021-10-05,2022-10-05,5,BMW,X5,Van,vandalism,rear,moderate,online,comprehensive,False,False,True,9,27211,32,1,2,2015,63712.53,2.05,17839.51,3690.0,0.2068,True,,,sent_to_garage,0.0905,0,0,0.0884,0,0.0755,0
CLM002240,POL003034,2022-01-07,2021-12-14,2019-09-17,2020-09-16,24,Vauxhall,Mokka,Motorbike,fire,roof,severe,direct,comprehensive,False,True,False,7,140567,38,1,4,2015,22622.51,0.803,9953.9,4818.0,0.484,False,,,sent_to_garage,0.4145,0,1,0.9024,0,0.7186,0
CLM002242,POL000343,2024-02-08,2024-01-30,2012-02-22,2013-02-21,9,Nissan,Micra,Hatchback,flood,rear,moderate,online,third_party,False,False,True,19,74326,58,0,18,2005,12489.51,0.78,1248.95,1404.0,1.1241,False,,,sent_to_garage,0.9952,0,1,0.9853,0,0.989,0
CLM002246,POL001113,2022-02-01,2022-02-01,2017-05-10,2018-05-10,0,Hyundai,i10,Motorbike,collision,roof,moderate,direct,comprehensive,False,True,True,8,129691,30,0,19,2014,11879.03,0.729,4276.45,1822.5,0.4262,False,,,sent_to_garage,0.0316,0,0,0.0418,0,0.0486,0
CLM002247,POL001479,2023-09-03,2023-08-08,2017-01-08,2018-01-08,26,Audi,Q5,Motorbike,fire,front,moderate,app,third_party,True,True,True,19,190555,17,2,9,2004,44051.94,1.823,4405.19,3646.0,0.8277,False,,,sent_to_garage,0.9864,0,1,0.9869,0,0.9881,0
CLM002250,POL001951,2024-08-03,2024-07-15,2023-11-01,2024-10-31,19,Mercedes,E-Class,Motorbike,collision,front,severe,phone,comprehensive,True,False,True,8,123029,39,0,5,2016,53716.1,2.057,19337.8,10285.0,0.5319,True,,,sent_to_garage,0.3627,0,0,0.2006,0,0.4341,0
CLM002259,POL000332,2024-09-20,2024-08-29,2012-12-13,2013-12-13,22,Hyundai,i30,Motorbike,fire,front,moderate,broker,third_party_fire_theft,False,True,False,2,5408,70,0,8,2022,20805.79,0.841,17476.86,1682.0,0.0962,False,,,sent_to_garage,0.0589,0,0,0.0094,0,0.0338,0
CLM002260,POL002423,2023-02-09,2023-01-26,2012-05-28,2013-05-28,14,Vauxhall,Mokka,Hatchback,vandalism,rear,minor,broker,comprehensive,False,False,True,3,85012,55,0,8,2020,23054.29,0.794,17521.26,357.3,0.0204,False,,,sent_to_garage,0.1371,0,0,0.0211,0,0.0952,0
CLM002261,POL003944,2024-06-18,2024-06-05,2016-06-28,2017-06-28,13,Nissan,Juke,SUV,theft_damage,front,minor,broker,comprehensive,False,False,False,18,179437,22,0,9,2006,19221.45,0.873,1922.15,436.5,0.2271,False,,,sent_to_garage,0.5004,0,0,0.0995,0,0.2723,0
CLM002268,POL002867,2024-10-09,2024-10-03,2019-09-30,2020-09-29,6,Mercedes,GLC,Estate,fire,rear,moderate,phone,comprehensive,False,True,False,6,29819,71,1,5,2018,46684.46,1.943,24275.92,3497.4,0.1441,True,,,sent_to_garage,0.1364,0,0,0.0145,0,0.1493,0
CLM002270,POL004909,2023-01-11,2022-12-30,2020-04-25,2021-04-25,12,Vauxhall,Mokka,Hatchback,theft_damage,multiple,minor,broker,comprehensive,False,True,True,6,143864,17,0,7,2017,22804.26,0.814,11858.22,651.2,0.0549,False,,,sent_to_garage,0.4198,0,1,0.9765,0,0.5187,0
CLM002272,POL003459,2024-05-14,2024-04-22,2018-06-20,2019-06-20,22,Toyota,Corolla,Hatchback,theft_damage,side,moderate,online,third_party_fire_theft,False,True,False,0,110952,41,0,19,2024,22926.33,0.85,22926.33,1275.0,0.0556,True,,,sent_to_garage,0.6181,0,0,0.0172,0,0.139,0
CLM002273,POL004261,2022-03-30,2022-03-28,2019-02-26,2020-02-26,2,Ford,Kuga,Motorbike,theft_damage,multiple,severe,broker,comprehensive,False,False,False,1,156119,34,0,6,2021,26901.67,0.922,24749.54,7376.0,0.298,True,,,sent_to_garage,0.8535,0,1,0.9109,0,0.9401,0
CLM002274,POL004758,2023-10-03,2023-09-07,2013-10-04,2014-10-04,26,Volkswagen,Polo,Estate,collision,rear,moderate,online,third_party,False,False,True,0,29126,47,1,4,2023,16469.89,0.878,16469.89,1580.4,0.096,False,,,sent_to_garage,0.035,0,0,0.0186,0,0.0245,0
CLM002276,POL000206,2024-02-26,2024-02-20,2023-03-15,2024-03-14,6,Toyota,Camry,SUV,fire,multiple,moderate,app,comprehensive,False,False,True,9,75938,29,1,8,2015,29599.83,0.882,8287.95,3087.0,0.3725,False,,,sent_to_garage,0.3813,0,0,0.0955,0,0.2538,0
CLM002281,POL002373,2022-12-09,2022-11-12,2012-03-25,2013-03-25,27,Mercedes,GLC,SUV,fire,multiple,severe,online,third_party,False,False,True,16,106222,36,0,14,2006,45768.84,1.91,4576.88,15280.0,2.0,False,,,scrapped_by_model,0.9994,1,1,0.9998,1,0.9998,1
CLM002286,POL000529,2022-06-15,2022-06-09,2021-07-24,2022-07-24,6,BMW,1 Series,Estate,flood,front,moderate,phone,comprehensive,False,False,False,15,85618,67,0,20,2007,26966.96,1.662,2696.7,3324.0,1.2326,False,,,scrapped_by_model,0.9993,1,1,0.9979,1,0.9994,1
CLM002289,POL001129,2022-07-08,2022-06-12,2020-03-13,2021-03-13,26,Audi,Q5,Hatchback,flood,multiple,moderate,online,comprehensive,False,True,True,2,172953,35,0,1,2020,44655.73,1.856,37510.81,6496.0,0.1732,True,,,sent_to_garage,0.2038,0,1,0.9107,0,0.6608,0
CLM002292,POL003999,2022-02-22,2022-02-16,2012-11-28,2013-11-28,6,Vauxhall,Astra,Hatchback,vandalism,multiple,moderate,phone,comprehensive,False,True,False,7,52490,52,2,11,2015,17190.94,0.754,7564.01,2639.0,0.3489,False,,,sent_to_garage,0.1532,0,0,0.0531,0,0.1271,0
CLM002295,POL001690,2022-07-01,2022-07-01,2020-03-03,2021-03-03,0,Mercedes,A-Class,Motorbike,fire,roof,minor,direct,comprehensive,False,True,False,17,24858,53,0,11,2005,30980.37,1.846,3098.04,1107.6,0.3575,False,,,sent_to_garage,0.537,0,1,0.7048,0,0.6966,0
CLM002300,POL004120,2022-03-20,2022-03-17,2012-02-04,2013-02-03,3,Hyundai,i20,SUV,collision,multiple,minor,online,comprehensive,True,False,True,4,58894,39,1,3,2018,16600.86,0.77,11288.58,616.0,0.0546,False,,,sent_to_garage,0.2147,0,0,0.1017,0,0.2791,0
CLM002307,POL002946,2022-08-30,2022-08-12,2013-03-30,2014-03-30,18,Nissan,Qashqai,Sedan,flood,roof,minor,phone,comprehensive,False,True,False,2,184035,70,2,19,2020,27564.99,0.903,23154.59,541.8,0.0234,True,,,sent_to_garage,0.0315,0,0,0.0138,0,0.0492,0
CLM002308,POL002435,2022-10-04,2022-09-19,2014-07-02,2015-07-02,15,Mercedes,A-Class,SUV,fire,roof,minor,direct,comprehensive,False,True,False,4,26779,35,0,9,2018,30824.72,1.8,20960.81,1080.0,0.0515,True,,,sent_to_garage,0.4605,0,0,0.0167,0,0.1348,0
CLM002309,POL003378,2023-05-14,2023-04-26,2018-01-04,2019-01-04,18,Nissan,Leaf,Sedan,collision,front,severe,app,comprehensive,True,True,True,5,107337,31,2,15,2018,29685.7,1.015,17811.42,5075.0,0.2849,True,,,sent_to_garage,0.3109,0,0,0.0699,0,0.1509,0
CLM002313,POL002173,2023-08-04,2023-07-16,2015-01-23,2016-01-23,19,Ford,Focus,Van,flood,rear,minor,phone,third_party,False,False,True,19,139946,60,0,6,2004,18360.48,0.791,1836.05,355.95,0.1939,False,,,sent_to_garage,0.3843,0,1,0.8433,0,0.7375,0
CLM002314,POL001021,2024-02-25,2024-02-18,2015-03-14,2016-03-13,7,Audi,A4,Sedan,theft_damage,front,minor,direct,comprehensive,True,False,True,13,182154,42,1,7,2011,39856.69,1.834,3985.67,917.0,0.2301,False,,,sent_to_garage,0.1161,0,0,0.129,0,0.147,0
CLM002316,POL001624,2023-11-20,2023-10-24,2022-12-20,2023-12-20,27,Hyundai,i20,Motorbike,flood,side,minor,broker,third_party_fire_theft,False,True,True,8,68608,46,0,2,2015,15763.28,0.786,5674.78,314.4,0.0554,False,,,sent_to_garage,0.0467,0,0,0.0148,0,0.0203,0
CLM002321,POL000185,2022-11-15,2022-10-26,2013-02-05,2014-02-05,20,Audi,A4,Motorbike,flood,side,minor,app,comprehensive,False,True,True,18,155039,61,1,6,2004,39722.18,1.764,3972.22,705.6,0.1776,False,,,sent_to_garage,0.2479,0,1,0.7605,0,0.4586,0
CLM002324,POL000454,2022-06-23,2022-06-16,2016-01-08,2017-01-07,7,Vauxhall,Astra,Motorbike,vandalism,side,moderate,app,third_party,False,True,False,6,180979,30,1,4,2016,17630.56,0.757,9167.89,1135.5,0.1239,False,,,sent_to_garage,0.0954,0,0,0.0627,0,0.0852,0
CLM002327,POL001180,2023-04-09,2023-03-13,2019-09-25,2020-09-24,27,Honda,HR-V,Sedan,flood,rear,moderate,broker,comprehensive,True,True,False,1,50153,46,1,16,2022,24054.92,0.919,22130.53,1654.2,0.0747,True,,,sent_to_garage,0.0813,0,0,0.0296,0,0.0984,0
CLM002328,POL001119,2024-05-19,2024-05-15,2013-02-07,2014-02-07,4,Nissan,Micra,Van,theft_damage,rear,minor,app,comprehensive,True,False,False,3,65373,37,0,0,2021,13405.76,0.78,10188.38,351.0,0.0345,False,,,sent_to_garage,0.0116,0,0,0.0253,0,0.0694,0
CLM002330,POL002813,2023-06-13,2023-06-11,2013-09-09,2014-09-09,2,Honda,Jazz,Motorbike,collision,front,moderate,app,third_party,False,True,False,8,78850,44,0,16,2015,15284.49,0.825,5502.42,1650.0,0.2999,False,,,sent_to_garage,0.2012,0,1,0.6567,0,0.4569,0
CLM002331,POL003278,2023-07-28,2023-07-14,2012-05-21,2013-05-21,14,Hyundai,Tucson,Estate,fire,side,minor,phone,comprehensive,False,True,False,5,190669,34,0,4,2018,27206.54,0.89,16323.92,356.0,0.0218,False,,,sent_to_garage,0.5082,0,0,0.0398,0,0.0943,0
CLM002333,POL004669,2023-06-20,2023-06-09,2019-06-20,2020-06-19,11,Honda,Civic,SUV,fire,side,minor,direct,comprehensive,False,True,True,13,12460,41,0,19,2010,21201.86,0.888,2120.19,355.2,0.1675,False,,,sent_to_garage,0.4216,0,0,0.0127,0,0.1148,0
CLM002336,POL003895,2023-12-14,2023-11-20,2022-02-05,2023-02-05,24,Audi,A3,Hatchback,vandalism,rear,moderate,direct,comprehensive,False,True,True,19,82403,40,1,12,2004,28995.93,1.724,2899.59,3103.2,1.0702,False,,,scrapped_by_model,0.9997,1,1,0.9988,1,0.9988,1
CLM002338,POL002087,2022-07-20,2022-07-12,2019-12-05,2020-12-04,8,Nissan,Leaf,Sedan,vandalism,roof,moderate,phone,third_party_fire_theft,False,True,False,12,103907,33,0,3,2010,29789.87,0.996,2978.99,2490.0,0.8359,False,,,sent_to_garage,0.9405,0,0,0.1561,0,0.1642,0
CLM002340,POL000391,2023-02-02,2023-01-05,2017-12-12,2018-12-12,28,Mercedes,E-Class,Sedan,flood,multiple,moderate,direct,comprehensive,False,True,True,9,94267,37,3,7,2014,54414.74,1.951,15236.13,6828.5,0.4482,False,,,sent_to_garage,0.0615,0,0,0.0166,0,0.0691,0
CLM002344,POL001627,2022-05-18,2022-05-16,2020-08-15,2021-08-15,2,Honda,Jazz,Van,fire,front,moderate,online,comprehensive,False,True,False,15,139726,50,1,19,2007,15765.34,0.865,1576.53,1730.0,1.0973,False,,,scrapped_by_model,0.9999,1,1,0.9988,1,0.9994,1
CLM002345,POL004087,2024-04-17,2024-03-31,2023-07-15,2024-07-14,17,Mercedes,GLC,Motorbike,vandalism,roof,moderate,online,third_party_fire_theft,False,True,True,20,162345,21,1,17,2004,49343.38,1.944,4934.34,4860.0,0.9849,False,,,scrapped_by_model,0.9995,1,1,0.998,1,0.999,1
CLM002346,POL000375,2023-03-29,2023-03-17,2013-11-12,2014-11-12,12,Hyundai,i20,Motorbike,vandalism,rear,moderate,broker,comprehensive,False,True,True,9,19190,61,1,17,2014,16668.58,0.803,4667.2,1445.4,0.3097,False,,,sent_to_garage,0.0321,0,0,0.1089,0,0.0498,0
CLM002347,POL004871,2024-01-10,2024-01-02,2020-06-14,2021-06-14,8,Toyota,Corolla,Motorbike,flood,rear,severe,broker,comprehensive,False,True,True,3,41329,50,0,16,2021,21849.12,0.856,16605.33,3852.0,0.232,False,,,sent_to_garage,0.3562,0,0,0.1456,0,0.3772,0
CLM002348,POL004718,2024-08-10,2024-08-08,2023-03-10,2024-03-09,2,Mercedes,C-Class,Sedan,collision,rear,moderate,app,comprehensive,True,False,True,17,67673,42,0,18,2007,41179.0,1.938,4117.9,3488.4,0.8471,False,,,sent_to_garage,0.9703,0,1,0.9696,0,0.951,0
CLM002349,POL000503,2024-01-18,2024-01-12,2018-07-09,2019-07-09,6,Ford,Transit,Sedan,vandalism,front,moderate,broker,third_party_fire_theft,False,True,False,17,44119,49,1,13,2007,28993.82,0.924,2899.38,1848.0,0.6374,False,,,sent_to_garage,0.2409,0,0,0.0374,0,0.0949,0
CLM002353,POL001326,2023-02-28,2023-02-25,2014-12-01,2015-12-01,3,BMW,5 Series,Sedan,vandalism,multiple,severe,direct,comprehensive,False,True,True,9,88043,55,1,0,2014,44398.77,1.88,12431.66,15040.0,1.2098,False,,,scrapped_by_model,0.9999,1,1,0.9979,1,0.9998,1
CLM002355,POL002407,2023-06-23,2023-06-20,2014-11-24,2015-11-24,3,Volkswagen,Polo,Van,collision,roof,minor,online,third_party_fire_theft,False,False,False,8,183413,54,0,11,2015,16084.97,0.908,5790.59,544.8,0.0941,False,,,sent_to_garage,0.0933,0,0,0.0515,0,0.0867,0
CLM002356,POL004493,2022-04-24,2022-04-03,2020-05-16,2021-05-16,21,Volkswagen,Tiguan,Van,collision,roof,minor,phone,comprehensive,True,True,False,16,27946,27,2,4,2006,35535.23,1.13,3553.52,678.0,0.1908,False,,,sent_to_garage,0.1013,0,0,0.0226,0,0.0539,0
CLM002358,POL002828,2024-04-14,2024-04-06,2012-03-21,2013-03-21,8,Honda,CR-V,Sedan,collision,rear,moderate,direct,comprehensive,True,False,True,0,43283,43,1,5,2024,29143.62,0.923,29143.62,1661.4,0.057,True,,,sent_to_garage,0.0249,0,1,0.8144,0,0.3965,0
CLM002359,POL006507,2023-08-13,2023-08-10,2018-10-28,2019-10-28,3,Hyundai,i20,Motorbike,flood,multiple,severe,phone,third_party,True,False,True,2,50448,42,0,15,2021,15682.11,0.793,13172.97,6344.0,0.4816,False,,,sent_to_garage,0.4632,0,0,0.0949,0,0.1869,0
CLM002363,POL002698,2023-07-22,2023-07-22,2014-08-23,2015-08-23,0,BMW,X5,Motorbike,collision,side,moderate,phone,comprehensive,True,True,False,15,34860,31,0,9,2008,66415.44,2.054,6641.54,3081.0,0.4639,False,,,sent_to_garage,0.0448,0,1,0.693,0,0.4806,0
CLM002368,POL002364,2023-10-12,2023-10-11,2013-03-12,2014-03-12,1,Toyota,Camry,Hatchback,theft_damage,rear,minor,phone,third_party,False,True,True,11,164826,26,0,1,2012,31030.77,0.887,3723.69,399.15,0.1072,False,,,sent_to_garage,0.3071,0,1,0.7402,0,0.8714,0
CLM002374,POL001417,2024-06-16,2024-05-29,2021-06-16,2022-06-16,18,Honda,Jazz,Motorbike,flood,rear,minor,direct,comprehensive,True,True,True,1,33834,29,0,6,2023,15611.92,0.863,14362.97,388.35,0.027,False,,,sent_to_garage,0.083,0,1,0.6577,0,0.4903,0
CLM002385,POL000267,2023-01-05,2022-12-07,2016-05-17,2017-05-17,29,Mercedes,GLC,SUV,fire,front,moderate,app,third_party_fire_theft,False,True,True,8,163525,39,0,2,2015,49442.8,1.964,17799.41,3928.0,0.2207,True,,,sent_to_garage,0.5187,0,0,0.0584,0,0.3067,0
CLM002401,POL003368,2023-12-25,2023-12-11,2023-03-01,2024-02-29,14,Audi,Q5,Motorbike,vandalism,rear,moderate,phone,third_party,False,True,False,0,38482,26,0,6,2023,47247.4,1.852,47247.4,3333.6,0.0706,True,,,sent_to_garage,0.013,0,0,0.0382,0,0.0672,0
CLM002402,POL004474,2022-08-14,2022-08-07,2013-03-03,2014-03-03,7,Nissan,Leaf,Motorbike,vandalism,roof,minor,broker,third_party,True,False,True,11,116985,27,0,12,2011,29259.1,1.017,3511.09,610.2,0.1738,False,,,sent_to_garage,0.1416,0,0,0.0255,0,0.1497,0
CLM002405,POL004550,2023-08-26,2023-08-07,2015-10-16,2016-10-15,19,Audi,A4,Motorbike,theft_damage,side,moderate,online,third_party,True,True,True,3,178123,28,0,3,2020,39874.8,1.776,30304.85,2664.0,0.0879,True,,,sent_to_garage,0.0687,0,0,0.0628,0,0.1223,0
CLM002406,POL001397,2022-01-05,2021-12-27,2019-11-26,2020-11-25,9,Honda,CR-V,Estate,flood,roof,moderate,app,third_party_fire_theft,False,False,True,3,104627,17,0,9,2019,29885.45,0.929,22712.94,2322.5,0.1023,True,,,sent_to_garage,0.5718,0,0,0.0139,0,0.156,0
CLM002407,POL003139,2023-12-21,2023-12-04,2023-07-16,2024-07-15,17,Hyundai,i10,Estate,flood,side,minor,broker,third_party_fire_theft,False,True,False,1,20981,23,0,12,2022,12337.01,0.77,11350.05,308.0,0.0271,False,,,sent_to_garage,0.1809,0,0,0.0532,0,0.0199,0
CLM002415,POL002751,2024-10-23,2024-10-12,2020-12-08,2021-12-08,11,BMW,X3,Van,vandalism,side,moderate,broker,comprehensive,False,True,True,12,169513,43,1,18,2012,48311.76,1.858,4831.18,2787.0,0.5769,False,,,sent_to_garage,0.1107,0,0,0.0654,0,0.0723,0
CLM002417,POL001337,2022-10-24,2022-10-01,2017-05-12,2018-05-12,23,Mercedes,C-Class,SUV,vandalism,side,moderate,broker,comprehensive,False,False,True,4,72483,37,0,9,2018,39619.98,1.935,26941.59,2902.5,0.1077,True,,,sent_to_garage,0.1451,0,0,0.0125,0,0.0492,0
CLM002418,POL002980,2023-04-22,2023-04-03,2019-12-04,2020-12-03,19,Vauxhall,Corsa,Hatchback,collision,rear,severe,direct,comprehensive,True,True,False,19,86077,25,0,12,2004,12779.96,0.718,1278.0,3231.0,2.0,False,,,scrapped_by_model,0.9999,1,1,0.9995,1,0.9984,1
CLM002419,POL000381,2024-09-30,2024-09-17,2020-10-23,2021-10-23,13,Honda,HR-V,Motorbike,theft_damage,multiple,minor,broker,comprehensive,False,True,True,20,107032,46,1,5,2004,25441.63,0.877,2544.16,701.6,0.2758,False,,,sent_to_garage,0.6341,0,0,0.1554,0,0.4061,0
CLM002423,POL004322,2023-05-22,2023-04-24,2014-07-01,2015-07-01,28,Toyota,RAV4,Sedan,collision,roof,minor,phone,third_party_fire_theft,False,True,True,20,35848,46,0,6,2003,,,,,,False,,,sent_to_garage,0.202,0,0,0.1074,0,0.2062,0
CLM002424,POL000548,2022-12-18,2022-12-03,2014-04-30,2015-04-30,15,BMW,X3,Motorbike,flood,side,moderate,phone,third_party_fire_theft,True,True,True,4,5595,32,0,1,2018,48757.74,1.841,33155.26,2761.5,0.0833,True,,,sent_to_garage,0.0904,0,0,0.0313,0,0.0557,0
CLM002425,POL005084,2022-07-19,2022-07-04,2022-02-07,2023-02-07,15,Hyundai,Tucson,Motorbike,fire,multiple,severe,direct,comprehensive,False,True,False,5,4183,52,0,19,2017,28742.07,0.87,17245.24,6960.0,0.4036,False,,,sent_to_garage,0.2526,0,0,0.1026,0,0.082,0
CLM002431,POL004677,2024-06-10,2024-05-17,2017-09-04,2018-09-04,24,Honda,Jazz,Sedan,collision,multiple,moderate,app,comprehensive,False,True,False,20,128504,34,0,16,2004,16762.66,0.841,1676.27,2943.5,1.756,False,,,scrapped_by_model,0.9995,1,1,0.9984,1,0.9999,1
CLM002434,POL001821,2023-12-26,2023-12-06,2014-10-05,2015-10-05,20,Vauxhall,Astra,Estate,theft_damage,rear,minor,broker,comprehensive,False,True,True,4,50730,39,0,2,2019,18673.0,0.739,12697.64,332.55,0.0262,False,,,sent_to_garage,0.1168,0,0,0.0933,0,0.0515,0
CLM002435,POL003938,2024-08-07,2024-07-14,2017-02-03,2018-02-03,24,Toyota,Camry,Motorbike,vandalism,multiple,moderate,app,third_party_fire_theft,False,False,True,3,63312,65,0,9,2021,29996.45,0.882,22797.3,3087.0,0.1354,True,,,sent_to_garage,0.4495,0,0,0.0326,0,0.1091,0
CLM002439,POL002469,2023-05-26,2023-05-09,2013-01-25,2014-01-25,17,Ford,Kuga,Sedan,vandalism,rear,minor,broker,comprehensive,False,False,True,0,19327,36,1,11,2023,28153.59,0.893,28153.59,401.85,0.0143,True,,,sent_to_garage,0.0068,0,0,0.0386,0,0.0269,0
CLM002440,POL004270,2022-12-01,2022-11-14,2016-06-21,2017-06-21,17,Hyundai,Tucson,Estate,collision,front,severe,phone,third_party,False,True,True,2,52815,25,0,3,2020,28192.73,0.869,23681.89,4345.0,0.1835,True,,,sent_to_garage,0.2478,0,0,0.144,0,0.1681,0
CLM002445,POL002719,2023-07-08,2023-06-18,2017-03-31,2018-03-31,20,Toyota,Corolla,Motorbike,fire,multiple,moderate,app,comprehensive,True,True,True,9,788,34,0,4,2014,22194.27,0.841,6214.4,2943.5,0.4737,False,,,sent_to_garage,0.1489,0,0,0.011,0,0.03,0
CLM002447,POL000278,2022-12-02,2022-11-26,2014-12-11,2015-12-11,6,Volkswagen,Polo,Sedan,fire,multiple,moderate,direct,third_party_fire_theft,False,True,False,16,74899,57,1,2,2006,15692.06,0.905,1569.21,3167.5,2.0,False,,,scrapped_by_model,0.9996,1,1,0.9973,1,0.9986,1
CLM002455,POL003528,2023-07-03,2023-06-22,2015-03-10,2016-03-09,11,Hyundai,i20,Estate,flood,multiple,moderate,broker,comprehensive,False,True,True,0,174240,31,1,1,2023,16253.57,0.795,16253.57,2782.5,0.1712,False,,,sent_to_garage,0.1889,0,0,0.0372,0,0.27,0
CLM002456,POL003036,2022-06-16,2022-05-20,2014-10-16,2015-10-16,27,BMW,1 Series,Van,theft_damage,rear,moderate,broker,third_party_fire_theft,False,True,False,7,101549,41,2,19,2015,29305.45,1.71,12894.4,3078.0,0.2387,False,,,sent_to_garage,0.3651,0,0,0.0095,0,0.1051,0
CLM002458,POL000572,2022-01-24,2022-01-17,2012-04-28,2013-04-28,7,Ford,Fiesta,Estate,theft_damage,side,minor,online,comprehensive,False,True,True,4,161788,45,2,9,2018,11585.15,0.758,7877.9,303.2,0.0385,False,,,sent_to_garage,0.668,0,0,0.0134,0,0.0729,0
CLM002460,POL002979,2022-09-21,2022-08-24,2015-06-16,2016-06-15,28,Nissan,Leaf,SUV,collision,multiple,moderate,direct,third_party,False,True,False,6,89097,46,1,2,2016,29123.99,1.001,15144.47,3503.5,0.2313,False,,,sent_to_garage,0.2432,0,0,0.0559,0,0.0944,0
CLM002464,POL003345,2024-12-10,2024-11-14,2014-11-18,2015-11-18,26,Ford,Transit,Motorbike,collision,front,moderate,direct,comprehensive,False,True,True,8,34804,38,0,13,2016,28868.27,0.969,10392.58,1938.0,0.1865,False,,,sent_to_garage,0.0274,0,0,0.0123,0,0.0379,0
CLM002467,POL004673,2024-10-11,2024-09-23,2012-05-27,2013-05-27,18,Toyota,Corolla,SUV,collision,side,severe,phone,third_party_fire_theft,False,False,True,9,128063,31,0,16,2015,20979.33,0.846,5874.21,3384.0,0.5761,False,,,sent_to_garage,0.3508,0,1,0.8851,0,0.7273,0
CLM002468,POL003352,2023-06-07,2023-05-25,2016-09-03,2017-09-03,13,Hyundai,Tucson,Estate,fire,multiple,minor,broker,third_party_fire_theft,False,False,True,11,13588,33,2,10,2012,27075.2,0.896,3249.02,716.8,0.2206,False,,,sent_to_garage,0.6071,0,1,0.8023,0,0.8243,0
CLM002470,POL001912,2022-08-30,2022-07-31,2016-12-29,2017-12-29,30,Toyota,Corolla,Hatchback,flood,multiple,moderate,app,comprehensive,False,False,False,18,152552,66,0,14,2004,22981.25,0.84,2298.12,2940.0,1.2793,False,,,scrapped_by_model,0.9996,1,1,0.9973,1,0.9998,1
CLM002473,POL004085,2024-03-20,2024-03-10,2021-07-08,2022-07-08,10,Mercedes,GLC,Sedan,flood,multiple,moderate,app,third_party_fire_theft,False,True,True,17,26823,38,1,4,2007,46587.94,2.006,4658.79,7021.0,1.507,False,,,scrapped_by_model,0.9997,1,1,0.9994,1,0.9995,1
CLM002476,POL000285,2022-10-24,2022-10-09,2017-05-21,2018-05-21,15,Audi,A4,Estate,flood,front,minor,broker,third_party_fire_theft,False,True,False,18,182861,37,0,8,2004,39722.18,1.764,3972.22,882.0,0.222,False,,,sent_to_garage,0.6393,0,0,0.1205,0,0.2173,0
CLM002477,POL000808,2022-07-27,2022-07-23,2017-12-01,2018-12-01,4,Ford,Mondeo,SUV,vandalism,side,moderate,app,third_party_fire_theft,False,False,True,3,13558,57,0,0,2019,21288.9,0.868,16179.56,1302.0,0.0805,False,,,sent_to_garage,0.1212,0,0,0.0118,0,0.0578,0
CLM002478,POL001090,2022-08-28,2022-08-25,2016-06-14,2017-06-14,3,Volkswagen,Passat,SUV,flood,rear,moderate,direct,comprehensive,True,True,False,14,10315,39,0,2,2008,28701.5,1.031,2870.15,1855.8,0.6466,False,,,sent_to_garage,0.3737,0,0,0.0483,0,0.0666,0
CLM002482,POL001327,2023-02-18,2023-02-01,2012-10-02,2013-10-02,17,Vauxhall,Insignia,Estate,collision,side,severe,online,comprehensive,True,True,True,3,63571,32,0,11,2020,26205.92,0.873,19916.5,3492.0,0.1753,True,,,sent_to_garage,0.2954,0,0,0.0586,0,0.204,0
CLM002483,POL000598,2023-09-11,2023-08-21,2015-03-15,2016-03-14,21,BMW,3 Series,Motorbike,vandalism,rear,minor,online,comprehensive,False,True,True,6,183141,45,0,7,2017,36312.52,1.838,18882.51,827.1,0.0438,True,,,sent_to_garage,0.1873,0,0,0.0405,0,0.1127,0
CLM002489,POL000626,2024-03-24,2024-03-10,2022-05-08,2023-05-08,14,Toyota,RAV4,Hatchback,theft_damage,rear,minor,app,third_party,True,False,False,6,182789,44,0,3,2018,31641.09,0.908,16453.37,408.6,0.0248,False,,,sent_to_garage,0.0891,0,0,0.0102,0,0.1557,0
CLM002490,POL003437,2023-05-24,2023-05-16,2018-03-23,2019-03-23,8,Vauxhall,Corsa,Hatchback,collision,multiple,minor,app,third_party_fire_theft,False,True,False,6,146244,45,5,16,2017,12940.79,0.704,6729.21,563.2,0.0837,False,,,sent_to_garage,0.1242,0,1,0.8474,0,0.8354,0
CLM002493,POL000288,2024-06-02,2024-05-21,2017-02-21,2018-02-21,12,Honda,HR-V,SUV,theft_damage,rear,minor,online,comprehensive,True,False,True,19,3702,38,2,10,2005,23752.67,0.884,2375.27,397.8,0.1675,False,,,sent_to_garage,0.3648,0,1,0.8597,0,0.6864,0
CLM002495,POL004990,2023-09-08,2023-08-10,2021-11-09,2022-11-09,29,Mercedes,E-Class,Hatchback,collision,side,minor,broker,third_party,False,False,True,4,105089,61,0,19,2019,52237.51,2.005,35521.51,802.0,0.0226,True,,,sent_to_garage,0.2321,0,0,0.0274,0,0.1037,0
CLM002499,POL004628,2024-04-09,2024-04-08,2014-07-22,2015-07-22,1,Hyundai,i10,SUV,vandalism,side,minor,direct,third_party_fire_theft,False,True,True,1,189142,53,3,14,2023,12274.05,0.747,11292.13,298.8,0.0265,False,,,sent_to_garage,0.1546,0,0,0.0214,0,0.1513,0
CLM002504,POL004682,2023-01-09,2022-12-19,2017-08-06,2018-08-06,21,BMW,3 Series,Hatchback,theft_damage,multiple,minor,broker,third_party,False,True,True,8,186513,37,0,17,2015,35632.5,1.789,12827.7,1431.2,0.1116,False,,,sent_to_garage,0.3073,0,1,0.896,0,0.5147,0
CLM002507,POL005475,2023-01-14,2023-01-05,2013-10-07,2014-10-07,9,Hyundai,Tucson,Sedan,theft_damage,side,moderate,online,third_party,True,True,True,17,181633,61,1,2,2006,26971.12,0.897,2697.11,1345.5,0.4989,False,,,sent_to_garage,0.3206,0,1,0.7562,0,0.8093,0
CLM002509,POL003007,2022-02-22,2022-02-21,2014-12-10,2015-12-10,1,BMW,X3,Sedan,theft_damage,rear,moderate,phone,third_party_fire_theft,False,False,False,15,70070,54,0,19,2007,49444.24,1.86,4944.42,3348.0,0.6771,False,,,sent_to_garage,0.0705,0,0,0.0076,0,0.1363,0
CLM002511,POL002613,2023-03-14,2023-02-26,2013-10-07,2014-10-07,16,Toyota,Yaris,Hatchback,flood,roof,moderate,online,third_party_fire_theft,False,False,True,15,100634,28,0,12,2008,14335.85,0.814,1433.58,2035.0,1.4195,False,,,scrapped_by_model,0.9992,1,1,0.9975,1,0.9993,1
CLM002513,POL000675,2022-12-21,2022-11-30,2019-08-21,2020-08-20,21,Vauxhall,Corsa,Van,fire,rear,minor,phone,comprehensive,False,True,True,7,41001,56,1,11,2015,13354.82,0.715,5876.12,321.75,0.0548,False,,,sent_to_garage,0.0216,0,1,0.8658,0,0.7355,0
CLM002515,POL001315,2023-11-01,2023-10-22,2016-12-08,2017-12-08,10,Nissan,Juke,Sedan,theft_damage,side,severe,broker,comprehensive,False,False,False,16,80558,53,0,1,2007,19308.85,0.835,1930.88,3340.0,1.7298,False,,,scrapped_by_model,1.0,1,1,0.9997,1,1.0,1
CLM002521,POL000922,2022-06-13,2022-06-05,2014-01-27,2015-01-27,8,Volkswagen,Golf,Estate,collision,rear,moderate,online,comprehensive,False,True,False,11,61745,28,0,12,2011,25304.74,1.021,3036.57,1837.8,0.6052,False,,,sent_to_garage,0.0901,0,1,0.785,0,0.3582,0
CLM002523,POL002079,2022-05-18,2022-04-28,2017-01-25,2018-01-25,20,Honda,Civic,Sedan,flood,front,moderate,online,comprehensive,False,False,False,11,117462,57,0,14,2011,21887.2,0.874,2626.46,1748.0,0.6655,False,,,sent_to_garage,0.1367,0,0,0.012,0,0.0554,0
CLM002524,POL003536,2023-11-27,2023-10-31,2016-06-16,2017-06-16,27,Honda,Civic,SUV,fire,front,minor,direct,comprehensive,False,True,False,17,133060,38,1,4,2006,22553.28,0.86,2255.33,430.0,0.1907,False,,,sent_to_garage,0.1346,0,0,0.2736,0,0.153,0
CLM002529,POL004682,2022-07-08,2022-06-21,2021-10-20,2022-10-20,17,BMW,X3,Sedan,flood,front,minor,direct,comprehensive,False,False,True,5,96937,66,1,19,2017,46162.1,1.804,27697.26,902.0,0.0326,True,,,sent_to_garage,0.0079,0,0,0.0307,0,0.0257,0
CLM002533,POL003899,2023-09-19,2023-09-08,2022-05-13,2023-05-13,11,Nissan,Leaf,Van,vandalism,roof,severe,broker,third_party_fire_theft,False,False,True,17,98608,20,1,18,2006,31239.86,0.978,3123.99,5868.0,1.8784,False,,,scrapped_by_model,1.0,1,1,0.9994,1,0.9997,1
CLM002536,POL003307,2022-02-25,2022-02-20,2015-03-02,2016-03-01,5,Audi,Q5,Hatchback,fire,front,moderate,app,comprehensive,False,True,True,11,167797,57,1,6,2011,43270.67,1.838,5192.48,3676.0,0.7079,False,,,sent_to_garage,0.1914,0,0,0.3489,0,0.1589,0
CLM002543,POL001919,2023-01-14,2023-01-08,2020-08-27,2021-08-27,6,Mercedes,C-Class,Estate,theft_damage,side,minor,app,third_party,True,True,True,13,80492,57,1,1,2010,40081.83,1.896,4008.18,758.4,0.1892,False,,,sent_to_garage,0.1469,0,0,0.0497,0,0.196,0
CLM002546,POL002120,2024-08-16,2024-08-14,2022-08-11,2023-08-11,2,Volkswagen,Tiguan,Motorbike,collision,multiple,severe,app,third_party,False,True,True,17,157471,36,1,1,2007,35044.56,1.096,3504.46,8768.0,2.0,False,,,scrapped_by_model,0.9999,1,1,1.0,1,0.9999,1
CLM002551,POL003068,2024-02-04,2024-01-23,2014-08-09,2015-08-09,12,BMW,X5,Hatchback,vandalism,multiple,minor,phone,comprehensive,True,False,False,19,138532,33,0,11,2005,65344.45,2.052,6534.44,1641.6,0.2512,False,,,sent_to_garage,0.6391,0,1,0.9302,0,0.8171,0
CLM002553,POL003635,2023-01-15,2023-01-10,2017-04-17,2018-04-17,5,Volkswagen,Passat,SUV,collision,roof,minor,phone,comprehensive,True,True,False,5,13977,61,0,12,2018,29224.12,1.039,17534.47,623.4,0.0356,False,,,sent_to_garage,0.1979,0,0,0.0233,0,0.0323,0
CLM002559,POL002619,2023-10-06,2023-10-02,2015-03-06,2016-03-05,4,Nissan,Leaf,SUV,theft_damage,front,severe,direct,comprehensive,False,False,False,2,12288,28,0,11,2021,29938.25,1.022,25148.13,5110.0,0.2032,True,,,sent_to_garage,0.6333,0,0,0.0193,0,0.215,0
CLM002561,POL003488,2022-10-16,2022-10-05,2019-06-18,2020-06-17,11,Vauxhall,Corsa,Estate,vandalism,rear,minor,broker,comprehensive,True,True,False,2,56248,28,2,0,2020,13388.98,0.704,11246.74,316.8,0.0282,False,,,sent_to_garage,0.0098,0,0,0.0152,0,0.0306,0
CLM002567,POL000233,2022-02-07,2022-01-13,2020-01-04,2021-01-03,25,Vauxhall,Mokka,Sedan,theft_damage,side,severe,direct,third_party_fire_theft,False,True,False,15,156817,37,0,3,2007,21769.02,0.809,2176.9,3236.0,1.4865,False,,,scrapped_by_model,0.9994,1,1,0.9999,1,0.9998,1
CLM002569,POL003699,2022-04-05,2022-03-14,2017-06-01,2018-06-01,22,Nissan,Leaf,Hatchback,theft_damage,roof,moderate,direct,third_party,False,True,True,7,45636,57,2,6,2015,31482.23,0.972,13852.18,2430.0,0.1754,False,,,sent_to_garage,0.1321,0,0,0.0403,0,0.049,0
CLM002570,POL006644,2023-10-06,2023-09-14,2021-03-05,2022-03-05,22,Ford,Transit,Hatchback,theft_damage,roof,severe,phone,third_party_fire_theft,False,False,True,16,109675,46,1,1,2007,28993.82,0.924,2899.38,5544.0,1.9121,False,,,scrapped_by_model,1.0,1,1,0.9997,1,0.9999,1
CLM002571,POL000090,2022-11-23,2022-11-01,2017-09-13,2018-09-13,22,Vauxhall,Corsa,Van,vandalism,rear,minor,phone,third_party_fire_theft,False,False,True,19,105647,25,0,14,2003,,,,,,False,,,sent_to_garage,0.1075,0,1,0.7696,0,0.3137,0
CLM002574,POL004669,2024-08-26,2024-08-12,2021-04-09,2022-04-09,14,Vauxhall,Astra,Hatchback,vandalism,front,moderate,online,comprehensive,False,True,False,5,36888,45,2,12,2019,18673.0,0.739,11203.8,1478.0,0.1319,False,,,sent_to_garage,0.0966,0,1,0.6677,0,0.2686,0
CLM002575,POL003079,2023-02-09,2023-01-31,2017-10-26,2018-10-26,9,Nissan,Leaf,Hatchback,vandalism,multiple,severe,direct,comprehensive,False,False,True,11,180661,47,0,7,2012,30815.55,0.993,3697.87,7944.0,2.0,False,,,scrapped_by_model,0.9993,1,1,0.9998,1,0.9996,1
CLM002576,POL003501,2024-05-19,2024-05-04,2018-09-21,2019-09-21,15,Toyota,Corolla,Van,collision,roof,severe,phone,comprehensive,True,False,True,18,54171,45,1,9,2006,22328.31,0.872,2232.83,5232.0,2.0,False,,,scrapped_by_model,1.0,1,1,0.9998,1,1.0,1
CLM002577,POL003935,2024-03-21,2024-03-11,2015-04-19,2016-04-18,10,BMW,3 Series,Estate,vandalism,roof,moderate,phone,comprehensive,False,True,False,4,3100,68,2,18,2020,35249.31,1.791,23969.53,4477.5,0.1868,True,,,sent_to_garage,0.02,0,0,0.0692,0,0.1811,0
CLM002582,POL004722,2023-07-07,2023-06-27,2022-02-14,2023-02-14,10,Vauxhall,Astra,Sedan,vandalism,multiple,moderate,direct,third_party,False,False,True,1,110836,37,0,0,2022,18406.39,0.753,16933.88,2635.5,0.1556,False,,,sent_to_garage,0.2708,0,0,0.0324,0,0.2072,0
CLM002585,POL000022,2023-08-30,2023-08-10,2014-09-28,2015-09-28,20,Mercedes,GLC,Motorbike,theft_damage,rear,minor,broker,comprehensive,False,True,False,6,77777,52,0,6,2017,47269.92,1.902,24580.36,855.9,0.0348,True,,,sent_to_garage,0.1135,0,0,0.0364,0,0.0939,0
CLM002589,POL002548,2024-11-09,2024-10-23,2016-10-13,2017-10-13,17,Mercedes,E-Class,Hatchback,collision,rear,severe,app,third_party_fire_theft,True,True,True,16,172566,41,1,16,2008,53740.48,1.959,5374.05,8815.5,1.6404,False,,,scrapped_by_model,1.0,1,1,0.9989,1,0.9999,1
CLM002592,POL005044,2023-08-26,2023-08-13,2019-11-24,2020-11-23,13,Mercedes,A-Class,Motorbike,collision,side,moderate,app,comprehensive,True,False,False,16,100338,44,1,14,2007,28657.73,1.848,2865.77,2772.0,0.9673,False,,,scrapped_by_model,0.9997,1,1,0.9991,1,0.9995,1
CLM002593,POL003685,2024-12-03,2024-11-09,2015-10-24,2016-10-23,24,Ford,Fiesta,Estate,collision,roof,minor,direct,comprehensive,False,False,False,15,141610,68,0,14,2009,11844.96,0.769,1184.5,461.4,0.3895,False,,,sent_to_garage,0.0388,0,1,0.8549,0,0.7364,0
CLM002594,POL000703,2022-07-25,2022-07-21,2016-03-30,2017-03-30,4,Hyundai,i10,Hatchback,theft_damage,roof,minor,phone,third_party,False,True,False,12,82465,17,1,18,2010,11719.24,0.74,1171.92,444.0,0.3789,False,,,sent_to_garage,0.0727,0,0,0.0262,0,0.0265,0
CLM002595,POL001668,2022-04-13,2022-03-19,2020-12-30,2021-12-30,25,BMW,1 Series,SUV,vandalism,side,moderate,app,comprehensive,False,False,True,14,130890,49,0,1,2008,29197.18,1.69,2919.72,2535.0,0.8682,False,,,sent_to_garage,0.984,0,1,0.9717,0,0.9707,0
CLM002596,POL005158,2023-11-19,2023-10-21,2014-11-19,2015-11-19,29,Vauxhall,Mokka,Hatchback,theft_damage,roof,minor,phone,comprehensive,True,True,False,18,39188,37,1,14,2005,22044.51,0.796,2204.45,477.6,0.2167,False,,,sent_to_garage,0.243,0,0,0.0255,0,0.0882,0
CLM002597,POL000502,2024-10-25,2024-10-18,2018-06-02,2019-06-02,7,Nissan,Micra,SUV,flood,multiple,severe,online,third_party_fire_theft,False,False,True,1,173598,34,1,18,2023,12630.14,0.791,11619.73,6328.0,0.5446,False,,,sent_to_garage,0.3531,0,1,0.9931,1,0.9197,0
CLM002598,POL002298,2022-08-11,2022-08-05,2019-08-06,2020-08-05,6,Toyota,Yaris,SUV,vandalism,front,severe,app,comprehensive,False,False,False,10,140132,61,1,8,2012,14437.39,0.8,2887.48,4000.0,1.3853,False,,,scrapped_by_model,0.9997,1,1,0.9984,1,0.9997,1
CLM002604,POL004255,2024-11-20,2024-10-30,2017-04-12,2018-04-12,21,Ford,Focus,Estate,fire,roof,moderate,online,comprehensive,False,True,False,11,54875,50,0,9,2013,18303.13,0.799,2196.38,1997.5,0.9095,False,,,sent_to_garage,0.9981,0,1,0.9421,0,0.9879,0
CLM002606,POL000815,2024-08-18,2024-08-05,2018-10-23,2019-10-23,13,Ford,Focus,Van,theft_damage,rear,minor,app,third_party,True,True,True,4,196019,34,0,9,2020,17204.94,0.79,11699.36,355.5,0.0304,False,,,sent_to_garage,0.105,0,1,0.8406,0,0.8189,0
CLM002607,POL003469,2023-04-10,2023-04-08,2018-12-25,2019-12-25,2,Toyota,Yaris,Hatchback,vandalism,side,minor,app,third_party,False,True,False,7,163712,42,1,18,2016,14656.14,0.81,6448.7,324.0,0.0502,False,,,sent_to_garage,0.5061,0,0,0.0824,0,0.1775,0
CLM002608,POL001314,2023-08-22,2023-08-10,2023-03-28,2024-03-27,12,Honda,Civic,Estate,theft_damage,side,minor,direct,comprehensive,False,False,True,14,116277,55,1,9,2009,21776.71,0.906,2177.67,362.4,0.1664,False,,,sent_to_garage,0.0486,0,0,0.0844,0,0.171,0
CLM002610,POL001984,2022-12-23,2022-11-26,2018-07-02,2019-07-02,27,BMW,X5,Sedan,flood,side,minor,phone,comprehensive,False,False,False,15,139297,29,2,20,2007,64196.34,2.058,6419.63,823.2,0.1282,False,,,sent_to_garage,0.2634,0,0,0.0156,0,0.1752,0
CLM002615,POL001532,2024-11-11,2024-10-25,2014-04-04,2015-04-04,17,Hyundai,Tucson,Hatchback,flood,front,severe,phone,third_party,False,False,True,14,30282,18,0,2,2010,28595.7,0.877,2859.57,4385.0,1.5334,False,,,scrapped_by_model,0.9996,1,1,0.9991,1,0.9978,1
CLM002616,POL002791,2023-11-17,2023-11-03,2015-06-18,2016-06-17,14,Mercedes,A-Class,Motorbike,collision,multiple,minor,phone,comprehensive,False,True,True,15,57547,54,1,18,2008,29677.45,1.846,2967.75,1476.8,0.4976,False,,,sent_to_garage,0.3453,0,1,0.8382,0,0.4917,0
CLM002621,POL004955,2024-09-29,2024-09-03,2022-05-23,2023-05-23,26,Hyundai,i30,Van,fire,side,moderate,app,third_party_fire_theft,True,False,True,15,125736,30,0,6,2009,20499.41,0.808,2049.94,1212.0,0.5912,False,,,sent_to_garage,0.6011,0,1,0.817,0,0.7645,0
CLM002625,POL003226,2024-07-21,2024-07-03,2020-11-16,2021-11-16,18,Audi,Q3,SUV,vandalism,roof,severe,phone,comprehensive,True,True,False,1,138980,54,0,1,2023,34932.13,1.745,32137.56,10470.0,0.3258,True,,,sent_to_garage,0.7539,0,1,0.8774,0,0.8023,0
CLM002629,POL001630,2023-11-28,2023-11-16,2015-12-31,2016-12-30,12,Volkswagen,Tiguan,Sedan,flood,side,minor,phone,comprehensive,False,False,True,4,15259,18,0,10,2019,35028.59,1.099,23819.44,439.6,0.0185,True,,,sent_to_garage,0.0119,0,0,0.0041,0,0.023,0
CLM002631,POL000466,2024-05-26,2024-05-11,2018-03-07,2019-03-07,15,Vauxhall,Insignia,Motorbike,flood,side,minor,phone,third_party,True,False,False,19,3275,41,0,20,2005,24241.86,0.844,2424.19,337.6,0.1393,False,,,sent_to_garage,0.2888,0,0,0.036,0,0.0804,0
CLM002638,POL001182,2022-03-26,2022-03-14,2018-07-19,2019-07-19,12,BMW,5 Series,Hatchback,theft_damage,roof,moderate,phone,comprehensive,True,True,False,11,178209,45,0,12,2011,43949.08,1.859,5273.89,4647.5,0.8812,False,,,sent_to_garage,0.9835,0,1,0.9884,0,0.9816,0
CLM002639,POL004647,2023-05-01,2023-04-29,2013-12-27,2014-12-27,2,Mercedes,C-Class,Van,collision,front,moderate,phone,comprehensive,False,True,False,11,66804,20,0,20,2012,40673.32,1.886,4880.8,3772.0,0.7728,False,,,sent_to_garage,0.0858,0,0,0.0644,0,0.0561,0
CLM002645,POL001644,2024-01-09,2024-01-02,2015-07-31,2016-07-30,7,Volkswagen,Tiguan,Estate,collision,roof,severe,broker,comprehensive,False,False,False,14,14453,55,0,6,2010,34111.23,1.071,3411.12,6426.0,1.8838,False,,,scrapped_by_model,0.9987,1,1,0.9982,1,0.9986,1
CLM002648,POL004511,2023-09-27,2023-09-09,2014-03-07,2015-03-07,18,Ford,Transit,Van,theft_damage,multiple,moderate,app,comprehensive,False,True,True,18,159054,80,0,7,2005,29372.75,0.951,2937.28,3328.5,1.1332,False,,,scrapped_by_model,0.9998,1,1,0.9988,1,0.9995,1
CLM002654,POL004205,2022-03-24,2022-03-06,2018-03-15,2019-03-15,18,Ford,Kuga,Estate,flood,front,minor,online,comprehensive,False,False,False,14,16912,63,1,14,2008,28254.56,0.874,2825.46,437.0,0.1547,False,,,sent_to_garage,0.1271,0,0,0.0757,0,0.1029,0
CLM002658,POL003193,2023-06-21,2023-06-17,2017-11-05,2018-11-05,4,Mercedes,E-Class,Van,vandalism,roof,moderate,direct,comprehensive,False,True,True,18,5828,52,0,4,2005,54095.54,1.945,5409.55,4862.5,0.8989,False,,,scrapped_by_model,0.9998,1,1,0.9578,0,0.9726,0
CLM002659,POL000599,2024-02-29,2024-02-26,2013-01-14,2014-01-14,3,Mercedes,A-Class,Hatchback,vandalism,side,minor,direct,comprehensive,False,False,True,2,87490,22,0,19,2022,31134.44,1.786,26152.93,714.4,0.0273,True,,,sent_to_garage,0.5208,0,0,0.0057,0,0.1083,0
CLM002660,POL001275,2024-08-27,2024-08-25,2016-10-23,2017-10-23,2,Vauxhall,Astra,SUV,collision,rear,moderate,direct,third_party,False,True,False,0,19303,31,1,3,2024,17854.69,0.751,17854.69,1351.8,0.0757,True,,,sent_to_garage,0.028,0,0,0.0229,0,0.0105,0
CLM002661,POL004748,2024-04-20,2024-04-18,2022-06-03,2023-06-03,2,Ford,Kuga,SUV,collision,rear,severe,direct,comprehensive,True,False,True,9,122625,68,0,18,2015,27828.95,0.874,7792.11,3933.0,0.5047,False,,,sent_to_garage,0.3502,0,1,0.8718,0,0.6719,0
CLM002663,POL002226,2024-05-05,2024-04-11,2012-02-26,2013-02-25,24,Ford,Transit,SUV,vandalism,front,moderate,direct,third_party,True,False,True,11,18177,49,1,2,2013,29620.97,0.927,3554.52,1854.0,0.5216,False,,,sent_to_garage,0.0173,0,0,0.0157,0,0.0032,0
CLM002664,POL001389,2024-08-10,2024-07-23,2013-03-07,2014-03-07,18,Nissan,Leaf,Motorbike,collision,multiple,moderate,app,comprehensive,True,True,True,9,188614,42,0,3,2015,31482.23,0.972,8815.02,3402.0,0.3859,False,,,sent_to_garage,0.2789,0,0,0.0675,0,0.2344,0
CLM002667,POL005055,2024-09-10,2024-08-18,2021-04-13,2022-04-13,23,Mercedes,C-Class,Motorbike,fire,multiple,moderate,online,third_party,False,True,False,13,164821,49,1,15,2011,40760.51,1.862,4076.05,6517.0,1.5989,False,,,scrapped_by_model,0.9999,1,1,0.9984,1,0.9997,1
CLM002679,POL004211,2024-12-11,2024-12-01,2015-08-23,2016-08-22,10,Vauxhall,Astra,Van,fire,roof,minor,direct,third_party,False,True,False,7,50536,59,0,20,2017,18605.24,0.728,8186.31,436.8,0.0534,False,,,sent_to_garage,0.041,0,0,0.0523,0,0.0572,0
CLM002690,POL002887,2022-04-08,2022-03-20,2020-08-28,2021-08-28,19,Honda,Jazz,Estate,collision,multiple,moderate,app,comprehensive,False,True,True,8,151283,45,1,10,2014,16054.14,0.828,5779.49,2898.0,0.5014,False,,,sent_to_garage,0.5277,0,0,0.0316,0,0.1642,0
CLM002691,POL005651,2023-06-13,2023-06-02,2019-11-13,2020-11-12,11,Vauxhall,Corsa,Estate,vandalism,rear,moderate,direct,third_party,False,True,True,16,181062,52,1,11,2007,12411.59,0.685,1241.16,1233.0,0.9934,False,,,sent_to_garage,0.9983,0,0,0.2036,0,0.1924,0
CLM002694,POL006462,2022-08-16,2022-08-03,2018-06-18,2019-06-18,13,Vauxhall,Mokka,Sedan,fire,rear,severe,phone,comprehensive,False,False,True,20,183182,47,0,17,2002,,,,,,False,,,sent_to_garage,0.9917,0,1,0.9112,0,0.9315,0
CLM002700,POL004917,2024-09-13,2024-09-02,2014-10-18,2015-10-18,11,Ford,Fiesta,Van,theft_damage,roof,minor,online,comprehensive,False,True,False,6,88193,19,1,20,2018,11585.15,0.758,6024.28,454.8,0.0755,False,,,sent_to_garage,0.1214,0,0,0.0048,0,0.0078,0
CLM002705,POL004007,2023-03-19,2023-02-27,2022-06-15,2023-06-15,20,Hyundai,i10,Hatchback,collision,multiple,minor,online,third_party,True,False,True,15,67259,34,0,12,2008,11747.32,0.763,1174.73,610.4,0.5196,False,,,sent_to_garage,0.0935,0,1,0.9033,0,0.601,0
CLM002711,POL006145,2022-08-12,2022-07-27,2019-01-12,2020-01-12,16,Ford,Focus,Estate,collision,multiple,moderate,app,third_party,False,True,True,12,60011,41,2,18,2010,18369.3,0.813,1836.93,2845.5,1.5491,False,,,scrapped_by_model,0.9997,1,1,0.9956,1,0.9998,1
CLM002713,POL001410,2023-07-31,2023-07-18,2016-09-26,2017-09-26,13,Honda,Civic,Sedan,theft_damage,front,moderate,phone,third_party_fire_theft,False,False,True,7,191183,56,0,20,2016,22146.13,0.883,9744.3,1766.0,0.1812,False,,,sent_to_garage,0.0144,0,0,0.0287,0,0.0458,0
CLM002716,POL001279,2024-04-21,2024-04-11,2020-07-22,2021-07-22,10,Volkswagen,Golf,Hatchback,collision,rear,minor,broker,comprehensive,True,True,True,10,183231,62,1,8,2014,24753.39,1.024,4950.68,460.8,0.0931,False,,,sent_to_garage,0.0945,0,1,0.7208,0,0.3625,0
CLM002719,POL000069,2023-01-28,2022-12-30,2014-03-07,2015-03-07,29,Volkswagen,Polo,SUV,fire,multiple,severe,app,comprehensive,True,False,True,8,151629,79,1,18,2015,16084.97,0.908,5790.59,7264.0,1.2544,False,,,scrapped_by_model,0.9999,1,1,0.9869,0,0.9983,1
CLM002721,POL002893,2023-11-06,2023-10-21,2013-10-14,2014-10-14,16,Nissan,Juke,SUV,collision,side,minor,broker,third_party,False,True,True,8,157905,43,0,12,2015,19139.86,0.849,6890.35,339.6,0.0493,False,,,sent_to_garage,0.3752,0,1,0.8393,0,0.7713,0
CLM002722,POL004560,2023-06-05,2023-05-30,2013-11-06,2014-11-06,6,Volkswagen,Polo,Van,vandalism,multiple,minor,app,third_party_fire_theft,False,True,True,17,134578,17,0,8,2006,15692.06,0.905,1569.21,724.0,0.4614,False,,,sent_to_garage,0.7728,0,1,0.9609,0,0.9311,0
CLM002723,POL002007,2024-10-16,2024-09-17,2023-04-19,2024-04-18,29,Audi,A3,Motorbike,fire,rear,minor,broker,third_party_fire_theft,False,False,True,11,192199,54,2,7,2013,29038.48,1.741,3484.62,783.45,0.2248,False,,,sent_to_garage,0.188,0,0,0.0653,0,0.0842,0
CLM002726,POL004184,2023-12-11,2023-11-14,2020-08-20,2021-08-20,27,Volkswagen,Polo,Motorbike,vandalism,side,moderate,broker,third_party_fire_theft,False,True,True,7,39238,17,0,14,2016,16751.7,0.926,7370.75,1389.0,0.1884,False,,,sent_to_garage,0.2876,0,0,0.0106,0,0.0513,0
CLM002731,POL000016,2022-02-10,2022-01-22,2015-08-13,2016-08-12,19,Hyundai,i10,SUV,flood,multiple,moderate,direct,comprehensive,False,False,True,14,56780,46,1,16,2008,11747.32,0.763,1174.73,2670.5,2.0,False,,,scrapped_by_model,0.9996,1,1,0.9995,1,0.9987,1
CLM002732,POL001687,2024-04-22,2024-04-21,2022-07-27,2023-07-27,1,Volkswagen,Tiguan,Hatchback,flood,side,minor,online,third_party,False,False,True,16,61464,17,1,3,2008,33375.45,1.13,3337.54,452.0,0.1354,False,,,sent_to_garage,0.0652,0,0,0.0099,0,0.0908,0
CLM002736,POL002598,2023-03-16,2023-03-01,2015-08-11,2016-08-10,15,Vauxhall,Corsa,Van,flood,rear,moderate,online,third_party_fire_theft,False,False,True,8,189443,55,0,10,2015,13354.82,0.715,4807.74,1287.0,0.2677,False,,,sent_to_garage,0.162,0,0,0.0174,0,0.0974,0
CLM002740,POL003249,2023-04-26,2023-04-18,2023-03-14,2024-03-13,8,BMW,1 Series,Estate,theft_damage,rear,minor,broker,third_party,False,True,True,4,149085,17,1,16,2019,28922.4,1.73,19667.23,778.5,0.0396,True,,,sent_to_garage,0.4219,0,1,0.6551,0,0.5241,0
CLM002743,POL000989,2022-08-08,2022-07-31,2013-10-26,2014-10-26,8,Volkswagen,Tiguan,Estate,vandalism,multiple,minor,app,comprehensive,False,True,True,6,179447,42,1,19,2016,34629.44,1.094,18007.31,875.2,0.0486,True,,,sent_to_garage,0.1059,0,1,0.8916,0,0.6365,0
CLM002745,POL002036,2023-05-05,2023-04-10,2019-03-22,2020-03-21,25,Audi,A6,Motorbike,theft_damage,front,minor,phone,third_party,False,True,True,16,86198,71,1,12,2007,47245.03,1.863,4724.5,931.5,0.1972,False,,,sent_to_garage,0.0365,0,0,0.017,0,0.0587,0
CLM002748,POL001055,2024-08-21,2024-08-01,2014-04-01,2015-04-01,20,Hyundai,i10,Sedan,theft_damage,rear,severe,direct,third_party_fire_theft,False,True,False,13,16554,35,0,14,2011,11705.67,0.734,1170.57,3303.0,2.0,False,,,scrapped_by_model,0.9991,1,1,0.9984,1,0.9984,1
CLM002749,POL002807,2023-08-05,2023-07-24,2022-08-04,2023-08-04,12,BMW,X5,Estate,theft_damage,multiple,minor,phone,third_party,True,False,False,1,43250,40,1,20,2022,61938.5,1.969,56983.42,1575.2,0.0276,True,,,sent_to_garage,0.6442,0,1,0.8182,0,0.7453,0
CLM002751,POL001273,2023-05-08,2023-05-04,2017-06-10,2018-06-10,4,Vauxhall,Mokka,Sedan,theft_damage,roof,moderate,online,comprehensive,False,False,False,18,140346,60,3,7,2005,22044.51,0.796,2204.45,1990.0,0.9027,False,,,scrapped_by_model,0.9988,1,1,0.9796,0,0.9976,1
CLM002754,POL000457,2024-01-31,2024-01-26,2023-12-09,2024-12-08,5,Vauxhall,Insignia,Estate,collision,side,moderate,app,comprehensive,False,False,False,18,27965,56,2,5,2006,24735.27,0.831,2473.53,1246.5,0.5039,False,,,sent_to_garage,0.4323,0,0,0.0471,0,0.0807,0
CLM002771,POL000914,2023-01-18,2023-01-01,2020-05-30,2021-05-30,17,Mercedes,C-Class,Sedan,collision,roof,moderate,phone,comprehensive,False,True,True,5,41014,34,0,17,2018,39619.98,1.935,23771.99,4837.5,0.2035,True,,,sent_to_garage,0.0797,0,0,0.0596,0,0.0484,0
CLM002775,POL004259,2022-04-13,2022-03-25,2017-01-02,2018-01-02,19,Hyundai,Tucson,SUV,vandalism,side,moderate,online,comprehensive,False,False,True,16,12591,44,5,8,2006,26971.12,0.897,2697.11,1345.5,0.4989,False,,,sent_to_garage,0.5771,0,0,0.0959,0,0.1963,0
CLM002776,POL002004,2022-05-10,2022-04-29,2019-06-18,2020-06-17,11,Hyundai,i30,Hatchback,collision,multiple,moderate,broker,comprehensive,False,False,False,19,135664,25,0,3,2003,,,,,,False,,,sent_to_garage,0.4649,0,1,0.9959,1,0.7993,0
CLM002777,POL003663,2022-02-06,2022-02-03,2020-11-16,2021-11-16,3,BMW,X3,Sedan,fire,roof,moderate,online,third_party_fire_theft,True,True,True,18,124668,17,0,9,2004,46056.46,1.875,4605.65,4687.5,1.0178,False,,,scrapped_by_model,0.9997,1,1,0.996,1,0.9973,1
CLM002781,POL000661,2022-11-15,2022-10-17,2022-06-09,2023-06-09,29,Mercedes,A-Class,Sedan,theft_damage,side,severe,broker,third_party,False,True,True,9,93457,27,0,1,2013,29989.25,1.796,8396.99,7184.0,0.8555,False,,,sent_to_garage,0.9596,0,1,0.9465,0,0.9735,0
CLM002785,POL001224,2022-11-05,2022-11-04,2016-10-19,2017-10-19,1,Ford,Kuga,Sedan,vandalism,rear,moderate,broker,comprehensive,True,True,True,15,88945,63,0,18,2007,28226.97,0.892,2822.7,1605.6,0.5688,False,,,sent_to_garage,0.053,0,0,0.0465,0,0.0733,0
CLM002786,POL003907,2022-04-28,2022-04-14,2013-09-08,2014-09-08,14,Hyundai,i20,Van,fire,rear,moderate,broker,comprehensive,False,True,False,18,8376,55,1,13,2004,16391.63,0.795,1639.16,1431.0,0.873,False,,,sent_to_garage,0.3946,0,1,0.9892,0,0.9277,0
CLM002787,POL003879,2023-05-19,2023-04-22,2017-05-16,2018-05-16,27,Toyota,Corolla,Hatchback,theft_damage,front,moderate,online,comprehensive,False,False,True,9,198547,41,0,16,2014,22194.27,0.841,6214.4,1682.0,0.2707,False,,,sent_to_garage,0.4088,0,1,0.6654,0,0.5497,0
CLM002789,POL005361,2023-05-18,2023-05-18,2016-01-03,2017-01-02,0,Mercedes,E-Class,Estate,fire,multiple,moderate,app,comprehensive,False,False,False,5,191107,24,1,14,2018,50060.06,2.035,30036.04,7122.5,0.2371,True,,,sent_to_garage,0.7227,0,1,0.893,0,0.8655,0
CLM002790,POL002177,2023-11-03,2023-11-01,2016-07-14,2017-07-14,2,Mercedes,E-Class,Sedan,flood,roof,moderate,online,comprehensive,False,False,True,19,69780,49,0,6,2004,53070.14,1.976,5307.01,4940.0,0.9308,False,,,scrapped_by_model,0.9989,1,1,0.9515,0,0.9964,1
CLM002792,POL000425,2022-02-12,2022-02-04,2013-11-19,2014-11-19,8,Audi,A3,Estate,theft_damage,multiple,moderate,app,comprehensive,True,True,True,5,142574,38,1,17,2017,30092.55,1.724,18055.53,6034.0,0.3342,True,,,sent_to_garage,0.2616,0,0,0.1908,0,0.1741,0
CLM002793,POL004178,2024-03-08,2024-02-29,2022-04-22,2023-04-22,8,Audi,A3,Van,theft_damage,side,minor,broker,comprehensive,False,True,False,3,1051,17,0,4,2021,29971.82,1.753,22778.58,701.2,0.0308,True,,,sent_to_garage,0.016,0,0,0.0033,0,0.0341,0
CLM002794,POL006493,2023-07-19,2023-07-07,2012-11-28,2013-11-28,12,Mercedes,E-Class,Sedan,collision,front,minor,app,third_party,False,True,True,7,149796,52,0,14,2016,53716.1,2.057,23635.08,1028.5,0.0435,True,,,sent_to_garage,0.0976,0,0,0.0869,0,0.0529,0
CLM002796,POL003274,2022-06-12,2022-05-25,2015-04-08,2016-04-07,18,Mercedes,A-Class,Sedan,vandalism,front,severe,app,third_party,True,False,True,8,98498,46,0,3,2014,28516.42,1.831,10265.91,9155.0,0.8918,False,,,sent_to_garage,0.9852,0,1,0.9935,1,0.9535,0
CLM002800,POL004351,2024-10-19,2024-10-02,2012-09-21,2013-09-21,17,Vauxhall,Astra,Sedan,theft_damage,rear,severe,phone,third_party,True,True,True,11,123349,48,0,1,2013,18684.68,0.752,2242.16,3384.0,1.5093,False,,,scrapped_by_model,0.9998,1,1,0.9995,1,0.9997,1
CLM002801,POL006850,2024-08-14,2024-07-26,2019-08-16,2020-08-15,19,Vauxhall,Corsa,SUV,collision,rear,severe,phone,third_party,False,True,True,14,117296,28,1,5,2010,12493.82,0.705,1249.38,3172.5,2.0,False,,,sent_to_garage,0.9984,0,1,0.9998,1,0.9968,1
CLM002802,POL002781,2023-01-29,2023-01-02,2018-04-09,2019-04-09,27,Mercedes,GLC,Hatchback,vandalism,roof,minor,phone,comprehensive,True,False,True,3,180988,47,1,12,2020,49299.71,1.955,37467.78,1173.0,0.0313,True,,,sent_to_garage,0.0658,0,0,0.0453,0,0.0925,0
CLM002803,POL000347,2024-11-29,2024-10-31,2024-01-16,2025-01-15,29,Mercedes,GLC,Motorbike,theft_damage,rear,moderate,phone,third_party,False,False,True,1,78602,29,2,20,2023,47686.85,1.918,43871.9,3452.4,0.0787,True,,,sent_to_garage,0.1645,0,1,0.8903,0,0.7297,0
CLM002805,POL000673,2022-10-26,2022-09-28,2022-09-24,2023-09-24,28,Audi,A4,Motorbike,vandalism,rear,moderate,broker,third_party,False,False,False,13,59157,35,0,14,2009,37867.05,1.789,3786.71,3220.2,0.8504,False,,,sent_to_garage,0.9685,0,1,0.9654,0,0.9537,0
CLM002809,POL001038,2024-06-08,2024-06-04,2023-05-29,2024-05-28,4,Toyota,Corolla,SUV,vandalism,multiple,minor,phone,comprehensive,True,True,False,8,2634,53,1,20,2016,21943.09,0.836,7899.51,668.8,0.0847,False,,,sent_to_garage,0.0327,0,0,0.0392,0,0.1474,0
CLM002811,POL000254,2024-05-23,2024-05-22,2016-12-10,2017-12-10,1,BMW,3 Series,Estate,fire,roof,moderate,broker,comprehensive,False,False,True,5,123796,42,0,20,2019,34078.61,1.773,20447.17,4432.5,0.2168,True,,,sent_to_garage,0.3063,0,1,0.6128,0,0.7186,0
CLM002814,POL000226,2022-01-30,2022-01-21,2017-02-25,2018-02-25,9,Vauxhall,Astra,Van,flood,rear,severe,app,third_party_fire_theft,True,False,True,10,179495,63,1,6,2012,17328.44,0.768,3465.69,3456.0,0.9972,False,,,scrapped_by_model,0.9992,1,1,0.9499,0,0.9731,0
CLM002826,POL004174,2023-05-18,2023-04-28,2020-10-04,2021-10-04,20,Nissan,Juke,Hatchback,fire,multiple,moderate,online,third_party,False,False,False,8,13688,21,1,2,2015,19139.86,0.849,6890.35,2971.5,0.4313,False,,,sent_to_garage,0.185,0,0,0.0384,0,0.1668,0
CLM002830,POL004158,2024-07-10,2024-06-24,2023-03-31,2024-03-30,16,Vauxhall,Mokka,Hatchback,flood,roof,minor,direct,comprehensive,False,True,False,4,132199,43,0,16,2020,23054.29,0.794,15676.92,476.4,0.0304,False,,,sent_to_garage,0.0892,0,1,0.7238,0,0.6256,0
CLM002832,POL002548,2022-09-29,2022-09-09,2018-03-30,2019-03-30,20,Hyundai,i10,Estate,fire,side,severe,broker,third_party_fire_theft,False,False,True,16,167298,39,0,1,2006,11961.88,0.737,1196.19,2948.0,2.0,False,,,scrapped_by_model,0.9999,1,1,0.9996,1,1.0,1
CLM002834,POL004667,2022-12-01,2022-11-17,2019-03-03,2020-03-02,14,Vauxhall,Insignia,Van,fire,rear,minor,phone,comprehensive,False,True,False,13,26897,45,1,13,2009,24358.99,0.83,2435.9,373.5,0.1533,False,,,sent_to_garage,0.554,0,1,0.8046,0,0.8153,0
CLM002837,POL003670,2022-12-12,2022-11-22,2013-02-01,2014-02-01,20,Nissan,Leaf,Sedan,collision,roof,minor,phone,comprehensive,False,True,True,1,187874,37,0,17,2021,29938.25,1.022,27543.19,613.2,0.0223,True,,,sent_to_garage,0.0444,0,0,0.0507,0,0.0719,0
CLM002838,POL001528,2023-05-04,2023-04-21,2016-08-10,2017-08-10,13,Mercedes,E-Class,Motorbike,vandalism,multiple,moderate,phone,comprehensive,False,False,True,20,91776,60,0,9,2003,,,,,,False,,,sent_to_garage,0.3986,0,0,0.1091,0,0.5659,0
CLM002840,POL000258,2024-06-23,2024-06-19,2023-11-23,2024-11-22,4,Ford,Focus,Motorbike,flood,rear,severe,phone,third_party,True,True,False,14,152049,33,1,3,2010,18369.3,0.813,1836.93,3658.5,1.9916,False,,,scrapped_by_model,0.9998,1,1,0.9996,1,0.9998,1
CLM002841,POL004444,2024-11-19,2024-11-07,2015-11-04,2016-11-03,12,Hyundai,Tucson,Motorbike,collision,front,moderate,app,third_party,False,True,False,4,81476,52,0,11,2020,28192.73,0.869,19171.06,1738.0,0.0907,True,,,sent_to_garage,0.0693,0,0,0.033,0,0.0686,0
CLM002842,POL002445,2022-06-30,2022-05-31,2022-05-15,2023-05-15,30,BMW,3 Series,SUV,theft_damage,roof,severe,app,third_party,False,True,False,1,172891,55,0,6,2021,33422.39,1.786,30748.6,10716.0,0.3485,True,,,sent_to_garage,0.3685,0,0,0.0399,0,0.1378,0
CLM002843,POL002475,2024-05-11,2024-04-19,2023-05-24,2024-05-23,22,Audi,A4,Sedan,collision,front,minor,online,comprehensive,True,False,True,10,39460,57,0,19,2014,37397.27,1.751,7479.45,875.5,0.1171,False,,,sent_to_garage,0.0486,0,0,0.0448,0,0.0237,0
CLM002847,POL001314,2024-05-07,2024-04-17,2012-03-18,2013-03-18,20,Nissan,Leaf,Estate,vandalism,multiple,moderate,online,comprehensive,False,False,True,10,84380,34,1,20,2014,28512.92,1.004,5702.58,3514.0,0.6162,False,,,sent_to_garage,0.1769,0,0,0.0653,0,0.1078,0
CLM002849,POL004334,2023-04-03,2023-03-09,2020-02-29,2021-02-28,25,BMW,1 Series,Estate,vandalism,multiple,moderate,app,third_party,False,False,False,0,8710,32,2,19,2023,27647.72,1.692,27647.72,5922.0,0.2142,True,,,sent_to_garage,0.6271,0,0,0.0287,0,0.1137,0
CLM002852,POL002436,2022-03-27,2022-03-24,2017-11-27,2018-11-27,3,Audi,A3,SUV,theft_damage,rear,minor,online,comprehensive,True,False,True,11,80739,46,2,13,2011,31188.37,1.708,3742.6,768.6,0.2054,False,,,sent_to_garage,0.1828,0,0,0.0493,0,0.0889,0
CLM002854,POL001812,2023-07-06,2023-06-26,2012-12-30,2013-12-30,10,Honda,CR-V,Hatchback,flood,roof,moderate,online,third_party,False,False,True,14,7392,44,1,0,2009,31412.65,0.913,3141.27,2282.5,0.7266,False,,,sent_to_garage,0.1681,0,0,0.0699,0,0.0932,0
CLM002855,POL004281,2024-05-16,2024-05-05,2014-06-17,2015-06-17,11,Ford,Fiesta,Hatchback,flood,front,minor,broker,comprehensive,False,False,False,19,194615,45,1,17,2005,12430.32,0.759,1243.03,379.5,0.3053,False,,,sent_to_garage,0.6088,0,1,0.9189,0,0.8648,0
CLM002859,POL004223,2022-05-23,2022-05-20,2021-02-24,2022-02-24,3,Hyundai,Tucson,Van,fire,front,moderate,phone,third_party,False,True,True,2,3806,42,0,18,2020,28192.73,0.869,23681.89,1738.0,0.0734,True,,,sent_to_garage,0.1833,0,0,0.0983,0,0.0943,0
CLM002860,POL002586,2023-12-24,2023-12-24,2013-02-16,2014-02-16,0,Audi,Q3,Sedan,theft_damage,rear,moderate,direct,third_party_fire_theft,True,False,True,10,133955,65,0,19,2013,33331.3,1.74,6666.26,3132.0,0.4698,False,,,sent_to_garage,0.0299,0,0,0.0902,0,0.0508,0
CLM002866,POL000700,2022-06-28,2022-06-03,2013-02-23,2014-02-23,25,Volkswagen,Tiguan,Estate,vandalism,side,minor,online,comprehensive,False,True,True,10,175643,33,0,19,2012,34343.99,1.07,6868.8,428.0,0.0623,False,,,sent_to_garage,0.0761,0,0,0.0396,0,0.0401,0
CLM002868,POL003145,2023-08-18,2023-07-21,2014-11-14,2015-11-14,28,Nissan,Micra,Estate,flood,side,minor,app,comprehensive,False,True,True,16,131603,29,1,11,2007,12917.67,0.803,1291.77,321.2,0.2487,False,,,sent_to_garage,0.0958,0,0,0.029,0,0.2131,0
CLM002871,POL003510,2022-01-03,2021-12-30,2014-09-16,2015-09-16,4,Vauxhall,Mokka,Hatchback,theft_damage,side,severe,broker,comprehensive,False,True,False,20,26268,41,1,12,2002,,,,,,False,,,sent_to_garage,0.9983,0,0,0.1625,0,0.503,0
CLM002878,POL002267,2022-10-18,2022-10-03,2014-10-07,2015-10-07,15,Hyundai,i30,SUV,collision,rear,moderate,online,comprehensive,False,False,True,7,72408,48,0,12,2015,20420.03,0.827,8984.81,1488.6,0.1657,False,,,sent_to_garage,0.1277,0,0,0.0897,0,0.1473,0
CLM002879,POL002988,2023-12-11,2023-11-24,2016-12-02,2017-12-02,17,Audi,A4,Motorbike,flood,rear,minor,broker,comprehensive,False,False,True,16,96440,50,0,16,2007,36552.02,1.845,3655.2,830.25,0.2271,False,,,sent_to_garage,0.3402,0,0,0.1179,0,0.1051,0
CLM002880,POL000006,2023-08-23,2023-08-12,2017-06-10,2018-06-10,11,Ford,Transit,SUV,theft_damage,side,minor,direct,comprehensive,False,False,True,15,30095,54,1,2,2008,29805.29,0.978,2980.53,391.2,0.1313,False,,,sent_to_garage,0.0549,0,0,0.0109,0,0.0549,0
CLM002887,POL000137,2022-08-07,2022-07-27,2012-05-14,2013-05-14,11,Hyundai,i20,SUV,fire,multiple,moderate,broker,comprehensive,True,False,True,13,90012,43,1,9,2009,16459.03,0.799,1645.9,2796.5,1.6991,False,,,scrapped_by_model,0.9995,1,1,0.9972,1,0.9999,1
CLM002894,POL003447,2023-02-04,2023-01-22,2013-10-01,2014-10-01,13,Hyundai,i30,Sedan,flood,multiple,moderate,app,third_party_fire_theft,True,True,False,1,191286,39,0,11,2022,20805.79,0.841,19141.33,2943.5,0.1538,True,,,sent_to_garage,0.3323,0,0,0.0634,0,0.3254,0
CLM002895,POL006456,2023-09-17,2023-09-15,2013-05-09,2014-05-09,2,Nissan,Qashqai,SUV,vandalism,rear,minor,broker,comprehensive,True,False,True,0,11297,27,2,12,2023,29258.02,0.895,29258.02,402.75,0.0138,True,,,sent_to_garage,0.0237,0,0,0.0238,0,0.0175,0
CLM002898,POL001152,2022-03-18,2022-03-15,2019-12-22,2020-12-21,3,Vauxhall,Astra,Hatchback,vandalism,roof,minor,app,comprehensive,False,False,False,2,43442,32,0,18,2020,18199.39,0.752,15287.49,451.2,0.0295,False,,,sent_to_garage,0.0824,0,0,0.0239,0,0.0628,0
CLM002902,POL005282,2023-07-15,2023-06-22,2013-07-05,2014-07-05,23,Audi,Q3,Estate,flood,front,moderate,phone,third_party_fire_theft,True,True,True,6,114513,57,1,20,2017,35155.92,1.749,18281.08,3498.0,0.1913,True,,,sent_to_garage,0.1344,0,1,0.711,0,0.4964,0
CLM002904,POL006752,2024-08-22,2024-07-31,2013-04-01,2014-04-01,22,Hyundai,i30,Van,fire,side,minor,direct,third_party,False,True,True,12,38817,55,0,7,2012,20062.59,0.834,2006.26,333.6,0.1663,False,,,sent_to_garage,0.4657,0,0,0.036,0,0.1223,0
CLM002905,POL002141,2023-01-07,2022-12-22,2021-03-29,2022-03-29,16,Toyota,Camry,SUV,collision,rear,moderate,broker,third_party,True,True,True,13,194115,80,0,20,2010,30259.34,0.88,3025.93,1584.0,0.5235,False,,,sent_to_garage,0.0352,0,0,0.1178,0,0.1642,0
CLM002910,POL003207,2022-09-30,2022-09-27,2021-12-27,2022-12-27,3,Vauxhall,Mokka,Hatchback,theft_damage,rear,severe,broker,third_party,False,True,False,3,82219,44,3,7,2019,22535.92,0.777,17127.3,3496.5,0.2041,False,,,sent_to_garage,0.6778,0,1,0.9049,0,0.6257,0
CLM002913,POL003012,2023-06-06,2023-05-30,2019-07-16,2020-07-15,7,Audi,Q5,Van,flood,roof,moderate,app,third_party,False,True,False,8,117645,53,2,4,2015,47163.7,1.802,16978.93,4505.0,0.2653,False,,,sent_to_garage,0.0774,0,1,0.6116,0,0.2431,0
CLM002918,POL004825,2024-01-31,2024-01-04,2020-05-23,2021-05-23,27,Toyota,Yaris,Sedan,flood,rear,severe,app,third_party,False,True,True,16,31552,48,0,8,2008,14335.85,0.814,1433.58,3663.0,2.0,False,,,scrapped_by_model,0.9998,1,1,0.9972,1,0.9996,1
CLM002919,POL000195,2022-01-19,2021-12-27,2018-02-05,2019-02-05,23,Mercedes,GLC,Estate,flood,multiple,moderate,app,comprehensive,False,True,False,20,5210,38,1,20,2002,,,,,,False,,,sent_to_garage,0.4942,0,0,0.0683,0,0.2698,0
CLM002923,POL000910,2022-02-14,2022-01-31,2017-02-26,2018-02-26,14,Toyota,Camry,Hatchback,collision,multiple,moderate,broker,comprehensive,False,False,True,11,16830,29,1,7,2011,28752.35,0.866,3450.28,3031.0,0.8785,False,,,sent_to_garage,0.9529,0,1,0.9835,0,0.949,0
CLM002925,POL000339,2023-11-08,2023-10-14,2013-06-25,2014-06-25,25,Nissan,Juke,Hatchback,theft_damage,side,minor,online,comprehensive,False,True,True,10,133914,58,0,3,2013,19616.67,0.831,3923.33,332.4,0.0847,False,,,sent_to_garage,0.2653,0,1,0.8908,0,0.8577,0
CLM002929,POL002063,2022-02-19,2022-01-31,2015-11-15,2016-11-14,19,Nissan,Qashqai,Sedan,collision,rear,severe,phone,third_party,True,False,True,9,185925,23,1,3,2013,28146.06,0.918,7880.9,4131.0,0.5242,False,,,sent_to_garage,0.299,0,1,0.7969,0,0.6351,0
CLM002930,POL003938,2023-11-11,2023-11-02,2013-05-27,2014-05-27,9,Honda,HR-V,Sedan,theft_damage,multiple,minor,app,comprehensive,True,False,True,3,62255,20,0,12,2020,23999.58,0.879,18239.68,703.2,0.0386,True,,,sent_to_garage,0.1263,0,0,0.0663,0,0.2088,0
CLM002932,POL001173,2022-08-10,2022-07-18,2014-02-09,2015-02-09,23,Nissan,Leaf,SUV,flood,side,minor,phone,comprehensive,False,True,True,10,27778,17,0,20,2012,30815.55,0.993,6163.11,397.2,0.0644,False,,,sent_to_garage,0.0181,0,0,0.0198,0,0.0253,0
CLM002933,POL003180,2023-12-01,2023-11-25,2022-04-29,2023-04-29,6,BMW,1 Series,SUV,fire,roof,moderate,app,comprehensive,False,True,False,6,192115,44,0,9,2017,27908.67,1.729,14512.51,4322.5,0.2978,False,,,sent_to_garage,0.5615,0,0,0.1191,0,0.3851,0
CLM002935,POL003766,2022-11-22,2022-10-30,2016-07-19,2017-07-19,23,Vauxhall,Insignia,SUV,vandalism,rear,moderate,online,third_party_fire_theft,False,True,True,17,195825,74,1,18,2005,24241.86,0.844,2424.19,1519.2,0.6267,False,,,sent_to_garage,0.5457,0,0,0.0334,0,0.1744,0
CLM002938,POL000485,2023-05-05,2023-04-24,2021-10-31,2022-10-31,11,Ford,Kuga,SUV,collision,roof,severe,app,comprehensive,False,True,True,6,99793,29,2,17,2017,26992.7,0.903,14036.2,5418.0,0.386,False,,,sent_to_garage,0.5671,0,0,0.0605,0,0.1475,0
CLM002940,POL000064,2022-10-24,2022-10-16,2013-01-26,2014-01-26,8,Honda,CR-V,Motorbike,theft_damage,multiple,severe,direct,third_party,False,False,False,18,51621,27,2,10,2004,28632.53,0.915,2863.25,7320.0,2.0,False,,,scrapped_by_model,0.9999,1,1,0.9999,1,0.9999,1
CLM002943,POL004602,2022-03-01,2022-02-01,2013-08-12,2014-08-12,28,Mercedes,A-Class,Estate,vandalism,roof,minor,phone,third_party,False,True,True,16,144866,43,1,11,2006,30292.18,1.818,3029.22,1090.8,0.3601,False,,,sent_to_garage,0.1627,0,0,0.085,0,0.1795,0
CLM002945,POL001602,2023-04-09,2023-03-22,2016-01-03,2017-01-02,18,Nissan,Leaf,Sedan,flood,roof,moderate,phone,comprehensive,True,True,True,11,11655,50,1,5,2012,30815.55,0.993,3697.87,2482.5,0.6713,False,,,sent_to_garage,0.0209,0,0,0.0239,0,0.05,0
CLM002953,POL000836,2022-10-21,2022-10-09,2017-12-30,2018-12-30,12,Hyundai,i20,Motorbike,theft_damage,front,minor,phone,comprehensive,False,True,True,19,78675,35,1,19,2003,,,,,,False,,,sent_to_garage,0.2495,0,0,0.0495,0,0.1546,0
CLM002955,POL002925,2024-09-30,2024-09-06,2022-08-27,2023-08-27,24,Vauxhall,Mokka,Estate,theft_damage,front,minor,app,third_party_fire_theft,False,True,False,1,184286,81,1,0,2023,22239.23,0.804,20460.09,402.0,0.0196,True,,,sent_to_garage,0.1002,0,0,0.0218,0,0.039,0
CLM002956,POL001900,2023-09-18,2023-09-04,2013-06-29,2014-06-29,14,Mercedes,E-Class,Sedan,collision,roof,minor,broker,third_party,False,False,False,18,78381,50,0,0,2005,54095.54,1.945,5409.55,1167.0,0.2157,False,,,sent_to_garage,0.3541,0,0,0.0205,0,0.1477,0
CLM002957,POL000887,2022-04-01,2022-04-01,2016-06-05,2017-06-05,0,Volkswagen,Polo,Motorbike,fire,side,moderate,app,third_party,False,True,True,12,135719,23,0,6,2010,15964.01,0.914,1596.4,1371.0,0.8588,False,,,sent_to_garage,0.4865,0,1,0.9745,0,0.947,0
CLM002958,POL000067,2023-03-08,2023-02-14,2023-03-07,2024-03-06,22,Mercedes,GLC,Sedan,theft_damage,rear,severe,broker,comprehensive,False,True,False,0,80535,25,0,5,2023,47686.85,1.918,47686.85,8631.0,0.181,True,,,sent_to_garage,0.266,0,1,0.6906,0,0.5564,0
CLM002959,POL001401,2022-12-22,2022-12-12,2019-04-02,2020-04-01,10,Hyundai,i30,Sedan,flood,roof,moderate,app,comprehensive,False,False,True,3,48768,48,0,19,2019,20776.12,0.835,15789.85,2087.5,0.1322,False,,,sent_to_garage,0.0226,0,0,0.0414,0,0.0841,0
CLM002960,POL005162,2023-08-11,2023-07-31,2013-01-26,2014-01-26,11,Hyundai,i30,Sedan,flood,rear,minor,app,comprehensive,False,True,True,13,173732,17,1,18,2010,20733.22,0.832,2073.32,374.4,0.1806,False,,,sent_to_garage,0.3429,0,0,0.0598,0,0.0771,0
CLM002967,POL001810,2024-05-18,2024-04-22,2021-11-09,2022-11-09,26,Honda,CR-V,SUV,collision,multiple,moderate,phone,comprehensive,True,True,True,19,152674,25,1,2,2005,29471.81,0.945,2947.18,3307.5,1.1223,False,,,scrapped_by_model,0.9995,1,1,0.9964,1,0.9999,1
CLM002968,POL001601,2022-04-16,2022-04-10,2014-08-15,2015-08-15,6,Toyota,Corolla,Sedan,flood,roof,minor,broker,comprehensive,True,True,True,16,194413,31,0,18,2006,22328.31,0.872,2232.83,523.2,0.2343,False,,,sent_to_garage,0.4163,0,0,0.0646,0,0.2573,0
CLM002969,POL003241,2022-05-06,2022-04-30,2014-05-14,2015-05-14,6,Volkswagen,Passat,Sedan,vandalism,roof,minor,broker,third_party_fire_theft,False,True,True,4,56110,67,1,3,2018,29224.12,1.039,19872.4,623.4,0.0314,True,,,sent_to_garage,0.0204,0,0,0.0283,0,0.1003,0
CLM002971,POL002650,2022-12-08,2022-11-27,2012-03-15,2013-03-15,11,BMW,X3,Estate,vandalism,front,moderate,online,third_party,False,True,True,17,64271,49,1,20,2005,46005.57,1.898,4600.56,3796.0,0.8251,False,,,sent_to_garage,0.4668,0,1,0.9868,0,0.9555,0
CLM002974,POL005268,2024-08-04,2024-07-16,2021-01-26,2022-01-26,19,Mercedes,C-Class,SUV,collision,rear,minor,broker,third_party,True,False,True,6,77815,34,1,17,2018,39619.98,1.935,20602.39,870.75,0.0423,True,,,sent_to_garage,0.2449,0,0,0.031,0,0.1315,0
CLM002975,POL002856,2024-12-04,2024-11-19,2014-01-22,2015-01-22,15,BMW,3 Series,Sedan,fire,rear,minor,online,comprehensive,False,True,True,7,34291,56,0,9,2017,36312.52,1.838,15977.51,827.1,0.0518,False,,,sent_to_garage,0.0524,0,0,0.0949,0,0.1757,0
CLM002976,POL004628,2023-11-01,2023-10-02,2018-11-13,2019-11-13,30,Honda,Civic,Estate,flood,rear,severe,online,third_party_fire_theft,False,True,True,19,173747,17,0,12,2004,21922.3,0.873,2192.23,3928.5,1.792,False,,,scrapped_by_model,0.9998,1,1,0.9992,1,0.9993,1
CLM002980,POL004942,2022-08-18,2022-08-07,2021-10-27,2022-10-27,11,BMW,X5,Motorbike,theft_damage,front,moderate,app,comprehensive,False,False,True,10,84413,50,0,17,2012,61829.97,1.995,12365.99,3990.0,0.3227,False,,,sent_to_garage,0.0896,0,0,0.0445,0,0.0691,0
CLM002981,POL003465,2024-01-07,2023-12-25,2021-11-26,2022-11-26,13,Mercedes,E-Class,SUV,fire,side,moderate,phone,comprehensive,True,False,True,12,31766,54,2,12,2012,54437.51,1.977,5443.75,2965.5,0.5448,False,,,sent_to_garage,0.1434,0,0,0.0435,0,0.0569,0
CLM002983,POL000562,2022-02-27,2022-02-04,2020-08-07,2021-08-07,23,Vauxhall,Insignia,Van,flood,roof,moderate,direct,comprehensive,True,True,True,11,106421,54,0,1,2011,24445.28,0.835,2933.43,2087.5,0.7116,False,,,sent_to_garage,0.0299,0,1,0.6251,0,0.3754,0
CLM002985,POL000375,2022-12-27,2022-12-12,2012-07-08,2013-07-08,15,Audi,A3,Estate,fire,rear,minor,direct,third_party,False,False,False,11,59031,32,0,6,2011,31188.37,1.708,3742.6,768.6,0.2054,False,,,sent_to_garage,0.2395,0,0,0.0976,0,0.1101,0
CLM002987,POL000343,2024-10-10,2024-09-17,2018-09-19,2019-09-19,23,Vauxhall,Insignia,Estate,collision,side,moderate,online,third_party,False,True,True,10,106622,44,0,17,2014,23862.93,0.849,4772.59,1273.5,0.2668,False,,,sent_to_garage,0.3548,0,0,0.0464,0,0.1959,0
CLM002990,POL003447,2022-04-03,2022-03-31,2013-09-20,2014-09-20,3,Hyundai,i30,Hatchback,flood,front,minor,phone,third_party_fire_theft,True,True,True,16,134175,23,1,9,2006,19696.55,0.838,1969.66,419.0,0.2127,False,,,sent_to_garage,0.5323,0,0,0.0695,0,0.5046,0
CLM002991,POL004466,2023-08-13,2023-08-02,2022-06-22,2023-06-22,11,Vauxhall,Insignia,SUV,theft_damage,front,minor,phone,comprehensive,True,False,True,18,136669,41,1,19,2005,24241.86,0.844,2424.19,422.0,0.1741,False,,,sent_to_garage,0.1323,0,0,0.0643,0,0.0871,0
CLM002993,POL001748,2024-10-27,2024-10-21,2019-01-16,2020-01-16,6,BMW,5 Series,Van,collision,multiple,severe,phone,third_party_fire_theft,True,False,False,3,32971,34,2,14,2021,45598.13,1.876,34654.58,15008.0,0.4331,True,,,sent_to_garage,0.3663,0,0,0.0653,0,0.2368,0
CLM002996,POL002671,2024-11-21,2024-10-28,2016-05-06,2017-05-06,24,Hyundai,Tucson,Motorbike,flood,multiple,minor,phone,third_party_fire_theft,False,True,True,19,185127,73,1,7,2005,29371.5,0.858,2937.15,686.4,0.2337,False,,,sent_to_garage,0.1128,0,0,0.036,0,0.3091,0
CLM003001,POL004683,2022-11-28,2022-11-17,2012-10-10,2013-10-10,11,Mercedes,C-Class,Estate,theft_damage,multiple,minor,direct,third_party_fire_theft,False,True,True,9,77247,27,0,5,2013,40474.86,1.848,11332.96,1478.4,0.1305,False,,,sent_to_garage,0.1651,0,1,0.851,0,0.676,0
CLM003003,POL001383,2022-06-04,2022-05-13,2017-11-05,2018-11-05,22,Volkswagen,Polo,Estate,theft_damage,front,moderate,broker,comprehensive,True,True,False,18,194308,38,0,6,2004,15506.56,0.874,1550.66,1748.0,1.1273,False,,,scrapped_by_model,0.9988,1,1,0.9992,1,0.9992,1
CLM003005,POL000478,2024-12-22,2024-11-22,2014-05-24,2015-05-24,30,BMW,X3,Van,vandalism,roof,severe,app,third_party_fire_theft,True,True,True,19,144641,37,2,18,2005,46005.57,1.898,4600.56,11388.0,2.0,False,,,scrapped_by_model,0.9999,1,1,0.9938,1,0.9939,0
CLM003007,POL003332,2023-03-01,2023-02-21,2017-02-23,2018-02-23,8,Vauxhall,Mokka,Estate,vandalism,roof,moderate,phone,comprehensive,False,True,False,2,63485,36,0,11,2021,22482.49,0.819,18885.29,2047.5,0.1084,True,,,sent_to_garage,0.0589,0,0,0.0175,0,0.0655,0
CLM003009,POL000449,2023-03-19,2023-03-03,2018-02-23,2019-02-23,16,Hyundai,i20,Hatchback,fire,rear,minor,broker,comprehensive,True,False,True,15,18552,39,0,6,2008,16132.23,0.775,1613.22,348.75,0.2162,False,,,sent_to_garage,0.3096,0,1,0.8308,0,0.564,0
CLM003010,POL004240,2023-12-21,2023-12-08,2016-06-03,2017-06-03,13,Honda,Jazz,Hatchback,fire,side,moderate,app,third_party,False,False,True,15,43240,40,0,19,2008,16531.39,0.866,1653.14,1299.0,0.7858,False,,,sent_to_garage,0.6026,0,0,0.0686,0,0.1325,0
CLM003017,POL005640,2024-01-22,2023-12-29,2015-06-06,2016-06-05,24,Volkswagen,Polo,Sedan,theft_damage,multiple,minor,online,comprehensive,False,False,False,9,155015,26,0,4,2015,16084.97,0.908,4503.79,726.4,0.1613,False,,,sent_to_garage,0.1242,0,1,0.8769,0,0.7491,0
CLM003018,POL000518,2023-09-27,2023-09-10,2020-12-01,2021-12-01,17,Honda,CR-V,Hatchback,fire,side,moderate,direct,comprehensive,False,True,False,9,171103,58,0,0,2014,29576.02,0.915,8281.29,1372.5,0.1657,False,,,sent_to_garage,0.5781,0,0,0.0465,0,0.3557,0
CLM003021,POL002221,2023-06-09,2023-05-13,2022-11-25,2023-11-25,27,Mercedes,A-Class,Van,theft_damage,rear,minor,phone,third_party,False,True,True,15,84312,57,1,20,2008,29677.45,1.846,2967.75,830.7,0.2799,False,,,sent_to_garage,0.0868,0,0,0.2031,0,0.3068,0
CLM003024,POL003223,2024-12-22,2024-12-17,2018-11-13,2019-11-13,5,Vauxhall,Astra,SUV,fire,rear,minor,phone,comprehensive,True,True,True,13,120769,44,2,16,2011,18887.55,0.754,1888.76,339.3,0.1796,False,,,sent_to_garage,0.6804,0,1,0.9742,0,0.9116,0
CLM003025,POL001774,2024-04-24,2024-03-27,2012-05-09,2013-05-09,28,Volkswagen,Tiguan,Sedan,theft_damage,front,moderate,online,third_party,False,True,True,2,173055,26,1,1,2022,34161.22,1.088,28695.42,2176.0,0.0758,True,,,sent_to_garage,0.0354,0,0,0.0446,0,0.0709,0
CLM003029,POL003402,2024-09-04,2024-08-18,2019-09-12,2020-09-11,17,Nissan,Juke,Motorbike,collision,rear,moderate,direct,third_party_fire_theft,False,False,True,8,22729,57,2,19,2016,20564.42,0.863,7403.19,1553.4,0.2098,False,,,sent_to_garage,0.0216,0,0,0.0705,0,0.1886,0
CLM003031,POL004461,2022-02-17,2022-02-09,2017-07-03,2018-07-03,8,Vauxhall,Insignia,Estate,fire,rear,moderate,phone,third_party_fire_theft,False,False,False,2,23134,17,0,2,2020,26205.92,0.873,22012.97,1571.4,0.0714,True,,,sent_to_garage,0.1643,0,0,0.006,0,0.0231,0
CLM003034,POL001300,2024-11-15,2024-10-28,2021-11-23,2022-11-23,18,Nissan,Juke,Estate,flood,front,moderate,broker,third_party,False,False,False,15,135623,76,0,7,2009,20765.65,0.863,2076.56,1726.0,0.8312,False,,,sent_to_garage,0.9678,0,1,0.9803,0,0.989,0
CLM003045,POL004233,2024-10-14,2024-10-07,2021-10-16,2022-10-16,7,Hyundai,i30,Motorbike,fire,multiple,minor,online,comprehensive,False,True,True,14,80688,32,0,13,2010,20733.22,0.832,2073.32,665.6,0.321,False,,,sent_to_garage,0.7118,0,1,0.8149,0,0.5283,0
CLM003046,POL006217,2023-09-30,2023-09-05,2017-05-17,2018-05-17,25,Mercedes,GLC,Van,fire,side,minor,direct,comprehensive,True,True,False,12,84551,28,0,9,2011,46337.29,1.899,4633.73,759.6,0.1639,False,,,sent_to_garage,0.4353,0,0,0.1945,0,0.0786,0
CLM003050,POL001405,2024-02-01,2024-01-18,2021-06-26,2022-06-26,14,Ford,Transit,Van,collision,front,minor,phone,comprehensive,False,True,True,5,174532,36,0,19,2019,29089.3,0.939,17453.58,469.5,0.0269,False,,,sent_to_garage,0.1127,0,0,0.009,0,0.048,0
CLM003052,POL000551,2023-02-15,2023-01-31,2019-04-07,2020-04-06,15,Toyota,RAV4,SUV,collision,front,minor,direct,third_party,False,False,True,5,140868,33,0,19,2018,31641.09,0.908,18984.65,454.0,0.0239,True,,,sent_to_garage,0.0529,0,0,0.055,0,0.0933,0
CLM003053,POL003662,2023-07-22,2023-06-23,2022-04-21,2023-04-21,29,Nissan,Micra,Hatchback,flood,multiple,minor,direct,comprehensive,True,False,True,1,165408,40,0,11,2022,13307.55,0.778,12242.95,622.4,0.0508,False,,,sent_to_garage,0.2844,0,1,0.9336,0,0.7626,0
CLM003056,POL002799,2022-07-06,2022-07-04,2020-11-08,2021-11-08,2,Honda,HR-V,SUV,fire,rear,severe,app,third_party,False,False,True,5,8505,27,0,19,2017,24643.42,0.887,14786.05,3991.5,0.27,False,,,sent_to_garage,0.373,0,1,0.8428,0,0.6029,0
CLM003057,POL003486,2024-03-15,2024-02-22,2015-03-15,2016-03-14,22,BMW,X5,Sedan,theft_damage,roof,minor,broker,third_party,False,False,True,0,29305,20,3,15,2024,63038.33,2.049,63038.33,1229.4,0.0195,True,,,sent_to_garage,0.0319,0,0,0.0078,0,0.0097,0
CLM003058,POL000857,2022-12-09,2022-12-07,2020-05-10,2021-05-10,2,Honda,Jazz,Sedan,theft_damage,rear,minor,direct,comprehensive,False,False,True,1,8461,55,2,18,2021,16510.72,0.829,15189.86,373.05,0.0246,False,,,sent_to_garage,0.1677,0,0,0.0945,0,0.1164,0
CLM003063,POL001381,2022-12-07,2022-11-16,2021-03-16,2022-03-16,21,Mercedes,GLC,Van,flood,side,moderate,broker,comprehensive,False,False,True,15,73499,50,1,4,2007,46587.94,2.006,4658.79,3009.0,0.6459,False,,,sent_to_garage,0.3592,0,0,0.0216,0,0.179,0
CLM003067,POL002314,2023-03-02,2023-02-15,2022-01-24,2023-01-24,15,Honda,HR-V,Hatchback,theft_damage,front,minor,phone,comprehensive,False,False,True,6,35755,70,2,18,2017,24643.42,0.887,12814.58,443.5,0.0346,False,,,sent_to_garage,0.0797,0,0,0.0226,0,0.0551,0
CLM003068,POL001028,2022-07-18,2022-06-21,2015-05-21,2016-05-20,27,Volkswagen,Passat,SUV,vandalism,front,moderate,app,comprehensive,False,True,True,2,85792,35,0,8,2020,29349.74,1.054,24653.78,2108.0,0.0855,True,,,sent_to_garage,0.1174,0,1,0.3295,0,0.288,0
CLM003078,POL003450,2023-02-09,2023-01-28,2012-08-17,2013-08-17,12,Audi,A3,Hatchback,theft_damage,rear,minor,app,comprehensive,False,True,True,6,137821,37,0,14,2017,30092.55,1.724,15648.13,775.8,0.0496,False,,,sent_to_garage,0.2893,0,0,0.0579,0,0.3877,0
CLM003080,POL001510,2023-04-07,2023-04-04,2012-06-12,2013-06-12,3,Toyota,Yaris,Hatchback,theft_damage,rear,minor,direct,comprehensive,False,False,False,18,116570,55,1,19,2005,14258.14,0.778,1425.81,350.1,0.2455,False,,,sent_to_garage,0.0413,0,1,0.9411,0,0.6921,0
CLM003081,POL001254,2024-03-23,2024-02-27,2014-03-19,2015-03-19,25,Volkswagen,Golf,Motorbike,collision,rear,minor,app,comprehensive,True,True,False,3,13336,79,1,19,2021,24604.82,1.013,18699.66,455.85,0.0244,True,,,sent_to_garage,0.0519,0,0,0.0073,0,0.0625,0
CLM003082,POL000644,2023-07-31,2023-07-01,2020-05-23,2021-05-23,30,Mercedes,E-Class,Hatchback,collision,front,moderate,phone,comprehensive,False,True,False,2,104418,60,0,2,2021,53065.16,1.998,44574.73,3996.0,0.0896,True,,,sent_to_garage,0.0434,0,0,0.0595,0,0.0651,0
CLM003087,POL001160,2022-05-31,2022-05-19,2019-09-05,2020-09-04,12,Audi,A6,Sedan,fire,multiple,severe,phone,comprehensive,False,True,True,5,192279,23,0,15,2017,47612.64,1.917,28567.58,15336.0,0.5368,True,,,sent_to_garage,0.7507,0,1,0.9829,0,0.9069,0
CLM003088,POL002562,2023-08-15,2023-07-19,2012-12-11,2013-12-11,27,Toyota,Camry,Estate,theft_damage,rear,severe,app,comprehensive,False,True,True,20,172710,17,1,13,2003,,,,,,False,,,sent_to_garage,0.9975,0,1,0.8983,0,0.9524,0
CLM003091,POL004940,2023-02-02,2023-01-28,2021-07-16,2022-07-16,5,Ford,Mondeo,SUV,fire,multiple,severe,direct,comprehensive,False,True,True,8,5795,36,1,7,2015,21888.6,0.838,7879.9,6704.0,0.8508,False,,,sent_to_garage,0.262,0,1,0.9978,1,0.9831,0
CLM003092,POL005173,2022-04-06,2022-03-22,2012-06-29,2013-06-29,15,Vauxhall,Corsa,SUV,theft_damage,multiple,severe,direct,third_party,False,True,True,12,108088,34,1,4,2010,12493.82,0.705,1249.38,5640.0,2.0,False,,,scrapped_by_model,0.9991,1,1,0.9997,1,0.9999,1
CLM003093,POL004802,2023-03-08,2023-02-21,2013-02-07,2014-02-07,15,Volkswagen,Polo,Sedan,vandalism,multiple,severe,direct,comprehensive,False,True,True,14,164691,40,2,14,2009,16770.89,0.906,1677.09,7248.0,2.0,False,,,scrapped_by_model,0.9998,1,1,0.9995,1,0.9999,1
CLM003104,POL004297,2023-09-28,2023-09-09,2020-03-28,2021-03-28,19,Honda,Jazz,Motorbike,theft_damage,rear,severe,direct,comprehensive,False,False,False,11,196208,31,2,17,2012,15430.25,0.869,1851.63,3910.5,2.0,False,,,scrapped_by_model,0.9991,1,1,0.9988,1,0.9998,1
CLM003107,POL001872,2024-02-22,2024-02-08,2015-08-30,2016-08-29,14,Audi,A3,Van,flood,rear,moderate,broker,comprehensive,False,True,False,7,118872,73,1,14,2017,30092.55,1.724,13240.72,3103.2,0.2344,False,,,sent_to_garage,0.0721,0,0,0.0371,0,0.0324,0
CLM003109,POL001055,2024-06-08,2024-06-01,2023-02-08,2024-02-08,7,Mercedes,E-Class,SUV,theft_damage,side,moderate,direct,comprehensive,True,False,False,3,34002,24,0,4,2021,53065.16,1.998,40329.52,2997.0,0.0743,True,,,sent_to_garage,0.0301,0,0,0.0118,0,0.0467,0
CLM003110,POL005419,2022-05-01,2022-04-05,2013-07-29,2014-07-29,26,BMW,5 Series,Hatchback,fire,rear,minor,online,comprehensive,True,False,True,8,167833,58,3,8,2014,44398.77,1.88,15983.56,846.0,0.0529,False,,,sent_to_garage,0.6692,0,0,0.0209,0,0.1438,0
CLM003113,POL004016,2022-05-10,2022-04-19,2014-09-25,2015-09-25,21,Toyota,Yaris,SUV,vandalism,roof,moderate,broker,third_party_fire_theft,False,True,False,3,178746,37,1,14,2019,14313.53,0.818,10878.28,2045.0,0.188,False,,,sent_to_garage,0.3644,0,1,0.8643,0,0.4192,0
CLM003116,POL003572,2024-08-25,2024-08-09,2013-08-05,2014-08-05,16,Mercedes,C-Class,Estate,collision,side,moderate,broker,comprehensive,True,True,True,18,51166,68,0,16,2006,39670.48,1.856,3967.05,2784.0,0.7018,False,,,sent_to_garage,0.2187,0,0,0.0862,0,0.1618,0
CLM003118,POL003803,2022-06-23,2022-06-16,2019-01-09,2020-01-09,7,Nissan,Qashqai,Sedan,flood,rear,minor,app,comprehensive,False,False,True,2,178387,37,0,4,2020,27564.99,0.903,23154.59,406.35,0.0175,True,,,sent_to_garage,0.067,0,1,0.7691,0,0.7319,0
CLM003119,POL001529,2024-05-15,2024-04-26,2022-06-04,2023-06-04,19,Volkswagen,Polo,Estate,fire,roof,moderate,broker,comprehensive,False,False,True,16,193571,35,1,19,2008,16324.85,0.907,1632.48,2267.5,1.389,False,,,scrapped_by_model,0.9989,1,1,0.9957,1,0.997,1
CLM003122,POL001877,2023-08-22,2023-07-30,2014-07-14,2015-07-14,23,Hyundai,i20,SUV,vandalism,roof,severe,broker,comprehensive,False,False,False,2,99657,46,1,1,2021,15682.11,0.793,13172.97,4758.0,0.3612,False,,,sent_to_garage,0.4464,0,0,0.0265,0,0.1234,0
CLM003123,POL001871,2023-06-08,2023-06-08,2023-01-22,2024-01-22,0,BMW,X5,Van,fire,front,severe,direct,third_party_fire_theft,False,False,True,5,189275,58,0,18,2018,63595.4,2.04,38157.24,10200.0,0.2673,True,,,sent_to_garage,0.7231,0,1,0.9343,0,0.7834,0
CLM003131,POL002410,2022-03-26,2022-03-09,2020-07-25,2021-07-25,17,Mercedes,E-Class,Hatchback,theft_damage,multiple,moderate,phone,third_party,True,False,True,20,9049,21,0,18,2002,,,,,,False,,,sent_to_garage,0.8374,0,1,0.8951,0,0.7172,0
CLM003133,POL000556,2022-07-29,2022-07-27,2012-10-12,2013-10-12,2,Hyundai,i20,SUV,flood,multiple,severe,phone,comprehensive,False,True,False,6,197935,39,0,9,2016,15958.29,0.803,8298.31,6424.0,0.7741,False,,,sent_to_garage,0.9325,0,1,0.9978,1,0.9663,0
CLM003135,POL004074,2022-06-04,2022-06-03,2021-07-30,2022-07-30,1,BMW,5 Series,Van,flood,roof,minor,direct,comprehensive,True,True,True,8,111857,33,1,9,2014,44398.77,1.88,15983.56,1128.0,0.0706,False,,,sent_to_garage,0.0333,0,0,0.0069,0,0.023,0
CLM003136,POL004298,2022-08-07,2022-07-23,2019-04-10,2020-04-09,15,Hyundai,i20,Hatchback,collision,multiple,severe,broker,third_party,True,False,True,19,20606,53,0,11,2003,,,,,,False,,,sent_to_garage,0.9986,0,1,0.9493,0,0.9957,0
CLM003139,POL004387,2022-10-01,2022-09-14,2014-09-04,2015-09-04,17,BMW,5 Series,Hatchback,collision,front,moderate,phone,third_party_fire_theft,True,False,False,6,198580,52,1,20,2016,44085.94,1.951,22924.69,3902.0,0.1702,True,,,sent_to_garage,0.0796,0,0,0.0141,0,0.0588,0
CLM003142,POL000978,2023-06-29,2023-06-10,2018-07-15,2019-07-15,19,Volkswagen,Passat,Motorbike,flood,multiple,severe,broker,comprehensive,False,True,False,4,44559,52,0,15,2019,28966.32,1.074,19697.1,8592.0,0.4362,True,,,sent_to_garage,0.4623,0,0,0.0271,0,0.1055,0
CLM003144,POL000360,2024-12-09,2024-11-17,2017-03-11,2018-03-11,22,BMW,1 Series,Hatchback,fire,rear,minor,broker,comprehensive,False,False,False,10,144211,21,2,8,2014,26992.95,1.692,5398.59,761.4,0.141,False,,,sent_to_garage,0.8113,0,1,0.7716,0,0.7769,0
CLM003145,POL004670,2022-05-12,2022-04-25,2013-04-02,2014-04-02,17,Mercedes,GLC,SUV,theft_damage,roof,minor,online,comprehensive,False,False,False,4,177217,51,3,8,2018,46684.46,1.943,31745.43,1165.8,0.0367,True,,,sent_to_garage,0.0204,0,0,0.0488,0,0.1234,0
CLM003148,POL004019,2024-02-12,2024-02-08,2015-02-21,2016-02-21,4,Volkswagen,Passat,Sedan,theft_damage,roof,moderate,app,comprehensive,False,False,True,7,92247,39,0,16,2017,30460.32,1.037,13402.54,2592.5,0.1934,False,,,sent_to_garage,0.1156,0,0,0.0366,0,0.1101,0
CLM003150,POL001038,2023-04-03,2023-03-06,2020-07-18,2021-07-18,28,Volkswagen,Polo,Hatchback,vandalism,roof,moderate,direct,comprehensive,False,True,True,7,151699,27,1,12,2016,16751.7,0.926,7370.75,2315.0,0.3141,False,,,sent_to_garage,0.0492,0,0,0.0602,0,0.1184,0
CLM003151,POL000005,2023-06-26,2023-06-13,2022-10-02,2023-10-02,13,Vauxhall,Astra,SUV,theft_damage,front,moderate,broker,comprehensive,False,True,False,5,9136,41,0,20,2018,18172.28,0.738,10903.37,1476.0,0.1354,False,,,sent_to_garage,0.0457,0,0,0.0105,0,0.0173,0
CLM003153,POL001999,2022-02-25,2022-02-16,2013-10-09,2014-10-09,9,BMW,3 Series,Van,theft_damage,roof,moderate,direct,third_party_fire_theft,False,False,False,5,160842,45,1,20,2017,36312.52,1.838,21787.51,4595.0,0.2109,True,,,sent_to_garage,0.0954,0,0,0.1246,0,0.2038,0
CLM003155,POL001052,2024-03-02,2024-02-02,2015-03-24,2016-03-23,29,Audi,Q3,Estate,vandalism,front,moderate,broker,third_party,True,True,False,6,187322,40,0,4,2018,35462.71,1.733,18440.61,3466.0,0.188,True,,,sent_to_garage,0.0661,0,0,0.0589,0,0.1133,0
CLM003163,POL000806,2024-09-04,2024-08-28,2013-10-07,2014-10-07,7,Ford,Mondeo,Van,collision,side,severe,direct,comprehensive,False,False,False,17,172681,46,1,7,2007,21235.09,0.86,2123.51,3440.0,1.62,False,,,scrapped_by_model,0.9999,1,1,0.9999,1,1.0,1
CLM003164,POL004037,2022-11-14,2022-10-19,2020-10-28,2021-10-28,26,Vauxhall,Astra,Hatchback,theft_damage,multiple,moderate,direct,comprehensive,False,True,True,10,178921,20,2,9,2012,17328.44,0.768,3465.69,2688.0,0.7756,False,,,sent_to_garage,0.2471,0,0,0.0748,0,0.1596,0
CLM003165,POL003393,2024-11-11,2024-10-31,2013-09-15,2014-09-15,11,Nissan,Qashqai,Sedan,fire,side,moderate,phone,comprehensive,False,True,False,4,63378,42,2,8,2020,27564.99,0.903,18744.19,1354.5,0.0723,True,,,sent_to_garage,0.0383,0,0,0.0753,0,0.1006,0
CLM003167,POL000544,2023-10-31,2023-10-28,2016-07-26,2017-07-26,3,Nissan,Leaf,Sedan,theft_damage,roof,moderate,direct,third_party,False,False,False,0,109284,40,3,3,2023,31448.96,0.995,31448.96,2487.5,0.0791,True,,,sent_to_garage,0.022,0,0,0.1078,0,0.0767,0
CLM003169,POL000433,2024-06-02,2024-05-21,2015-03-22,2016-03-21,12,Mercedes,C-Class,Estate,theft_damage,multiple,minor,broker,comprehensive,True,False,True,15,182453,17,0,8,2009,41497.34,1.846,4149.73,1476.8,0.3559,False,,,sent_to_garage,0.8385,0,1,0.9499,0,0.8467,0
CLM003170,POL003412,2023-10-16,2023-09-16,2013-01-04,2014-01-04,30,BMW,3 Series,Estate,fire,front,moderate,online,comprehensive,False,False,True,3,21364,36,0,3,2020,35249.31,1.791,26789.48,3582.0,0.1337,True,,,sent_to_garage,0.305,0,0,0.0157,0,0.2122,0
CLM003172,POL003795,2024-09-30,2024-09-30,2016-08-31,2017-08-31,0,Nissan,Micra,Hatchback,vandalism,rear,minor,phone,third_party_fire_theft,False,True,True,0,142018,39,0,4,2024,12520.5,0.766,12520.5,344.7,0.0275,False,,,sent_to_garage,0.0633,0,0,0.0445,0,0.0631,0
CLM003174,POL006412,2022-12-26,2022-12-04,2017-05-19,2018-05-19,22,Audi,Q5,Sedan,theft_damage,front,moderate,broker,comprehensive,False,False,True,11,137373,17,1,15,2011,43270.67,1.838,5192.48,3676.0,0.7079,False,,,sent_to_garage,0.2271,0,0,0.0572,0,0.1116,0
CLM003177,POL004896,2024-11-10,2024-11-05,2016-08-30,2017-08-30,5,Toyota,RAV4,Sedan,fire,roof,moderate,app,comprehensive,True,False,False,3,166837,60,0,12,2021,30930.9,0.918,23507.48,2295.0,0.0976,True,,,sent_to_garage,0.5036,0,1,0.8482,0,0.7366,0
CLM003179,POL000025,2023-04-13,2023-03-18,2022-09-26,2023-09-26,26,Mercedes,A-Class,Sedan,vandalism,multiple,severe,phone,third_party_fire_theft,False,False,True,4,170208,61,1,16,2019,30109.46,1.85,20474.43,14800.0,0.7229,True,,,sent_to_garage,0.8763,0,1,0.9467,0,0.8702,0
CLM003181,POL005404,2023-01-26,2023-01-02,2016-01-20,2017-01-19,24,Hyundai,i10,Motorbike,flood,multiple,severe,online,comprehensive,False,True,True,19,196933,39,2,2,2004,11695.05,0.76,1169.5,6080.0,2.0,False,,,scrapped_by_model,0.9999,1,1,0.9998,1,0.9998,1
CLM003186,POL000455,2024-02-09,2024-01-31,2012-05-05,2013-05-05,9,Nissan,Micra,Estate,vandalism,roof,severe,online,comprehensive,False,False,True,11,196516,55,0,3,2013,13515.78,0.779,1621.89,4674.0,2.0,False,,,scrapped_by_model,0.9988,1,1,0.9983,1,0.9973,1
CLM003187,POL004106,2022-12-03,2022-11-07,2018-08-14,2019-08-14,26,Hyundai,Tucson,Hatchback,collision,rear,moderate,online,comprehensive,True,True,True,3,73258,47,0,17,2019,29147.43,0.869,22152.05,1564.2,0.0706,True,,,sent_to_garage,0.0244,0,0,0.0591,0,0.072,0
CLM003188,POL004880,2022-01-13,2022-01-07,2017-03-16,2018-03-16,6,Mercedes,GLC,Hatchback,collision,front,severe,direct,third_party_fire_theft,False,False,True,3,168979,63,0,8,2019,50139.33,1.936,38105.89,9680.0,0.254,True,,,sent_to_garage,0.8041,0,1,0.9637,0,0.8082,0
CLM003191,POL001102,2024-02-11,2024-01-30,2013-12-03,2014-12-03,12,BMW,1 Series,Motorbike,collision,side,moderate,online,third_party,True,True,True,20,71880,64,2,4,2004,28543.93,1.708,2854.39,2562.0,0.8976,False,,,sent_to_garage,0.945,0,1,0.9811,0,0.9775,0
CLM003193,POL003126,2024-06-26,2024-06-08,2016-05-30,2017-05-30,18,Ford,Mondeo,Estate,vandalism,side,minor,app,comprehensive,False,True,False,4,49226,63,1,15,2020,22568.74,0.861,15346.74,344.4,0.0224,False,,,sent_to_garage,0.0901,0,1,0.8464,0,0.5068,0
CLM003197,POL003134,2022-09-26,2022-09-14,2017-07-21,2018-07-21,12,Ford,Mondeo,Sedan,vandalism,front,moderate,online,third_party_fire_theft,False,True,False,10,161935,64,1,6,2012,22898.88,0.86,4579.78,1720.0,0.3756,False,,,sent_to_garage,0.1796,0,1,0.7217,0,0.3147,0
CLM003198,POL000532,2022-06-04,2022-05-09,2017-12-16,2018-12-16,26,Hyundai,i10,Hatchback,flood,front,minor,direct,third_party_fire_theft,True,True,True,4,112089,48,1,11,2018,12418.06,0.738,8444.28,369.0,0.0437,False,,,sent_to_garage,0.0426,0,0,0.0093,0,0.097,0
CLM003199,POL000872,2022-11-25,2022-11-11,2012-07-06,2013-07-06,14,Vauxhall,Corsa,Motorbike,vandalism,multiple,moderate,phone,comprehensive,False,True,False,6,107730,44,2,7,2016,12680.54,0.718,6593.88,2513.0,0.3811,False,,,sent_to_garage,0.1412,0,0,0.1127,0,0.1169,0
CLM003202,POL005211,2023-08-22,2023-08-12,2016-03-26,2017-03-26,10,Honda,Civic,SUV,flood,multiple,minor,broker,third_party,False,True,False,9,111188,36,2,20,2014,21385.76,0.888,5988.01,710.4,0.1186,False,,,sent_to_garage,0.1621,0,0,0.0294,0,0.1745,0
CLM003203,POL005177,2024-10-29,2024-10-06,2021-10-05,2022-10-05,23,Vauxhall,Corsa,SUV,vandalism,side,minor,app,comprehensive,False,False,False,0,151972,45,1,10,2024,12374.74,0.686,12374.74,274.4,0.0222,False,,,sent_to_garage,0.0446,0,0,0.0281,0,0.0299,0
CLM003205,POL005242,2024-02-19,2024-01-27,2012-10-26,2013-10-26,23,BMW,X5,SUV,flood,side,severe,direct,third_party_fire_theft,False,False,False,6,41503,42,1,12,2018,63595.4,2.04,33069.61,8160.0,0.2468,True,,,sent_to_garage,0.3471,0,0,0.0649,0,0.2847,0
CLM003207,POL000021,2024-10-23,2024-10-02,2015-06-06,2016-06-05,21,Vauxhall,Astra,Sedan,vandalism,multiple,severe,broker,comprehensive,False,True,False,20,66740,30,1,18,2004,18405.33,0.759,1840.53,6072.0,2.0,False,,,scrapped_by_model,0.9999,1,1,0.9996,1,0.9999,1
CLM003208,POL000354,2024-12-09,2024-12-06,2016-08-19,2017-08-19,3,Ford,Fiesta,Sedan,fire,roof,moderate,direct,comprehensive,False,False,True,20,44558,38,0,6,2004,12328.75,0.747,1232.88,1867.5,1.5147,False,,,scrapped_by_model,0.9995,1,1,0.9935,1,0.9925,0
CLM003211,POL001986,2023-02-03,2023-02-02,2014-12-12,2015-12-12,1,Vauxhall,Insignia,Motorbike,vandalism,rear,moderate,direct,third_party,False,True,False,8,14792,47,0,9,2015,26148.33,0.858,9413.4,1544.4,0.1641,False,,,sent_to_garage,0.0473,0,0,0.0394,0,0.0303,0
CLM003217,POL002004,2023-03-05,2023-02-25,2017-05-08,2018-05-08,8,Audi,A4,SUV,vandalism,side,severe,broker,third_party_fire_theft,True,False,True,7,168400,17,2,13,2016,38466.29,1.827,16925.17,7308.0,0.4318,False,,,sent_to_garage,0.8733,0,0,0.067,0,0.447,0
CLM003227,POL003824,2023-07-07,2023-06-19,2018-01-15,2019-01-15,18,Audi,Q5,Motorbike,fire,side,minor,broker,comprehensive,False,False,True,4,60621,20,0,14,2019,46496.38,1.814,31617.54,725.6,0.0229,True,,,sent_to_garage,0.0253,0,0,0.0684,0,0.0746,0
CLM003228,POL001101,2022-12-30,2022-12-10,2014-01-21,2015-01-21,20,BMW,5 Series,Hatchback,fire,roof,minor,app,third_party,False,False,True,6,154455,54,2,16,2016,44085.94,1.951,22924.69,1170.6,0.0511,True,,,sent_to_garage,0.2319,0,0,0.0499,0,0.1325,0
CLM003230,POL002731,2023-09-19,2023-09-08,2017-04-24,2018-04-24,11,Vauxhall,Astra,Motorbike,theft_damage,multiple,moderate,app,third_party,False,False,False,13,637,45,2,12,2010,17107.21,0.728,1710.72,2548.0,1.4894,False,,,scrapped_by_model,0.9992,1,1,0.9898,0,0.9987,1
CLM003233,POL002927,2024-02-28,2024-02-18,2020-10-14,2021-10-14,10,Ford,Focus,Hatchback,flood,roof,severe,phone,comprehensive,False,False,False,2,126324,50,1,0,2022,18102.66,0.814,15206.23,4884.0,0.3212,False,,,sent_to_garage,0.9208,0,0,0.101,0,0.5915,0
CLM003237,POL005766,2023-12-23,2023-12-14,2013-12-29,2014-12-29,9,Mercedes,A-Class,Van,theft_damage,multiple,minor,phone,comprehensive,True,False,True,9,434,35,1,6,2014,28516.42,1.831,7984.6,1464.8,0.1835,False,,,sent_to_garage,0.0599,0,0,0.0254,0,0.0454,0
CLM003241,POL005073,2024-01-22,2024-01-21,2014-10-10,2015-10-10,1,Mercedes,E-Class,Van,vandalism,front,moderate,direct,third_party,False,False,False,12,55507,39,0,19,2012,54437.51,1.977,5443.75,3954.0,0.7263,False,,,sent_to_garage,0.0334,0,0,0.0245,0,0.0337,0
CLM003242,POL003179,2023-01-30,2023-01-09,2020-08-08,2021-08-08,21,Volkswagen,Polo,Motorbike,collision,side,severe,phone,third_party_fire_theft,False,True,True,14,147976,46,0,6,2009,16770.89,0.906,1677.09,3624.0,2.0,False,,,scrapped_by_model,0.9989,1,1,0.9996,1,0.999,1
CLM003247,POL001952,2024-06-19,2024-06-05,2022-11-12,2023-11-12,14,Audi,A3,SUV,collision,multiple,moderate,app,third_party,False,True,True,15,78636,26,2,4,2009,30817.06,1.719,3081.71,6016.5,1.9523,False,,,sent_to_garage,0.9978,0,1,0.9984,1,0.9996,1
CLM003248,POL004529,2022-01-24,2022-01-04,2021-05-29,2022-05-29,20,Nissan,Juke,Motorbike,fire,roof,moderate,phone,third_party_fire_theft,False,False,True,8,12852,60,1,3,2014,20100.48,0.86,7236.17,2150.0,0.2971,False,,,sent_to_garage,0.0584,0,0,0.1164,0,0.0796,0
CLM003250,POL002669,2023-05-26,2023-05-26,2022-07-03,2023-07-03,0,Toyota,RAV4,Estate,flood,multiple,moderate,phone,third_party,False,False,False,2,163944,28,1,16,2021,30930.9,0.918,25981.96,3213.0,0.1237,True,,,sent_to_garage,0.354,0,0,0.1307,0,0.3275,0
CLM003255,POL000211,2024-06-24,2024-06-02,2024-01-02,2025-01-01,22,Volkswagen,Tiguan,Sedan,vandalism,side,minor,phone,third_party_fire_theft,False,False,False,18,94200,33,0,4,2006,35535.23,1.13,3553.52,452.0,0.1272,False,,,sent_to_garage,0.0504,0,0,0.0393,0,0.0522,0
CLM003256,POL004540,2024-10-21,2024-10-05,2022-11-24,2023-11-24,16,Toyota,Corolla,Estate,vandalism,front,minor,online,third_party_fire_theft,False,False,True,13,182136,19,0,7,2011,21841.39,0.856,2184.14,428.0,0.196,False,,,sent_to_garage,0.4251,0,1,0.7457,0,0.3252,0
CLM003260,POL000243,2022-01-14,2022-01-14,2013-03-05,2014-03-05,0,Nissan,Leaf,Motorbike,flood,multiple,moderate,app,third_party,False,True,True,18,43090,22,1,17,2004,29075.76,0.981,2907.58,3433.5,1.1809,False,,,sent_to_garage,0.9981,0,1,0.9966,1,0.979,0
CLM003262,POL003931,2022-02-06,2022-02-06,2013-02-27,2014-02-27,0,BMW,X3,Motorbike,fire,multiple,severe,direct,third_party,True,False,True,20,7968,37,2,7,2002,,,,,,False,,,sent_to_garage,0.9959,0,1,0.9837,0,0.9973,1
CLM003267,POL001066,2022-12-21,2022-12-02,2015-05-20,2016-05-19,19,Nissan,Micra,Motorbike,vandalism,roof,minor,app,third_party,False,False,True,19,93126,34,1,18,2003,,,,,,False,,,sent_to_garage,0.0677,0,0,0.0565,0,0.0604,0
CLM003271,POL005884,2022-08-15,2022-08-13,2013-12-10,2014-12-10,2,Volkswagen,Tiguan,Hatchback,theft_damage,rear,minor,broker,third_party,False,True,False,17,73980,42,0,0,2005,35217.6,1.074,3521.76,483.3,0.1372,False,,,sent_to_garage,0.0471,0,0,0.0053,0,0.0645,0
CLM003274,POL004009,2022-12-17,2022-11-17,2013-05-09,2014-05-09,30,Nissan,Micra,Van,collision,roof,severe,direct,comprehensive,True,False,True,3,158117,40,0,15,2019,13223.41,0.802,10049.79,4812.0,0.4788,False,,,sent_to_garage,0.5162,0,1,0.886,0,0.5854,0
CLM003276,POL004630,2022-05-22,2022-04-27,2019-09-13,2020-09-12,25,Hyundai,Tucson,Motorbike,collision,front,moderate,direct,third_party,True,False,True,16,189446,45,0,9,2006,26971.12,0.897,2697.11,1794.0,0.6652,False,,,sent_to_garage,0.4663,0,1,0.7658,0,0.4377,0
CLM003278,POL003012,2024-03-16,2024-03-12,2022-10-24,2023-10-24,4,Honda,HR-V,Motorbike,theft_damage,roof,minor,direct,third_party,True,False,True,1,165056,42,2,8,2023,25635.68,0.917,23584.83,550.2,0.0233,True,,,sent_to_garage,0.0977,0,0,0.1055,0,0.054,0
CLM003280,POL000595,2024-09-26,2024-09-14,2018-10-06,2019-10-06,12,Vauxhall,Insignia,Motorbike,theft_damage,side,moderate,app,third_party,False,False,True,3,80370,38,0,1,2021,23929.56,0.832,18186.47,1248.0,0.0686,True,,,sent_to_garage,0.0534,0,0,0.0209,0,0.0436,0
CLM003282,POL000190,2022-07-20,2022-07-07,2020-02-25,2021-02-24,13,Honda,Jazz,Estate,fire,side,minor,online,comprehensive,False,False,True,20,157739,67,1,11,2002,,,,,,False,,,sent_to_garage,0.2403,0,0,0.1618,0,0.2347,0
CLM003300,POL000150,2023-07-04,2023-06-05,2022-01-17,2023-01-17,29,Toyota,Camry,Estate,vandalism,front,minor,direct,comprehensive,False,True,True,3,74992,55,1,19,2020,31050.82,0.872,23598.62,436.0,0.0185,True,,,sent_to_garage,0.1031,0,1,0.9079,0,0.7831,0
CLM003303,POL001446,2022-09-29,2022-09-08,2021-06-15,2022-06-15,21,Volkswagen,Polo,Hatchback,fire,multiple,minor,phone,comprehensive,False,True,True,8,83768,64,2,8,2014,16371.86,0.897,5893.87,717.6,0.1218,False,,,sent_to_garage,0.354,0,1,0.9212,0,0.6765,0
CLM003305,POL004059,2024-07-16,2024-07-07,2024-04-26,2025-04-26,9,Audi,Q3,Hatchback,flood,front,severe,app,comprehensive,False,True,True,7,93699,43,0,7,2017,35155.92,1.749,15468.6,8745.0,0.5653,False,,,sent_to_garage,0.3427,0,1,0.9757,0,0.8387,0
CLM003309,POL003386,2022-12-17,2022-11-21,2013-02-03,2014-02-03,26,Honda,Civic,SUV,collision,front,severe,phone,comprehensive,True,False,False,8,155207,45,1,14,2014,21385.76,0.888,7698.87,4440.0,0.5767,False,,,sent_to_garage,0.7673,0,0,0.066,0,0.3299,0
CLM003313,POL003084,2023-12-17,2023-12-16,2023-11-09,2024-11-08,1,Honda,CR-V,Motorbike,fire,rear,minor,direct,comprehensive,True,False,True,10,141716,21,1,12,2013,31098.43,0.925,6219.69,416.25,0.0669,False,,,sent_to_garage,0.2529,0,1,0.8178,0,0.6678,0
CLM003320,POL001758,2024-12-11,2024-11-28,2022-09-15,2023-09-15,13,Nissan,Micra,SUV,collision,rear,minor,app,third_party_fire_theft,False,False,False,11,86436,24,2,7,2013,13515.78,0.779,1621.89,350.55,0.2161,False,,,sent_to_garage,0.1679,0,1,0.8319,0,0.5537,0
CLM003321,POL000071,2023-12-30,2023-12-27,2016-12-22,2017-12-22,3,Ford,Transit,Hatchback,theft_damage,rear,severe,broker,comprehensive,True,True,False,2,89169,54,1,2,2021,30002.22,0.93,25201.86,4185.0,0.1661,True,,,sent_to_garage,0.102,0,1,0.9316,0,0.7295,0
CLM003322,POL002451,2022-12-12,2022-12-10,2017-01-18,2018-01-18,2,Vauxhall,Corsa,Sedan,fire,multiple,moderate,broker,third_party,False,True,True,15,157843,50,1,7,2007,12411.59,0.685,1241.16,2397.5,1.9317,False,,,scrapped_by_model,0.9993,1,1,0.9991,1,0.9994,1
CLM003327,POL002296,2023-10-13,2023-09-22,2022-05-17,2023-05-17,21,Audi,A3,Motorbike,fire,side,severe,direct,third_party_fire_theft,False,True,True,7,9890,62,0,8,2016,31123.73,1.733,13694.44,6932.0,0.5062,False,,,sent_to_garage,0.2799,0,1,0.8901,0,0.6968,0
CLM003330,POL001260,2022-06-28,2022-06-08,2013-11-02,2014-11-02,20,Volkswagen,Polo,Estate,fire,roof,severe,app,third_party,False,True,False,6,44391,24,1,20,2016,16751.7,0.926,8710.88,5556.0,0.6378,False,,,sent_to_garage,0.5162,0,0,0.0724,0,0.303,0
CLM003331,POL005555,2022-10-30,2022-10-24,2019-09-05,2020-09-04,6,Mercedes,C-Class,Motorbike,flood,side,minor,broker,comprehensive,True,True,False,0,170018,44,0,10,2022,39724.31,1.847,39724.31,738.8,0.0186,True,,,sent_to_garage,0.0333,0,0,0.0418,0,0.0308,0
CLM003333,POL000148,2023-04-13,2023-03-30,2019-10-21,2020-10-20,14,Volkswagen,Passat,Van,theft_damage,rear,moderate,direct,third_party,False,False,True,8,162531,17,1,6,2015,31227.19,1.052,11241.79,1893.6,0.1684,False,,,sent_to_garage,0.0661,0,0,0.07,0,0.0999,0
CLM003334,POL001371,2022-04-26,2022-04-04,2017-12-12,2018-12-12,22,Ford,Focus,Hatchback,fire,rear,minor,app,third_party_fire_theft,False,False,False,10,199892,52,1,6,2012,17351.63,0.781,3470.33,351.45,0.1013,False,,,sent_to_garage,0.4239,0,0,0.1225,0,0.2503,0
CLM003336,POL001984,2024-01-01,2023-12-12,2020-08-25,2021-08-25,20,Mercedes,GLC,Hatchback,flood,multiple,minor,phone,comprehensive,False,False,True,1,103717,30,0,9,2023,47686.85,1.918,43871.9,1534.4,0.035,True,,,sent_to_garage,0.328,0,1,0.9031,0,0.7117,0
CLM003340,POL002941,2022-01-09,2021-12-24,2016-11-06,2017-11-06,16,Volkswagen,Tiguan,Estate,fire,roof,moderate,app,third_party,True,False,True,3,166538,17,0,0,2019,35028.59,1.099,26621.73,2747.5,0.1032,True,,,sent_to_garage,0.628,0,0,0.0037,0,0.1153,0
CLM003348,POL003330,2022-12-27,2022-12-16,2013-07-18,2014-07-18,11,Honda,HR-V,Motorbike,vandalism,multiple,moderate,app,comprehensive,False,False,False,8,89184,36,0,3,2014,24190.35,0.88,8708.53,3080.0,0.3537,False,,,sent_to_garage,0.3229,0,0,0.0611,0,0.135,0
CLM003356,POL002013,2024-07-04,2024-06-23,2013-04-09,2014-04-09,11,Mercedes,E-Class,SUV,fire,roof,minor,broker,third_party_fire_theft,False,False,False,3,12235,42,1,3,2021,53065.16,1.998,40329.52,1198.8,0.0297,True,,,sent_to_garage,0.0272,0,0,0.0059,0,0.0123,0
CLM003359,POL003829,2023-06-15,2023-05-17,2015-06-12,2016-06-11,29,Vauxhall,Mokka,Motorbike,theft_damage,rear,minor,app,third_party,False,False,True,10,87523,37,1,17,2013,21733.92,0.801,4346.78,360.45,0.0829,False,,,sent_to_garage,0.0877,0,0,0.052,0,0.0347,0
CLM003361,POL001797,2024-06-07,2024-06-02,2020-06-21,2021-06-21,5,Ford,Mondeo,Sedan,theft_damage,multiple,moderate,phone,comprehensive,False,True,True,3,139326,31,1,7,2021,21850.6,0.856,16606.46,2996.0,0.1804,False,,,sent_to_garage,0.0666,0,1,0.797,0,0.5336,0
CLM003363,POL003305,2024-07-09,2024-07-05,2015-03-17,2016-03-16,4,Ford,Mondeo,Sedan,vandalism,side,moderate,phone,comprehensive,False,False,True,4,74455,51,0,20,2020,22568.74,0.861,15346.74,1291.5,0.0842,False,,,sent_to_garage,0.1826,0,0,0.0243,0,0.0501,0
CLM003366,POL001866,2023-10-23,2023-10-12,2017-09-27,2018-09-27,11,Mercedes,A-Class,Estate,vandalism,front,severe,app,comprehensive,False,False,True,20,66164,17,0,8,2003,,,,,,False,,,sent_to_garage,0.998,0,1,0.9649,0,0.9939,0
CLM003367,POL003920,2023-10-11,2023-09-21,2015-05-18,2016-05-17,20,Vauxhall,Mokka,Sedan,theft_damage,rear,minor,broker,comprehensive,False,False,True,7,104989,33,2,16,2016,21130.15,0.819,9297.27,368.55,0.0396,False,,,sent_to_garage,0.1008,0,0,0.0143,0,0.0247,0
CLM003368,POL003656,2024-08-29,2024-08-10,2022-10-17,2023-10-17,19,Vauxhall,Corsa,Hatchback,collision,rear,moderate,phone,third_party_fire_theft,False,True,False,20,59960,32,2,19,2004,12779.96,0.718,1278.0,1292.4,1.0113,False,,,scrapped_by_model,0.9991,1,1,0.9943,1,0.9962,1
CLM003370,POL002491,2023-08-06,2023-07-25,2013-04-03,2014-04-03,12,Toyota,Corolla,Motorbike,vandalism,front,minor,app,comprehensive,True,False,True,19,6918,20,2,5,2004,22981.25,0.84,2298.12,420.0,0.1828,False,,,sent_to_garage,0.413,0,0,0.03,0,0.1306,0
CLM003372,POL000206,2023-07-29,2023-07-05,2023-03-24,2024-03-23,24,Vauxhall,Mokka,Motorbike,collision,front,moderate,direct,third_party,True,True,True,11,89473,32,1,14,2012,22513.69,0.818,2701.64,1636.0,0.6056,False,,,sent_to_garage,0.0878,0,0,0.0443,0,0.0304,0
CLM003373,POL004829,2024-09-02,2024-08-07,2023-11-30,2024-11-29,26,Mercedes,A-Class,Estate,vandalism,front,minor,app,third_party,False,True,True,20,11677,52,0,17,2004,30766.62,1.774,3076.66,887.0,0.2883,False,,,sent_to_garage,0.046,0,0,0.0268,0,0.1231,0
CLM003381,POL001620,2022-01-25,2022-01-04,2018-05-15,2019-05-15,21,Vauxhall,Insignia,Van,flood,rear,moderate,online,comprehensive,False,False,True,4,16718,22,1,10,2018,25662.01,0.869,17450.17,1564.2,0.0896,False,,,sent_to_garage,0.0439,0,0,0.023,0,0.0317,0
CLM003384,POL003145,2022-09-19,2022-08-26,2017-04-28,2018-04-28,24,Toyota,Camry,Motorbike,vandalism,roof,moderate,app,comprehensive,False,True,False,15,27080,67,1,3,2007,29042.78,0.901,2904.28,2252.5,0.7756,False,,,sent_to_garage,0.229,0,1,0.9039,0,0.7045,0
CLM003392,POL003945,2023-08-12,2023-07-30,2020-07-02,2021-07-02,13,Hyundai,i30,Estate,theft_damage,rear,minor,broker,third_party,True,True,True,16,186476,17,0,8,2007,19061.79,0.815,1906.18,366.75,0.1924,False,,,sent_to_garage,0.6438,0,0,0.0453,0,0.3573,0
CLM003393,POL006190,2024-11-23,2024-11-05,2014-05-27,2015-05-27,18,Ford,Mondeo,Van,flood,side,moderate,phone,third_party_fire_theft,True,False,True,2,1255,38,1,16,2022,22185.02,0.858,18635.42,1287.0,0.0691,True,,,sent_to_garage,0.0242,0,0,0.0109,0,0.071,0
CLM003394,POL000161,2022-08-03,2022-07-29,2014-08-12,2015-08-12,5,BMW,1 Series,Hatchback,theft_damage,side,severe,direct,comprehensive,False,True,True,12,31476,35,1,9,2010,28456.02,1.746,2845.6,6984.0,2.0,False,,,scrapped_by_model,0.9998,1,1,0.9992,1,0.9996,1
CLM003395,POL004182,2024-02-02,2024-01-15,2014-04-29,2015-04-29,18,Volkswagen,Polo,Sedan,collision,roof,minor,online,third_party,False,False,True,15,178805,27,0,5,2009,16770.89,0.906,1677.09,543.6,0.3241,False,,,sent_to_garage,0.1366,0,1,0.7657,0,0.4805,0
CLM003398,POL000623,2023-05-18,2023-04-24,2018-09-01,2019-09-01,24,Toyota,Yaris,Motorbike,theft_damage,front,minor,online,comprehensive,False,True,False,12,123823,45,0,0,2011,14310.23,0.786,1431.02,393.0,0.2746,False,,,sent_to_garage,0.3261,0,1,0.6844,0,0.6168,0
CLM003400,POL003659,2023-04-26,2023-03-28,2016-10-09,2017-10-09,29,Nissan,Micra,Van,vandalism,rear,moderate,online,comprehensive,False,False,True,5,149703,44,1,17,2018,12801.98,0.788,7681.19,1418.4,0.1847,False,,,sent_to_garage,0.1277,0,0,0.145,0,0.2705,0
CLM003401,POL000389,2024-12-25,2024-12-01,2017-04-27,2018-04-27,24,Toyota,RAV4,Hatchback,vandalism,rear,moderate,app,third_party,False,True,False,15,92593,35,1,1,2009,31469.22,0.882,3146.92,1587.6,0.5045,False,,,sent_to_garage,0.0824,0,1,0.7452,0,0.3878,0
CLM003404,POL005123,2023-01-12,2023-01-10,2020-05-25,2021-05-25,2,BMW,5 Series,SUV,theft_damage,side,severe,direct,comprehensive,False,True,False,13,37672,19,2,17,2010,44482.9,1.916,4448.29,7664.0,1.7229,False,,,sent_to_garage,0.998,0,1,0.9992,1,0.9978,1
CLM003405,POL004958,2023-01-19,2022-12-21,2018-12-29,2019-12-29,29,Toyota,Yaris,Motorbike,theft_damage,side,minor,broker,comprehensive,False,False,True,13,142446,45,3,4,2010,15297.18,0.816,1529.72,326.4,0.2134,False,,,sent_to_garage,0.183,0,1,0.7452,0,0.4285,0
CLM003407,POL002914,2024-08-30,2024-08-02,2017-08-15,2018-08-15,28,BMW,1 Series,Van,theft_damage,roof,minor,direct,comprehensive,False,True,True,15,141727,49,0,16,2009,27442.66,1.699,2744.27,1019.4,0.3715,False,,,sent_to_garage,0.3676,0,0,0.0502,0,0.3362,0
CLM003411,POL003721,2022-07-19,2022-06-22,2017-04-05,2018-04-05,27,Honda,CR-V,Van,theft_damage,roof,minor,phone,comprehensive,False,False,True,14,72461,60,1,4,2008,29995.92,0.92,2999.59,552.0,0.184,False,,,sent_to_garage,0.3796,0,0,0.1317,0,0.1037,0
CLM003419,POL000324,2023-01-08,2022-12-22,2018-05-01,2019-05-01,17,Audi,Q5,Sedan,flood,roof,severe,app,comprehensive,True,False,True,20,104822,52,2,6,2003,,,,,,False,,,sent_to_garage,0.9942,0,1,0.9271,0,0.9846,0
CLM003423,POL003722,2024-02-14,2024-01-15,2022-12-20,2023-12-20,30,BMW,5 Series,Estate,collision,rear,moderate,direct,comprehensive,False,False,False,14,79161,46,0,10,2010,44482.9,1.916,4448.29,3448.8,0.7753,False,,,sent_to_garage,0.5946,0,1,0.8539,0,0.6648,0
CLM003425,POL000871,2024-11-17,2024-10-18,2016-01-25,2017-01-24,30,Audi,Q3,Van,theft_damage,side,moderate,broker,third_party_fire_theft,True,False,False,2,196484,42,0,5,2022,35926.34,1.778,30178.13,2667.0,0.0884,True,,,sent_to_garage,0.2708,0,0,0.1229,0,0.0402,0
CLM003429,POL005220,2022-07-30,2022-07-01,2021-05-13,2022-05-13,29,Toyota,Yaris,Estate,collision,front,severe,direct,comprehensive,True,True,True,18,132839,37,1,3,2004,15234.4,0.778,1523.44,3890.0,2.0,False,,,scrapped_by_model,0.9999,1,1,0.9998,1,0.9999,1
CLM003430,POL004640,2023-08-01,2023-07-29,2020-12-05,2021-12-05,3,Audi,A3,Estate,flood,roof,moderate,online,comprehensive,False,False,True,10,99285,36,1,16,2013,29038.48,1.741,5807.7,4352.5,0.7494,False,,,sent_to_garage,0.0386,0,0,0.0253,0,0.0274,0
CLM003431,POL003177,2023-09-01,2023-08-16,2018-01-11,2019-01-11,16,Volkswagen,Polo,Van,vandalism,roof,moderate,online,third_party,False,True,True,8,184856,46,0,9,2015,16084.97,0.908,5790.59,2270.0,0.392,False,,,sent_to_garage,0.0671,0,0,0.0518,0,0.0746,0
CLM003432,POL003149,2023-10-29,2023-10-25,2017-09-03,2018-09-03,4,Toyota,Yaris,Estate,theft_damage,roof,severe,online,third_party_fire_theft,True,False,True,5,50474,43,2,7,2018,14331.75,0.806,8599.05,4836.0,0.5624,False,,,sent_to_garage,0.2943,0,0,0.061,0,0.0795,0
CLM003433,POL006412,2023-05-07,2023-04-11,2020-12-28,2021-12-28,26,BMW,5 Series,Van,collision,front,minor,broker,comprehensive,True,True,False,13,20606,78,0,10,2010,44482.9,1.916,4448.29,958.0,0.2154,False,,,sent_to_garage,0.3309,0,0,0.0732,0,0.3615,0
CLM003436,POL003174,2022-06-20,2022-06-12,2016-03-18,2017-03-18,8,Ford,Focus,Motorbike,collision,side,moderate,online,comprehensive,False,True,True,12,152131,32,0,18,2010,18369.3,0.813,1836.93,1219.5,0.6639,False,,,sent_to_garage,0.6435,0,0,0.0919,0,0.1309,0
CLM003440,POL003367,2024-11-06,2024-10-26,2018-06-29,2019-06-29,11,Nissan,Qashqai,Sedan,fire,side,minor,direct,comprehensive,False,True,True,13,18065,22,0,5,2011,27936.16,0.9,2793.62,360.0,0.1289,False,,,sent_to_garage,0.2559,0,0,0.0296,0,0.1814,0
CLM003451,POL003907,2022-10-09,2022-09-23,2014-01-17,2015-01-17,16,Honda,Jazz,Van,vandalism,side,moderate,broker,comprehensive,True,False,True,20,63427,46,0,1,2002,,,,,,False,,,sent_to_garage,0.2279,0,0,0.1163,0,0.1105,0
CLM003453,POL000006,2022-01-01,2021-12-12,2014-11-03,2015-11-03,20,Toyota,Corolla,Hatchback,flood,side,moderate,broker,third_party,True,True,False,20,134032,34,1,4,2002,,,,,,False,,,sent_to_garage,0.1784,0,1,0.8745,0,0.5116,0
CLM003455,POL006545,2024-12-27,2024-11-27,2015-04-23,2016-04-22,30,Audi,Q3,Motorbike,theft_damage,rear,moderate,online,comprehensive,False,True,False,16,103678,40,1,6,2008,35147.28,1.771,3514.73,3187.8,0.907,False,,,scrapped_by_model,0.9992,1,1,0.9687,0,0.9485,0
CLM003456,POL004418,2022-03-26,2022-03-21,2021-10-06,2022-10-06,5,Vauxhall,Insignia,Motorbike,vandalism,front,minor,phone,comprehensive,True,True,False,12,110244,31,1,12,2010,25633.76,0.869,2563.38,434.5,0.1695,False,,,sent_to_garage,0.1583,0,0,0.0225,0,0.1808,0
CLM003458,POL005096,2022-04-20,2022-03-24,2019-01-10,2020-01-10,27,Hyundai,i10,Sedan,theft_damage,side,minor,broker,comprehensive,False,False,False,1,186489,31,4,16,2021,12311.96,0.733,11327.0,293.2,0.0259,False,,,sent_to_garage,0.2055,0,0,0.0056,0,0.1971,0
CLM003462,POL004459,2023-09-21,2023-09-18,2018-05-16,2019-05-16,3,Vauxhall,Mokka,SUV,collision,front,minor,online,comprehensive,False,False,True,9,115330,28,2,14,2014,22531.78,0.811,6308.9,405.5,0.0643,False,,,sent_to_garage,0.1343,0,0,0.1065,0,0.1368,0
CLM003463,POL000038,2023-05-19,2023-05-01,2012-12-01,2013-12-01,18,BMW,3 Series,Hatchback,flood,front,minor,direct,third_party_fire_theft,False,False,True,6,32141,37,0,12,2017,36312.52,1.838,18882.51,919.0,0.0487,True,,,sent_to_garage,0.0997,0,0,0.0192,0,0.0902,0
CLM003466,POL004478,2024-09-04,2024-08-15,2023-03-23,2024-03-22,20,Toyota,Yaris,SUV,fire,side,minor,phone,comprehensive,False,False,True,2,153325,51,1,19,2022,15720.04,0.798,13204.83,319.2,0.0242,False,,,sent_to_garage,0.1101,0,0,0.0463,0,0.1661,0
CLM003470,POL006034,2023-07-12,2023-06-30,2022-01-02,2023-01-02,12,Mercedes,A-Class,Van,collision,multiple,minor,broker,third_party,False,False,True,9,183266,28,3,12,2014,28516.42,1.831,7984.6,1464.8,0.1835,False,,,sent_to_garage,0.1754,0,0,0.0974,0,0.2064,0
CLM003471,POL002481,2024-01-31,2024-01-12,2022-02-26,2023-02-26,19,Toyota,Corolla,Van,fire,front,minor,broker,comprehensive,False,True,True,15,70403,24,1,1,2009,21162.28,0.831,2116.23,415.5,0.1963,False,,,sent_to_garage,0.3682,0,0,0.0307,0,0.1763,0
CLM003472,POL002525,2024-03-04,2024-02-04,2019-07-07,2020-07-06,29,Mercedes,E-Class,Estate,flood,multiple,moderate,broker,third_party_fire_theft,False,False,False,2,20303,47,0,9,2022,51773.3,1.986,43489.57,6951.0,0.1598,True,,,sent_to_garage,0.1863,0,1,0.935,0,0.7794,0
CLM003474,POL002313,2023-05-28,2023-05-07,2012-05-14,2013-05-14,21,Honda,Civic,Sedan,theft_damage,front,severe,online,comprehensive,True,False,False,10,90471,54,2,6,2013,22820.29,0.864,4564.06,4320.0,0.9465,False,,,sent_to_garage,0.9982,0,1,0.9891,0,0.9665,0
CLM003476,POL002442,2023-04-12,2023-03-14,2013-03-22,2014-03-22,29,Nissan,Juke,SUV,theft_damage,roof,minor,online,third_party_fire_theft,False,True,True,1,138644,50,0,16,2022,19627.69,0.838,18057.47,502.8,0.0278,True,,,sent_to_garage,0.1551,0,0,0.0731,0,0.0595,0
CLM003477,POL004669,2023-12-07,2023-11-07,2020-12-09,2021-12-09,30,Audi,Q3,Estate,theft_damage,roof,minor,app,comprehensive,False,True,True,3,121230,66,0,17,2020,36483.56,1.786,27727.51,1071.6,0.0386,True,,,sent_to_garage,0.0787,0,0,0.1039,0,0.1186,0
CLM003480,POL003187,2022-06-02,2022-05-08,2021-11-18,2022-11-18,25,Ford,Kuga,Motorbike,theft_damage,front,minor,app,third_party_fire_theft,False,False,False,4,5468,51,0,17,2018,26904.01,0.909,18294.73,454.5,0.0248,True,,,sent_to_garage,0.0224,0,0,0.006,0,0.0166,0
CLM003485,POL003953,2023-06-06,2023-05-25,2022-07-29,2023-07-29,12,Honda,CR-V,SUV,flood,rear,moderate,broker,comprehensive,False,True,False,6,43870,33,0,20,2017,29674.48,0.911,15430.73,1639.8,0.1063,False,,,sent_to_garage,0.0598,0,0,0.0157,0,0.0268,0
CLM003486,POL004234,2024-12-08,2024-11-11,2012-01-09,2013-01-08,27,Ford,Focus,Van,collision,roof,minor,phone,third_party,True,True,True,13,100187,29,0,16,2011,17926.05,0.803,1792.6,481.8,0.2688,False,,,sent_to_garage,0.7226,0,0,0.0955,0,0.2526,0
CLM003489,POL001179,2023-07-05,2023-06-13,2012-04-16,2013-04-16,22,Hyundai,i10,Hatchback,theft_damage,roof,moderate,broker,third_party_fire_theft,False,True,True,12,187302,43,1,1,2011,11705.67,0.734,1170.57,1835.0,1.5676,False,,,scrapped_by_model,0.9993,1,1,0.9956,1,0.9985,1
CLM003492,POL000014,2024-02-15,2024-01-28,2023-03-13,2024-03-12,18,BMW,X5,SUV,vandalism,side,moderate,app,comprehensive,False,True,True,6,3237,50,0,4,2018,63595.4,2.04,33069.61,3060.0,0.0925,True,,,sent_to_garage,0.0644,0,1,0.7475,0,0.5952,0
CLM003493,POL004834,2024-12-03,2024-11-04,2018-08-01,2019-08-01,29,Volkswagen,Passat,SUV,vandalism,front,minor,direct,comprehensive,False,True,True,7,125602,41,0,5,2017,30460.32,1.037,13402.54,518.5,0.0387,False,,,sent_to_garage,0.0475,0,0,0.0602,0,0.157,0
CLM003500,POL004824,2022-10-31,2022-10-14,2017-08-21,2018-08-21,17,BMW,5 Series,Hatchback,theft_damage,front,moderate,phone,third_party,False,True,False,13,18669,27,1,5,2009,46609.07,1.896,4660.91,3792.0,0.8136,False,,,sent_to_garage,0.6996,0,1,0.9425,0,0.9842,0
CLM003502,POL003222,2023-09-27,2023-09-21,2023-02-17,2024-02-17,6,Nissan,Leaf,Estate,fire,front,moderate,broker,third_party,False,False,False,17,103936,39,1,16,2006,31239.86,0.978,3123.99,1956.0,0.6261,False,,,sent_to_garage,0.2738,0,1,0.6929,0,0.4996,0
CLM003505,POL004056,2022-07-10,2022-07-01,2021-06-01,2022-06-01,9,Honda,HR-V,Estate,vandalism,roof,minor,broker,third_party,True,True,True,0,161,39,1,14,2022,24054.92,0.919,24054.92,551.4,0.0229,True,,,sent_to_garage,0.021,0,1,0.7269,0,0.3879,0
CLM003507,POL002804,2024-10-21,2024-09-28,2018-12-30,2019-12-30,23,Volkswagen,Tiguan,Motorbike,flood,front,minor,direct,comprehensive,False,False,False,14,4111,37,1,5,2010,34111.23,1.071,3411.12,535.5,0.157,False,,,sent_to_garage,0.0226,0,0,0.011,0,0.0939,0
CLM003510,POL001571,2022-01-07,2021-12-20,2018-08-02,2019-08-02,18,BMW,1 Series,Estate,vandalism,roof,minor,app,third_party_fire_theft,False,True,True,16,96790,17,1,8,2006,28603.14,1.724,2860.31,1034.4,0.3616,False,,,sent_to_garage,0.3852,0,0,0.0081,0,0.1531,0
CLM003511,POL005871,2022-11-09,2022-11-02,2021-01-05,2022-01-05,7,Nissan,Micra,Estate,fire,front,moderate,app,comprehensive,False,False,True,7,174966,31,1,3,2015,13192.64,0.793,5804.76,1586.0,0.2732,False,,,sent_to_garage,0.4795,0,0,0.1229,0,0.1347,0
CLM003512,POL003994,2022-01-14,2021-12-30,2021-02-24,2022-02-24,15,Nissan,Leaf,Sedan,theft_damage,roof,moderate,online,third_party_fire_theft,False,True,True,0,134618,43,0,4,2022,30426.76,1.011,30426.76,2527.5,0.0831,True,,,sent_to_garage,0.1123,0,1,0.6175,0,0.7508,0
CLM003514,POL006129,2024-08-19,2024-08-12,2023-05-12,2024-05-11,7,Toyota,Corolla,Sedan,vandalism,front,moderate,broker,comprehensive,False,True,False,9,63404,39,0,2,2015,20979.33,0.846,5874.21,1692.0,0.288,False,,,sent_to_garage,0.0604,0,0,0.0882,0,0.1192,0
CLM003521,POL002942,2022-07-23,2022-06-30,2013-10-23,2014-10-23,23,Honda,Civic,Sedan,fire,side,severe,app,comprehensive,True,True,True,8,52786,34,0,19,2014,21385.76,0.888,7698.87,3552.0,0.4614,False,,,sent_to_garage,0.3688,0,0,0.0719,0,0.126,0
CLM003523,POL000620,2024-04-21,2024-04-09,2013-06-23,2014-06-23,12,Nissan,Juke,Sedan,vandalism,multiple,moderate,direct,comprehensive,True,False,True,0,183056,43,1,6,2024,19605.93,0.843,19605.93,2950.5,0.1505,True,,,sent_to_garage,0.1577,0,1,0.9152,0,0.7913,0
CLM003527,POL000614,2024-02-17,2024-01-31,2014-06-19,2015-06-19,17,BMW,1 Series,Hatchback,theft_damage,roof,severe,phone,third_party_fire_theft,True,False,True,2,126540,29,1,1,2022,28288.7,1.691,23762.51,10146.0,0.427,True,,,sent_to_garage,0.2873,0,1,0.8521,0,0.6577,0
CLM003530,POL002736,2024-06-01,2024-05-04,2021-08-01,2022-08-01,28,BMW,X5,Estate,theft_damage,rear,minor,app,third_party_fire_theft,True,True,False,15,43365,28,3,16,2009,62520.11,2.042,6252.01,918.9,0.147,False,,,sent_to_garage,0.5138,0,0,0.0224,0,0.1131,0
CLM003536,POL004491,2022-10-16,2022-09-25,2015-06-18,2016-06-17,21,Audi,A4,Van,collision,side,moderate,phone,comprehensive,True,False,True,13,142050,39,2,1,2009,37867.05,1.789,3786.71,2683.5,0.7087,False,,,sent_to_garage,0.222,0,0,0.152,0,0.1856,0
CLM003537,POL001290,2022-01-06,2021-12-08,2016-06-20,2017-06-20,29,Volkswagen,Golf,Hatchback,flood,multiple,moderate,broker,third_party_fire_theft,False,True,True,16,152992,45,0,9,2006,23871.75,0.977,2387.18,3419.5,1.4324,False,,,scrapped_by_model,0.999,1,1,0.9993,1,0.9996,1
CLM003541,POL005019,2022-08-11,2022-07-21,2016-02-27,2017-02-26,21,Vauxhall,Astra,Van,collision,side,moderate,direct,comprehensive,False,False,False,13,48984,62,0,13,2009,18013.13,0.772,1801.31,1158.0,0.6429,False,,,sent_to_garage,0.595,0,1,0.6868,0,0.5072,0
CLM003547,POL002711,2023-11-27,2023-11-11,2022-08-03,2023-08-03,16,Toyota,Corolla,Van,fire,side,moderate,broker,third_party_fire_theft,False,True,True,16,177138,44,1,18,2007,21226.57,0.85,2122.66,1275.0,0.6007,False,,,sent_to_garage,0.6473,0,1,0.8948,0,0.765,0
CLM003553,POL001943,2023-12-18,2023-12-11,2021-08-31,2022-08-31,7,Mercedes,A-Class,Estate,flood,multiple,minor,direct,comprehensive,False,False,False,0,98760,71,0,3,2023,28803.32,1.834,28803.32,1467.2,0.0509,True,,,sent_to_garage,0.199,0,0,0.0401,0,0.079,0
CLM003555,POL001652,2022-04-16,2022-03-19,2017-09-26,2018-09-26,28,BMW,3 Series,Van,collision,roof,severe,phone,third_party_fire_theft,True,False,True,15,56305,66,0,8,2007,33482.96,1.81,3348.3,10860.0,2.0,False,,,scrapped_by_model,0.9996,1,1,0.9988,1,0.9989,1
CLM003557,POL002814,2022-06-21,2022-06-03,2013-09-02,2014-09-02,18,Nissan,Micra,Sedan,flood,front,minor,direct,third_party_fire_theft,False,False,True,7,164603,17,1,5,2015,13192.64,0.793,5804.76,396.5,0.0683,False,,,sent_to_garage,0.452,0,0,0.0401,0,0.0467,0
CLM003560,POL002905,2024-07-15,2024-07-14,2017-06-24,2018-06-24,1,BMW,X5,Hatchback,flood,front,minor,app,third_party_fire_theft,False,False,False,14,55685,53,1,8,2010,65890.98,1.955,6589.1,977.5,0.1484,False,,,sent_to_garage,0.0776,0,0,0.1099,0,0.0986,0
CLM003561,POL004016,2022-11-22,2022-11-11,2018-01-29,2019-01-29,11,Nissan,Micra,Van,vandalism,roof,moderate,app,third_party,False,True,False,6,69958,26,1,0,2016,12906.62,0.786,6711.44,1965.0,0.2928,False,,,sent_to_garage,0.0218,0,0,0.0138,0,0.0191,0
CLM003565,POL006174,2024-08-10,2024-07-22,2020-04-03,2021-04-03,19,Nissan,Leaf,Hatchback,flood,front,minor,online,third_party,True,True,False,19,140495,28,1,0,2005,30935.96,0.986,3093.6,493.0,0.1594,False,,,sent_to_garage,0.1678,0,0,0.0996,0,0.199,0
CLM003568,POL002727,2022-04-17,2022-04-13,2019-12-25,2020-12-24,4,Mercedes,E-Class,SUV,theft_damage,roof,severe,app,third_party,True,True,True,12,174155,17,1,20,2010,52350.73,1.988,5235.07,11928.0,2.0,False,,,scrapped_by_model,0.9997,1,1,0.9964,1,0.9953,0
CLM003578,POL001450,2022-12-15,2022-11-22,2021-02-06,2022-02-06,23,Ford,Mondeo,Motorbike,flood,side,moderate,app,comprehensive,False,False,True,20,130457,24,1,7,2002,,,,,,False,,,sent_to_garage,0.2309,0,1,0.8006,0,0.5331,0
CLM003582,POL004473,2022-06-12,2022-05-24,2017-09-02,2018-09-02,19,Honda,HR-V,Hatchback,theft_damage,multiple,severe,phone,third_party,True,True,True,16,29607,28,1,18,2006,25986.28,0.908,2598.63,7264.0,2.0,False,,,scrapped_by_model,0.9999,1,1,0.9989,1,0.9999,1
CLM003583,POL002269,2024-12-14,2024-11-26,2017-10-11,2018-10-11,18,Ford,Focus,Van,fire,front,moderate,app,comprehensive,True,False,True,10,171616,31,0,0,2014,18117.42,0.813,3623.48,1626.0,0.4487,False,,,sent_to_garage,0.752,0,0,0.043,0,0.3601,0
CLM003585,POL005168,2024-08-22,2024-08-21,2021-09-29,2022-09-29,1,Volkswagen,Passat,Hatchback,flood,roof,moderate,direct,comprehensive,False,True,False,16,125190,34,0,12,2008,28701.5,1.031,2870.15,2577.5,0.898,False,,,sent_to_garage,0.9816,0,1,0.9698,0,0.9907,0
CLM003587,POL002205,2023-08-19,2023-07-27,2018-06-03,2019-06-03,23,Hyundai,i20,Hatchback,collision,front,severe,phone,comprehensive,True,True,True,3,193478,46,0,16,2020,16767.97,0.798,12743.66,3990.0,0.3131,False,,,sent_to_garage,0.8786,0,1,0.9367,0,0.6611,0
CLM003590,POL001653,2022-01-08,2021-12-18,2016-04-07,2017-04-07,21,Toyota,RAV4,Motorbike,vandalism,roof,moderate,online,comprehensive,True,True,True,10,95023,60,0,14,2012,33140.95,0.893,6628.19,2232.5,0.3368,False,,,sent_to_garage,0.0447,0,0,0.0823,0,0.0508,0
CLM003591,POL004540,2024-10-10,2024-09-13,2019-08-25,2020-08-24,27,Honda,Jazz,Motorbike,flood,multiple,severe,app,comprehensive,False,False,True,15,133003,48,1,9,2009,15866.67,0.841,1586.67,6728.0,2.0,False,,,scrapped_by_model,1.0,1,1,0.9998,1,0.9997,1
CLM003592,POL001853,2022-08-19,2022-08-02,2013-10-03,2014-10-03,17,Hyundai,Tucson,Motorbike,flood,roof,moderate,broker,comprehensive,False,False,False,14,159164,39,1,5,2008,28366.55,0.9,2836.66,2250.0,0.7932,False,,,sent_to_garage,0.4585,0,1,0.9666,0,0.9067,0
CLM003597,POL004910,2022-02-22,2022-02-17,2013-08-22,2014-08-22,5,Vauxhall,Corsa,Van,collision,front,moderate,direct,third_party,False,True,False,10,113168,69,0,6,2012,13117.25,0.715,2623.45,1430.0,0.5451,False,,,sent_to_garage,0.0497,0,0,0.0918,0,0.0411,0
CLM003602,POL000735,2022-11-15,2022-11-01,2018-01-05,2019-01-05,14,Hyundai,i20,Motorbike,collision,multiple,moderate,app,comprehensive,False,False,False,19,57745,55,1,16,2003,,,,,,False,,,sent_to_garage,0.6125,0,0,0.1681,0,0.4398,0
CLM003603,POL002831,2023-12-18,2023-11-26,2021-01-08,2022-01-08,22,Audi,Q3,Motorbike,collision,front,moderate,broker,third_party_fire_theft,False,False,True,20,79674,63,0,1,2003,,,,,,False,,,sent_to_garage,0.1608,0,0,0.0936,0,0.2547,0
CLM003605,POL005373,2023-06-11,2023-05-14,2013-03-06,2014-03-06,28,Nissan,Micra,Van,fire,roof,severe,online,third_party_fire_theft,True,False,True,2,102664,17,1,9,2021,13405.76,0.78,11260.84,4680.0,0.4156,False,,,sent_to_garage,0.6284,0,0,0.0049,0,0.1777,0
CLM003606,POL000023,2022-04-28,2022-04-22,2020-01-22,2021-01-21,6,Ford,Transit,Estate,collision,rear,moderate,broker,comprehensive,False,False,True,10,43504,50,1,17,2012,30816.04,0.959,6163.21,1726.2,0.2801,False,,,sent_to_garage,0.0194,0,0,0.0382,0,0.0207,0
CLM003607,POL000809,2024-04-17,2024-03-23,2016-09-05,2017-09-05,25,Honda,HR-V,Hatchback,theft_damage,multiple,minor,phone,third_party,False,False,True,16,96252,44,0,14,2008,24924.89,0.899,2492.49,719.2,0.2885,False,,,sent_to_garage,0.687,0,0,0.0648,0,0.3328,0
CLM003608,POL001392,2022-08-29,2022-08-07,2013-08-29,2014-08-29,22,Mercedes,C-Class,Estate,flood,side,minor,phone,comprehensive,False,True,False,12,101273,19,1,18,2010,40081.83,1.896,4008.18,758.4,0.1892,False,,,sent_to_garage,0.1737,0,0,0.0373,0,0.0343,0
CLM003610,POL001275,2022-01-24,2022-01-20,2014-03-07,2015-03-07,4,Volkswagen,Golf,Van,fire,multiple,severe,broker,third_party_fire_theft,False,False,True,7,101042,37,1,4,2015,25429.03,0.984,11188.77,7872.0,0.7036,False,,,sent_to_garage,0.6933,0,1,0.9835,0,0.9567,0
CLM003612,POL001850,2022-01-22,2021-12-25,2019-06-26,2020-06-25,28,Ford,Fiesta,Sedan,vandalism,multiple,severe,app,third_party,True,False,True,2,196903,26,2,14,2020,11790.99,0.744,9904.43,5952.0,0.6009,False,,,sent_to_garage,0.427,0,1,0.9834,0,0.9458,0
CLM003613,POL003473,2022-05-19,2022-05-10,2019-07-13,2020-07-12,9,Ford,Focus,Hatchback,flood,multiple,moderate,online,comprehensive,False,True,True,10,145277,29,0,4,2012,17351.63,0.781,3470.33,2733.5,0.7877,False,,,sent_to_garage,0.4762,0,1,0.9611,0,0.8493,0
CLM003617,POL002064,2022-05-25,2022-05-09,2022-03-28,2023-03-28,16,Mercedes,A-Class,Motorbike,fire,roof,moderate,direct,third_party,False,True,True,11,173789,64,0,5,2011,30188.0,1.749,3622.56,4372.5,1.207,False,,,sent_to_garage,0.9979,0,1,0.9963,1,0.9937,0
CLM003619,POL001811,2023-02-01,2023-01-26,2019-03-30,2020-03-29,6,Mercedes,GLC,Van,vandalism,rear,minor,broker,third_party_fire_theft,False,True,True,16,162368,39,1,11,2007,46587.94,2.006,4658.79,902.7,0.1938,False,,,sent_to_garage,0.6711,0,0,0.1898,0,0.3401,0
CLM003620,POL005982,2023-08-02,2023-07-22,2015-12-06,2016-12-05,11,Honda,CR-V,Motorbike,flood,side,minor,phone,third_party,False,True,False,3,11054,28,1,17,2020,30163.2,0.91,22924.03,364.0,0.0159,True,,,sent_to_garage,0.0297,0,0,0.0527,0,0.0917,0
CLM003622,POL001568,2024-09-04,2024-08-07,2022-02-04,2023-02-04,28,Mercedes,A-Class,Estate,collision,roof,minor,app,comprehensive,False,True,True,20,17886,52,1,2,2004,30766.62,1.774,3076.66,1064.4,0.346,False,,,sent_to_garage,0.2628,0,0,0.1148,0,0.29,0
CLM003623,POL002547,2023-09-20,2023-09-19,2021-10-11,2022-10-11,1,BMW,1 Series,Motorbike,collision,roof,moderate,direct,third_party,False,True,True,3,81314,36,1,1,2020,27251.39,1.703,20711.06,4257.5,0.2056,True,,,sent_to_garage,0.0399,0,1,0.7358,0,0.2984,0
CLM003625,POL003775,2023-12-16,2023-11-21,2018-06-10,2019-06-10,25,Honda,HR-V,SUV,theft_damage,multiple,minor,broker,third_party_fire_theft,True,True,False,4,133352,42,0,9,2019,25970.91,0.923,17660.22,738.4,0.0418,False,,,sent_to_garage,0.4566,0,0,0.1583,0,0.2713,0
CLM003626,POL003166,2024-05-25,2024-04-29,2021-08-21,2022-08-21,26,Ford,Kuga,Motorbike,fire,rear,minor,direct,third_party,True,True,False,18,39105,42,0,5,2006,27077.66,0.923,2707.77,415.35,0.1534,False,,,sent_to_garage,0.0513,0,1,0.8542,0,0.3953,0
CLM003628,POL003798,2024-12-24,2024-12-07,2020-05-20,2021-05-20,17,Ford,Transit,Sedan,flood,side,severe,online,comprehensive,False,False,True,15,121095,68,3,18,2009,31175.03,0.964,3117.5,3856.0,1.2369,False,,,scrapped_by_model,0.9998,1,1,0.9987,1,0.9997,1
CLM003631,POL000601,2024-06-10,2024-05-19,2019-05-22,2020-05-21,22,Toyota,RAV4,Van,vandalism,multiple,moderate,online,third_party,False,False,True,5,49884,30,0,9,2019,30434.33,0.884,18260.6,3094.0,0.1694,True,,,sent_to_garage,0.1258,0,0,0.1185,0,0.2271,0
CLM003632,POL006000,2022-07-08,2022-06-18,2021-03-04,2022-03-04,20,BMW,1 Series,SUV,fire,side,moderate,phone,comprehensive,False,True,True,13,126802,55,0,17,2009,27442.66,1.699,2744.27,2548.5,0.9287,False,,,scrapped_by_model,0.9999,1,1,0.9937,1,0.9982,1
CLM003637,POL004643,2024-03-15,2024-02-17,2019-03-24,2020-03-23,27,Nissan,Leaf,Estate,collision,roof,moderate,broker,third_party,False,True,True,1,102923,46,0,15,2023,31448.96,0.995,28933.04,2487.5,0.086,True,,,sent_to_garage,0.1863,0,0,0.0811,0,0.0826,0
CLM003639,POL004544,2024-08-28,2024-08-13,2012-04-19,2013-04-19,15,Volkswagen,Passat,Van,theft_damage,rear,moderate,direct,third_party_fire_theft,False,False,False,20,23053,57,1,6,2004,31492.74,1.063,3149.27,1913.4,0.6076,False,,,sent_to_garage,0.7028,0,1,0.7665,0,0.6471,0
CLM003642,POL000171,2023-01-31,2023-01-22,2012-05-12,2013-05-12,9,Toyota,RAV4,Hatchback,flood,front,moderate,broker,third_party,False,False,True,7,49128,41,1,7,2016,32870.74,0.89,14463.13,1780.0,0.1231,False,,,sent_to_garage,0.0524,0,0,0.051,0,0.0797,0
CLM003646,POL004269,2023-01-22,2023-01-01,2013-11-09,2014-11-09,21,Volkswagen,Golf,Estate,flood,rear,severe,broker,third_party,True,False,True,8,26914,52,2,1,2015,25429.03,0.984,9154.45,4428.0,0.4837,False,,,sent_to_garage,0.1295,0,0,0.1012,0,0.0914,0
CLM003650,POL004852,2022-04-05,2022-04-05,2013-07-08,2014-07-08,0,Honda,HR-V,Sedan,fire,roof,moderate,broker,comprehensive,False,True,True,4,119531,32,0,9,2018,25276.21,0.884,17187.82,2210.0,0.1286,False,,,sent_to_garage,0.455,0,0,0.0646,0,0.0939,0
CLM003651,POL001679,2022-05-25,2022-05-15,2017-12-14,2018-12-14,10,Nissan,Leaf,Van,vandalism,front,minor,direct,comprehensive,False,True,True,7,163893,52,0,2,2015,31482.23,0.972,13852.18,486.0,0.0351,False,,,sent_to_garage,0.0644,0,0,0.0346,0,0.0422,0
CLM003653,POL001747,2023-12-06,2023-11-19,2020-01-14,2021-01-13,17,Nissan,Juke,Van,flood,side,severe,online,third_party_fire_theft,False,True,True,0,145758,25,1,11,2023,19261.78,0.847,19261.78,3388.0,0.1759,True,,,sent_to_garage,0.5934,0,0,0.1305,0,0.3495,0
CLM003655,POL001794,2022-01-02,2021-12-18,2014-01-12,2015-01-12,15,Hyundai,i10,Van,theft_damage,roof,moderate,online,comprehensive,True,True,True,7,174346,27,0,12,2015,11594.33,0.756,5101.51,1890.0,0.3705,False,,,sent_to_garage,0.1313,0,0,0.0171,0,0.0748,0
CLM003657,POL000896,2024-05-24,2024-05-19,2020-01-14,2021-01-13,5,Volkswagen,Polo,Sedan,theft_damage,roof,moderate,phone,comprehensive,False,True,True,18,55781,58,2,13,2006,15692.06,0.905,1569.21,2262.5,1.4418,False,,,scrapped_by_model,0.9988,1,1,0.9854,0,0.9914,0
CLM003663,POL005026,2024-06-25,2024-06-16,2012-06-18,2013-06-18,9,Ford,Mondeo,Sedan,collision,front,minor,app,third_party_fire_theft,False,False,True,9,175403,52,0,7,2015,21888.6,0.838,6128.81,419.0,0.0684,False,,,sent_to_garage,0.0284,0,0,0.0655,0,0.0613,0
CLM003665,POL001358,2023-12-01,2023-11-16,2019-09-18,2020-09-17,15,Vauxhall,Insignia,SUV,fire,side,minor,phone,comprehensive,False,False,False,13,9446,49,0,12,2010,25633.76,0.869,2563.38,347.6,0.1356,False,,,sent_to_garage,0.1034,0,0,0.0782,0,0.1672,0
CLM003672,POL003450,2023-10-01,2023-09-16,2017-09-30,2018-09-30,15,Ford,Fiesta,Van,vandalism,rear,minor,direct,comprehensive,True,True,False,19,101386,51,1,18,2004,12328.75,0.747,1232.88,336.15,0.2727,False,,,sent_to_garage,0.0642,0,1,0.792,0,0.6707,0
CLM003673,POL001673,2023-12-14,2023-11-15,2018-03-26,2019-03-26,29,Volkswagen,Polo,Estate,vandalism,roof,minor,online,third_party,False,True,True,15,134283,41,0,12,2008,16324.85,0.907,1632.48,544.2,0.3334,False,,,sent_to_garage,0.0494,0,0,0.107,0,0.297,0
CLM003675,POL004465,2024-01-15,2024-01-11,2018-06-18,2019-06-18,4,Vauxhall,Insignia,Van,theft_damage,front,moderate,phone,comprehensive,False,True,False,17,10527,30,1,17,2007,24157.18,0.859,2415.72,1718.0,0.7112,False,,,sent_to_garage,0.2497,0,0,0.0109,0,0.0773,0
CLM003676,POL004960,2024-04-22,2024-04-10,2022-07-21,2023-07-21,12,Nissan,Leaf,SUV,theft_damage,front,moderate,online,comprehensive,False,True,True,15,112361,44,0,9,2009,31393.56,0.986,3139.36,1972.0,0.6282,False,,,sent_to_garage,0.5764,0,0,0.1913,0,0.236,0
CLM003679,POL001571,2022-12-16,2022-12-04,2021-09-22,2022-09-22,12,Vauxhall,Astra,Hatchback,flood,side,moderate,direct,comprehensive,False,True,True,1,115259,59,0,4,2021,17813.1,0.758,16388.05,1137.0,0.0694,False,,,sent_to_garage,0.0437,0,0,0.0152,0,0.0726,0
CLM003682,POL000966,2024-03-21,2024-03-12,2020-11-17,2021-11-17,9,Toyota,Camry,Sedan,theft_damage,multiple,minor,phone,third_party_fire_theft,False,True,True,10,19150,26,3,17,2014,30788.71,0.857,6157.74,685.6,0.1113,False,,,sent_to_garage,0.4237,0,0,0.1284,0,0.1787,0
CLM003684,POL002751,2023-09-19,2023-09-07,2023-07-31,2024-07-30,12,Vauxhall,Corsa,Van,vandalism,side,moderate,online,comprehensive,False,True,False,1,11632,59,2,17,2022,12762.93,0.682,11741.9,1023.0,0.0871,False,,,sent_to_garage,0.0264,0,0,0.0874,0,0.1022,0
CLM003685,POL001042,2024-05-27,2024-05-04,2012-05-26,2013-05-26,23,Ford,Focus,Hatchback,fire,side,moderate,app,third_party,False,False,True,1,17268,61,0,20,2023,18295.76,0.796,16832.1,1194.0,0.0709,False,,,sent_to_garage,0.2313,0,0,0.0212,0,0.0288,0
CLM003693,POL000521,2023-06-08,2023-05-19,2020-08-30,2021-08-30,20,Nissan,Qashqai,Van,theft_damage,roof,severe,direct,third_party_fire_theft,False,False,False,4,1038,35,2,13,2019,28297.64,0.924,19242.4,5544.0,0.2881,True,,,sent_to_garage,0.0493,0,0,0.0116,0,0.1519,0
CLM003694,POL003064,2022-12-03,2022-11-26,2012-04-07,2013-04-07,7,BMW,5 Series,Hatchback,vandalism,rear,minor,direct,third_party,True,True,False,15,113222,42,0,17,2007,46255.48,1.858,4625.55,836.1,0.1808,False,,,sent_to_garage,0.76,0,0,0.1112,0,0.2587,0
CLM003701,POL004988,2023-09-10,2023-09-09,2022-01-29,2023-01-29,1,Mercedes,E-Class,Sedan,theft_damage,rear,minor,direct,third_party,True,True,True,13,38265,34,0,11,2010,52350.73,1.988,5235.07,894.6,0.1709,False,,,sent_to_garage,0.1117,0,0,0.022,0,0.0175,0
CLM003707,POL001871,2022-06-22,2022-06-21,2017-12-13,2018-12-13,1,Vauxhall,Astra,Van,flood,front,moderate,phone,comprehensive,False,True,True,12,9950,48,0,9,2010,17107.21,0.728,1710.72,1456.0,0.8511,False,,,sent_to_garage,0.0336,0,0,0.0515,0,0.069,0
CLM003708,POL003784,2024-01-12,2023-12-24,2017-02-16,2018-02-16,19,Hyundai,i30,Hatchback,theft_damage,side,minor,app,third_party,False,False,True,4,138343,69,0,3,2020,19699.13,0.824,13395.41,329.6,0.0246,False,,,sent_to_garage,0.0418,0,0,0.0306,0,0.1115,0
CLM003713,POL006574,2023-03-14,2023-03-14,2015-08-07,2016-08-06,0,Vauxhall,Corsa,Van,theft_damage,rear,minor,online,comprehensive,False,False,True,13,99898,45,3,3,2010,12493.82,0.705,1249.38,317.25,0.2539,False,,,sent_to_garage,0.0299,0,1,0.9454,0,0.7004,0
CLM003719,POL005355,2023-03-12,2023-02-16,2012-11-29,2013-11-29,24,Honda,Civic,SUV,vandalism,multiple,moderate,broker,comprehensive,True,False,True,11,135155,47,0,17,2012,22825.19,0.905,2739.02,3167.5,1.1564,False,,,scrapped_by_model,0.9998,1,1,0.9986,1,0.9997,1
CLM003722,POL002908,2024-07-25,2024-07-01,2020-04-03,2021-04-03,24,Hyundai,i10,Sedan,vandalism,side,minor,direct,third_party_fire_theft,False,False,True,10,142553,18,0,19,2014,11879.03,0.729,2375.81,291.6,0.1227,False,,,sent_to_garage,0.2306,0,0,0.0138,0,0.018,0
CLM003723,POL004806,2024-11-01,2024-10-13,2015-10-05,2016-10-04,19,Nissan,Micra,Motorbike,theft_damage,roof,minor,phone,comprehensive,False,True,True,17,170051,29,0,7,2007,12917.67,0.803,1291.77,481.8,0.373,False,,,sent_to_garage,0.0979,0,0,0.0249,0,0.0912,0
CLM003724,POL002436,2024-12-15,2024-11-18,2023-03-31,2024-03-30,27,Nissan,Qashqai,Estate,flood,multiple,minor,direct,third_party_fire_theft,True,True,True,0,68049,37,1,7,2024,28935.54,0.91,28935.54,728.0,0.0252,True,,,sent_to_garage,0.5836,0,0,0.0679,0,0.2238,0
CLM003726,POL004514,2023-07-15,2023-07-13,2016-02-15,2017-02-14,2,Honda,Civic,Estate,fire,rear,moderate,direct,third_party,True,True,True,11,32651,48,0,17,2012,22825.19,0.905,2739.02,1629.0,0.5947,False,,,sent_to_garage,0.1118,0,0,0.0195,0,0.0912,0
CLM003727,POL005931,2024-02-02,2024-01-13,2022-08-20,2023-08-20,20,Nissan,Juke,Hatchback,collision,rear,minor,phone,comprehensive,False,False,True,7,193968,62,3,13,2017,20630.15,0.847,9077.27,381.15,0.042,False,,,sent_to_garage,0.7293,0,1,0.8338,0,0.8312,0
CLM003728,POL001406,2023-04-01,2023-03-29,2014-05-11,2015-05-11,3,Audi,A4,Sedan,flood,roof,minor,direct,third_party_fire_theft,True,True,True,12,98615,42,0,19,2011,39856.69,1.834,3985.67,1100.4,0.2761,False,,,sent_to_garage,0.0309,0,0,0.0644,0,0.0441,0
CLM003729,POL004007,2022-09-29,2022-09-21,2018-02-06,2019-02-06,8,BMW,X5,Estate,vandalism,side,minor,online,comprehensive,False,True,False,18,193779,81,1,18,2004,64241.58,2.028,6424.16,811.2,0.1263,False,,,sent_to_garage,0.2107,0,1,0.8771,0,0.7851,0
CLM003731,POL005389,2022-07-14,2022-06-14,2021-07-24,2022-07-24,30,Toyota,Yaris,Motorbike,flood,roof,minor,direct,comprehensive,False,False,True,18,106844,31,1,6,2004,15234.4,0.778,1523.44,466.8,0.3064,False,,,sent_to_garage,0.1467,0,1,0.7497,0,0.7146,0
CLM003733,POL003239,2023-06-26,2023-06-17,2015-04-21,2016-04-20,9,Nissan,Qashqai,Sedan,vandalism,rear,minor,direct,third_party_fire_theft,False,True,True,8,23554,34,0,5,2015,28820.41,0.919,10375.35,413.55,0.0399,False,,,sent_to_garage,0.1002,0,0,0.0212,0,0.1415,0
CLM003735,POL000945,2022-09-06,2022-08-30,2017-05-03,2018-05-03,7,Audi,A4,SUV,theft_damage,multiple,minor,broker,comprehensive,False,True,True,20,68612,50,2,20,2002,,,,,,False,,,sent_to_garage,0.6877,0,0,0.0833,0,0.1968,0
CLM003736,POL006208,2023-01-22,2023-01-05,2020-05-06,2021-05-06,17,Audi,Q3,Sedan,collision,rear,moderate,online,comprehensive,True,False,True,12,123226,52,0,9,2011,34371.72,1.8,3437.17,3240.0,0.9426,False,,,sent_to_garage,0.9984,0,0,0.1841,0,0.1825,0
CLM003737,POL001440,2023-07-03,2023-06-20,2020-11-23,2021-11-23,13,Audi,Q3,Sedan,vandalism,multiple,moderate,online,comprehensive,False,True,True,2,129215,17,0,5,2021,36673.72,1.776,30805.92,6216.0,0.2018,True,,,sent_to_garage,0.3765,0,1,0.9544,0,0.8277,0
CLM003739,POL004494,2023-10-10,2023-09-22,2015-11-26,2016-11-25,18,Toyota,RAV4,Hatchback,theft_damage,side,severe,app,third_party_fire_theft,False,True,True,11,187566,27,0,9,2012,33140.95,0.893,3976.91,3572.0,0.8982,False,,,scrapped_by_model,0.9992,1,1,0.9973,1,0.9753,0
CLM003741,POL001193,2024-06-07,2024-05-18,2012-05-06,2013-05-06,20,Volkswagen,Passat,Sedan,theft_damage,rear,severe,app,comprehensive,False,True,True,12,198348,26,0,15,2012,30755.89,1.053,3075.59,4738.5,1.5407,False,,,sent_to_garage,0.9983,0,1,0.9997,1,0.9994,1
CLM003746,POL004049,2022-03-13,2022-02-27,2015-08-04,2016-08-03,14,Audi,A4,Estate,vandalism,side,moderate,broker,third_party,True,True,True,10,137734,53,0,19,2012,38918.14,1.797,7783.63,2695.5,0.3463,False,,,sent_to_garage,0.083,0,1,0.5473,0,0.1671,0
CLM003753,POL002546,2024-01-06,2023-12-08,2020-04-09,2021-04-09,29,Honda,HR-V,Sedan,collision,rear,minor,app,comprehensive,True,False,True,3,32457,34,1,15,2021,24038.32,0.906,18269.12,407.7,0.0223,True,,,sent_to_garage,0.0832,0,0,0.0497,0,0.0993,0
CLM003754,POL004243,2023-02-17,2023-01-28,2019-08-21,2020-08-20,20,Mercedes,GLC,Estate,flood,front,minor,direct,comprehensive,False,False,True,4,74993,48,2,5,2019,50139.33,1.936,34094.74,968.0,0.0284,True,,,sent_to_garage,0.0398,0,1,0.6316,0,0.1452,0
CLM003759,POL005240,2022-05-20,2022-05-20,2017-05-07,2018-05-07,0,Vauxhall,Corsa,Sedan,vandalism,multiple,moderate,broker,comprehensive,False,True,True,20,143394,24,0,20,2002,,,,,,False,,,sent_to_garage,0.4387,0,1,0.9582,0,0.8842,0
CLM003763,POL000500,2023-04-11,2023-03-15,2022-11-29,2023-11-29,27,Vauxhall,Insignia,Van,collision,roof,minor,broker,third_party_fire_theft,False,True,False,16,49770,39,0,15,2007,24157.18,0.859,2415.72,515.4,0.2134,False,,,sent_to_garage,0.1364,0,0,0.0598,0,0.112,0
CLM003764,POL001405,2023-06-24,2023-06-23,2015-12-16,2016-12-15,1,Toyota,RAV4,Motorbike,vandalism,side,minor,app,third_party,True,True,True,19,114224,47,1,12,2004,32064.88,0.916,3206.49,366.4,0.1143,False,,,sent_to_garage,0.013,0,0,0.1241,0,0.1165,0
CLM003768,POL001903,2024-07-17,2024-07-09,2022-05-14,2023-05-14,8,Mercedes,A-Class,Sedan,vandalism,rear,moderate,online,third_party,False,True,False,13,63735,17,0,15,2011,30188.0,1.749,3018.8,3148.2,1.0429,False,,,sent_to_garage,0.9985,0,1,0.9986,1,0.985,0
CLM003769,POL003739,2022-11-08,2022-10-25,2022-08-01,2023-08-01,14,Nissan,Leaf,SUV,fire,rear,minor,direct,third_party_fire_theft,False,True,True,7,67990,46,1,2,2015,31482.23,0.972,13852.18,437.4,0.0316,False,,,sent_to_garage,0.135,0,0,0.0204,0,0.0802,0
CLM003771,POL005465,2023-12-25,2023-11-28,2022-12-31,2023-12-31,27,Honda,CR-V,Van,flood,roof,severe,phone,comprehensive,False,False,False,6,93922,41,0,2,2017,29674.48,0.911,15430.73,5466.0,0.3542,False,,,sent_to_garage,0.1713,0,0,0.0244,0,0.1455,0
CLM003773,POL003844,2022-10-26,2022-10-08,2018-05-08,2019-05-08,18,Volkswagen,Polo,Van,fire,roof,minor,online,comprehensive,False,False,False,6,62306,38,0,7,2016,16751.7,0.926,8710.88,555.6,0.0638,False,,,sent_to_garage,0.1262,0,1,0.6737,0,0.2799,0
CLM003774,POL004618,2024-10-18,2024-09-27,2023-05-12,2024-05-11,21,Volkswagen,Polo,Motorbike,flood,rear,minor,online,third_party_fire_theft,False,True,True,2,185814,29,0,13,2022,16764.67,0.895,14082.32,402.75,0.0286,False,,,sent_to_garage,0.0778,0,1,0.803,0,0.3674,0
CLM003775,POL004475,2023-04-12,2023-04-12,2022-04-28,2023-04-28,0,Audi,A4,Estate,fire,front,moderate,phone,comprehensive,False,True,True,9,188039,42,0,4,2014,37397.27,1.751,10471.24,3502.0,0.3344,False,,,sent_to_garage,0.652,0,1,0.7094,0,0.6053,0
CLM003778,POL000442,2023-03-01,2023-02-27,2017-02-19,2018-02-19,2,Vauxhall,Insignia,Estate,collision,rear,minor,direct,comprehensive,False,True,True,16,42299,29,0,3,2007,24157.18,0.859,2415.72,386.55,0.16,False,,,sent_to_garage,0.2192,0,0,0.0242,0,0.0894,0
CLM003788,POL000723,2023-03-08,2023-03-02,2012-06-22,2013-06-22,6,Honda,Civic,SUV,collision,roof,minor,broker,third_party,False,True,True,12,157656,54,0,11,2011,21887.2,0.874,2188.72,524.4,0.2396,False,,,sent_to_garage,0.0612,0,0,0.0429,0,0.0933,0
CLM003789,POL001971,2024-10-28,2024-10-12,2020-07-07,2021-07-07,16,Mercedes,A-Class,Motorbike,vandalism,rear,moderate,online,comprehensive,False,True,False,7,50939,26,1,13,2017,29311.03,1.763,12896.85,3173.4,0.2461,False,,,sent_to_garage,0.0577,0,0,0.0658,0,0.0812,0
CLM003791,POL001252,2022-03-12,2022-03-08,2014-02-26,2015-02-26,4,BMW,5 Series,Sedan,fire,rear,moderate,online,comprehensive,True,False,True,10,187413,53,0,5,2012,44900.45,1.891,8980.09,3403.8,0.379,False,,,sent_to_garage,0.3891,0,0,0.0479,0,0.1176,0
CLM003795,POL003176,2022-04-22,2022-03-31,2017-10-28,2018-10-28,22,Volkswagen,Polo,Van,theft_damage,rear,minor,broker,comprehensive,False,False,True,14,171833,34,0,7,2008,16324.85,0.907,1632.48,408.15,0.25,False,,,sent_to_garage,0.4699,0,0,0.0524,0,0.2417,0
CLM003797,POL003665,2024-01-19,2024-01-15,2022-09-01,2023-09-01,4,Nissan,Qashqai,Sedan,theft_damage,roof,severe,direct,comprehensive,False,True,True,7,71239,42,1,20,2017,29091.72,0.89,12800.36,5340.0,0.4172,False,,,sent_to_garage,0.3251,0,0,0.0567,0,0.2163,0
CLM003799,POL002345,2023-05-03,2023-04-06,2023-03-12,2024-03-11,27,Volkswagen,Golf,Estate,theft_damage,front,severe,direct,comprehensive,False,True,False,3,81972,52,1,18,2020,24218.98,0.975,18406.42,4875.0,0.2649,True,,,sent_to_garage,0.6297,0,0,0.0349,0,0.304,0
CLM003800,POL001545,2024-07-25,2024-07-12,2022-01-21,2023-01-21,13,Nissan,Qashqai,Motorbike,vandalism,side,moderate,app,comprehensive,False,True,False,11,55793,80,2,12,2013,28146.06,0.918,3377.53,1377.0,0.4077,False,,,sent_to_garage,0.0863,0,0,0.0732,0,0.0704,0
CLM003803,POL001764,2022-04-24,2022-04-09,2020-06-23,2021-06-23,15,Toyota,RAV4,Sedan,theft_damage,multiple,minor,broker,comprehensive,True,True,True,19,55556,46,2,2,2003,,,,,,False,,,sent_to_garage,0.7499,0,1,0.7805,0,0.778,0
CLM003809,POL005376,2024-11-26,2024-10-27,2015-11-30,2016-11-29,30,BMW,1 Series,Motorbike,theft_damage,multiple,minor,online,third_party,False,True,True,2,86999,42,1,8,2022,28288.7,1.691,23762.51,1352.8,0.0569,True,,,sent_to_garage,0.2279,0,0,0.1812,0,0.2541,0
CLM003812,POL000777,2022-06-07,2022-06-01,2016-10-21,2017-10-21,6,Mercedes,A-Class,Hatchback,collision,front,moderate,broker,third_party,False,True,True,17,72829,42,0,7,2005,30980.37,1.846,3098.04,3692.0,1.1917,False,,,scrapped_by_model,0.9997,1,1,0.999,1,0.9995,1
CLM003815,POL002434,2024-01-22,2023-12-23,2014-04-13,2015-04-13,30,BMW,X3,Hatchback,collision,side,severe,phone,third_party,False,False,True,2,124582,22,0,20,2022,47348.12,1.829,39772.42,7316.0,0.1839,True,,,sent_to_garage,0.6695,0,1,0.9343,0,0.8864,0
CLM003816,POL002204,2023-04-25,2023-03-29,2017-05-29,2018-05-29,27,BMW,X5,Sedan,theft_damage,multiple,minor,app,third_party_fire_theft,False,False,False,16,10210,73,0,19,2007,64196.34,2.058,6419.63,1646.4,0.2565,False,,,sent_to_garage,0.2069,0,0,0.0172,0,0.0733,0
CLM003822,POL003545,2024-01-16,2024-01-02,2019-09-28,2020-09-27,14,Audi,A3,Estate,flood,rear,moderate,online,third_party,False,True,True,19,7508,21,1,0,2005,28980.94,1.787,2898.09,3216.6,1.1099,False,,,sent_to_garage,0.9974,0,1,0.9949,1,0.9886,0
CLM003824,POL000176,2023-08-30,2023-08-19,2019-06-17,2020-06-16,11,Hyundai,i30,Van,collision,side,moderate,broker,third_party_fire_theft,False,True,False,12,33043,27,2,17,2011,20771.41,0.806,2077.14,1209.0,0.5821,False,,,sent_to_garage,0.3125,0,0,0.0572,0,0.0847,0
CLM003826,POL003078,2024-04-12,2024-03-30,2017-08-02,2018-08-02,13,Nissan,Qashqai,Estate,flood,front,severe,online,comprehensive,False,True,True,12,60987,29,2,15,2012,27740.61,0.904,2774.06,4520.0,1.6294,False,,,scrapped_by_model,0.9996,1,1,0.9989,1,0.9998,1
CLM003830,POL003526,2024-11-13,2024-10-21,2013-09-25,2014-09-25,23,Hyundai,Tucson,Motorbike,theft_damage,multiple,minor,broker,comprehensive,False,True,False,8,36896,27,0,12,2016,28997.95,0.858,10439.26,686.4,0.0658,False,,,sent_to_garage,0.1418,0,0,0.1112,0,0.1288,0
CLM003831,POL002688,2022-08-09,2022-07-12,2019-05-22,2020-05-21,28,Honda,HR-V,Estate,collision,rear,severe,app,comprehensive,False,False,False,8,187086,23,0,16,2014,24190.35,0.88,8708.53,3960.0,0.4547,False,,,sent_to_garage,0.2654,0,0,0.1121,0,0.2708,0
CLM003832,POL003507,2023-05-07,2023-04-24,2012-07-31,2013-07-31,13,Vauxhall,Astra,Hatchback,fire,multiple,minor,app,comprehensive,True,False,False,7,69742,46,2,11,2016,17630.56,0.757,7757.45,605.6,0.0781,False,,,sent_to_garage,0.2991,0,0,0.0868,0,0.1939,0
CLM003834,POL002655,2023-02-25,2023-02-17,2017-07-12,2018-07-12,8,BMW,3 Series,Hatchback,flood,rear,severe,phone,third_party,True,False,True,2,62250,43,1,0,2021,33422.39,1.786,28074.81,8037.0,0.2863,True,,,sent_to_garage,0.5092,0,1,0.8867,0,0.6411,0
CLM003836,POL002484,2022-01-03,2021-12-30,2017-05-02,2018-05-02,4,Toyota,Camry,Estate,fire,rear,minor,online,third_party_fire_theft,False,True,False,5,150183,44,0,15,2017,29947.72,0.894,17968.63,402.3,0.0224,True,,,sent_to_garage,0.2693,0,1,0.8936,0,0.6747,0
CLM003837,POL003872,2023-07-14,2023-06-28,2013-04-22,2014-04-22,16,Mercedes,E-Class,Sedan,theft_damage,front,minor,online,third_party_fire_theft,False,True,True,14,121005,35,1,2,2009,52181.47,2.05,5218.15,1025.0,0.1964,False,,,sent_to_garage,0.7357,0,1,0.6095,0,0.6273,0
CLM003838,POL000226,2024-11-06,2024-11-06,2015-06-05,2016-06-04,0,Honda,Civic,Van,theft_damage,multiple,moderate,direct,comprehensive,False,False,True,12,35061,61,0,14,2012,22825.19,0.905,2282.52,3167.5,1.3877,False,,,scrapped_by_model,0.9995,1,1,0.9943,1,0.9924,0
CLM003842,POL003630,2022-09-03,2022-08-29,2014-09-16,2015-09-16,5,Vauxhall,Mokka,Sedan,theft_damage,rear,moderate,online,comprehensive,True,True,False,20,49392,37,0,14,2002,,,,,,False,,,sent_to_garage,0.2039,0,0,0.1174,0,0.1472,0
CLM003843,POL003686,2024-11-16,2024-10-31,2012-06-19,2013-06-19,16,Audi,Q5,Sedan,flood,front,minor,app,comprehensive,True,False,True,20,87984,46,3,20,2004,44051.94,1.823,4405.19,911.5,0.2069,False,,,sent_to_garage,0.3779,0,0,0.1012,0,0.2632,0
CLM003844,POL003434,2022-04-15,2022-03-25,2014-10-11,2015-10-11,21,Audi,A3,Motorbike,vandalism,rear,severe,broker,comprehensive,False,False,False,18,138452,36,1,9,2004,28995.93,1.724,2899.59,7758.0,2.0,False,,,scrapped_by_model,0.9999,1,1,0.9997,1,0.9999,1
CLM003845,POL005872,2024-08-03,2024-07-26,2024-01-13,2025-01-12,8,BMW,1 Series,Hatchback,fire,front,moderate,app,third_party,True,True,False,18,162357,43,0,4,2006,28603.14,1.724,2860.31,3448.0,1.2055,False,,,scrapped_by_model,0.9999,1,1,0.9998,1,0.9998,1
CLM003846,POL002871,2022-08-03,2022-07-09,2020-08-02,2021-08-02,25,Volkswagen,Tiguan,Hatchback,fire,side,severe,online,comprehensive,False,True,True,7,39757,36,0,1,2015,33974.57,1.087,14948.81,4348.0,0.2909,False,,,sent_to_garage,0.4667,0,0,0.0636,0,0.3528,0
CLM003847,POL004136,2024-07-25,2024-07-13,2020-04-12,2021-04-12,12,Honda,CR-V,Estate,theft_damage,side,minor,online,third_party,False,True,True,8,190160,46,1,12,2016,31280.31,0.944,11260.91,377.6,0.0335,False,,,sent_to_garage,0.1331,0,0,0.083,0,0.1498,0
CLM003848,POL003984,2022-10-06,2022-09-14,2021-12-06,2022-12-06,22,Nissan,Juke,Motorbike,collision,rear,severe,direct,comprehensive,False,True,True,17,100013,48,0,10,2005,20789.38,0.838,2078.94,3771.0,1.8139,False,,,scrapped_by_model,1.0,1,1,0.9996,1,0.9998,1
CLM003849,POL001335,2023-12-18,2023-12-02,2014-02-10,2015-02-10,16,Vauxhall,Corsa,Hatchback,theft_damage,roof,severe,broker,third_party,False,True,True,1,164254,43,1,16,2022,12762.93,0.682,11741.9,4092.0,0.3485,False,,,sent_to_garage,0.4978,0,1,0.9315,0,0.6449,0
CLM003851,POL002395,2024-12-06,2024-11-06,2022-04-07,2023-04-07,30,Nissan,Qashqai,Estate,fire,side,severe,app,comprehensive,False,True,True,7,124552,68,0,13,2017,29091.72,0.89,12800.36,3560.0,0.2781,False,,,sent_to_garage,0.8221,0,0,0.192,0,0.5051,0
CLM003853,POL002071,2023-03-06,2023-02-16,2016-11-10,2017-11-10,18,Vauxhall,Corsa,Estate,flood,rear,severe,broker,third_party_fire_theft,False,True,False,12,33379,53,1,12,2011,12664.13,0.703,1266.41,3163.5,2.0,False,,,sent_to_garage,0.9978,0,1,0.9955,1,0.9991,1
CLM003856,POL001242,2022-09-24,2022-09-16,2014-05-27,2015-05-27,8,Ford,Mondeo,Hatchback,vandalism,rear,minor,app,third_party_fire_theft,True,False,False,2,78905,56,2,13,2020,22568.74,0.861,18957.74,387.45,0.0204,True,,,sent_to_garage,0.05,0,0,0.0601,0,0.1008,0
CLM003858,POL002471,2022-06-12,2022-06-08,2017-05-03,2018-05-03,4,Hyundai,i20,Hatchback,flood,rear,moderate,phone,comprehensive,True,True,True,18,125397,54,0,17,2004,16391.63,0.795,1639.16,1431.0,0.873,False,,,sent_to_garage,0.9794,0,1,0.948,0,0.9588,0
CLM003860,POL000460,2023-07-02,2023-06-28,2019-11-06,2020-11-05,4,Hyundai,Tucson,Motorbike,flood,rear,minor,app,third_party,True,True,False,0,163462,28,1,19,2023,26978.22,0.89,26978.22,400.5,0.0148,True,,,sent_to_garage,0.0667,0,0,0.0358,0,0.0781,0
CLM003862,POL000160,2023-02-04,2023-01-08,2016-05-09,2017-05-09,27,Vauxhall,Corsa,Motorbike,theft_damage,side,minor,online,comprehensive,True,True,True,10,63906,61,1,17,2013,12356.16,0.715,2471.23,286.0,0.1157,False,,,sent_to_garage,0.0697,0,0,0.0122,0,0.0144,0
CLM003869,POL003502,2023-07-11,2023-07-10,2013-04-02,2014-04-02,1,Vauxhall,Corsa,Motorbike,theft_damage,side,moderate,online,comprehensive,False,True,False,2,95059,47,1,14,2021,12631.26,0.696,10610.26,1044.0,0.0984,False,,,sent_to_garage,0.0167,0,1,0.7842,0,0.5176,0
CLM003870,POL002638,2023-12-25,2023-12-06,2014-05-07,2015-05-07,19,Ford,Mondeo,Motorbike,flood,rear,severe,direct,comprehensive,False,False,True,17,96210,44,0,13,2006,21254.8,0.85,2125.48,3825.0,1.7996,False,,,scrapped_by_model,0.9999,1,1,0.9999,1,1.0,1
CLM003874,POL000677,2024-01-22,2023-12-29,2012-06-12,2013-06-12,24,Audi,Q3,SUV,fire,multiple,severe,app,comprehensive,False,False,False,16,173620,59,0,16,2008,35147.28,1.771,3514.73,14168.0,2.0,False,,,scrapped_by_model,0.9999,1,1,0.9999,1,1.0,1
CLM003875,POL006919,2023-10-24,2023-10-16,2022-12-09,2023-12-09,8,Ford,Transit,SUV,theft_damage,rear,minor,direct,comprehensive,False,True,False,15,95240,54,0,7,2008,29805.29,0.978,2980.53,440.1,0.1477,False,,,sent_to_garage,0.1693,0,0,0.073,0,0.1017,0
CLM003876,POL002329,2024-12-27,2024-12-10,2013-12-15,2014-12-15,17,Honda,CR-V,Motorbike,vandalism,front,moderate,online,third_party_fire_theft,False,True,False,1,156307,29,0,20,2023,30669.34,0.914,28215.79,1828.0,0.0648,True,,,sent_to_garage,0.1912,0,0,0.0265,0,0.192,0
CLM003879,POL000113,2022-10-27,2022-10-08,2018-05-16,2019-05-16,19,Mercedes,C-Class,Estate,vandalism,side,minor,broker,third_party_fire_theft,False,False,True,1,88566,37,2,7,2021,40536.94,1.892,37293.98,756.8,0.0203,True,,,sent_to_garage,0.0887,0,0,0.0086,0,0.0233,0
CLM003880,POL002364,2022-07-05,2022-07-03,2017-11-01,2018-11-01,2,Mercedes,GLC,Hatchback,flood,front,minor,online,third_party,False,False,True,12,147060,32,1,20,2010,46734.53,1.897,4673.45,948.5,0.203,False,,,sent_to_garage,0.0968,0,0,0.0368,0,0.0592,0
CLM003895,POL005222,2023-03-18,2023-03-08,2016-11-12,2017-11-12,10,Volkswagen,Tiguan,Sedan,flood,side,severe,direct,third_party,True,False,True,14,172678,67,0,14,2009,33610.51,1.07,3361.05,4280.0,1.2734,False,,,sent_to_garage,0.996,0,1,0.9991,1,0.9992,1
CLM003901,POL000810,2022-10-19,2022-10-10,2020-06-11,2021-06-11,9,Vauxhall,Insignia,Van,flood,side,severe,app,comprehensive,False,False,True,1,104902,77,1,4,2021,23929.56,0.832,22015.2,3328.0,0.1512,True,,,sent_to_garage,0.4255,0,1,0.85,0,0.741,0
CLM003902,POL004576,2023-09-11,2023-08-15,2014-04-04,2015-04-04,27,Hyundai,i10,SUV,theft_damage,multiple,severe,online,third_party,False,False,False,2,79110,51,0,9,2021,12311.96,0.733,10342.05,5864.0,0.567,False,,,sent_to_garage,0.7975,0,1,0.9539,0,0.8848,0
CLM003903,POL003981,2024-02-19,2024-02-08,2021-09-28,2022-09-28,11,Nissan,Micra,Hatchback,vandalism,side,minor,app,comprehensive,False,True,False,20,1566,17,0,14,2004,13567.67,0.765,1356.77,306.0,0.2255,False,,,sent_to_garage,0.5949,0,0,0.0031,0,0.0405,0
CLM003908,POL004977,2024-12-05,2024-11-09,2014-05-29,2015-05-29,26,Ford,Fiesta,Hatchback,fire,multiple,minor,broker,comprehensive,False,False,True,5,150738,51,0,12,2019,12293.71,0.771,7376.23,616.8,0.0836,False,,,sent_to_garage,0.601,0,0,0.1131,0,0.2417,0
CLM003910,POL004630,2023-08-09,2023-07-21,2013-04-20,2014-04-20,19,Volkswagen,Tiguan,Estate,theft_damage,rear,minor,online,third_party_fire_theft,False,False,True,1,66982,49,1,15,2022,34161.22,1.088,31428.32,489.6,0.0156,True,,,sent_to_garage,0.0106,0,0,0.0144,0,0.0093,0
CLM003911,POL002888,2022-10-23,2022-09-28,2021-02-06,2022-02-06,25,BMW,3 Series,Hatchback,vandalism,rear,severe,app,comprehensive,True,False,True,9,49799,65,0,3,2013,33443.88,1.765,9364.29,7942.5,0.8482,False,,,sent_to_garage,0.9034,0,1,0.9691,0,0.9295,0
CLM003914,POL002182,2022-10-22,2022-10-17,2018-05-07,2019-05-07,5,Mercedes,A-Class,Sedan,collision,rear,severe,broker,comprehensive,True,False,True,19,156313,64,2,14,2003,,,,,,False,,,sent_to_garage,0.9949,0,0,0.0983,0,0.4434,0
CLM003918,POL003077,2022-11-22,2022-10-30,2013-10-16,2014-10-16,23,Nissan,Juke,Sedan,theft_damage,front,minor,broker,third_party,False,True,False,9,186103,73,1,15,2013,19616.67,0.831,5492.67,415.5,0.0756,False,,,sent_to_garage,0.0489,0,0,0.0152,0,0.071,0
CLM003926,POL003163,2022-10-13,2022-10-04,2014-06-16,2015-06-16,9,Volkswagen,Golf,Van,fire,multiple,minor,broker,comprehensive,False,False,False,3,129467,35,2,14,2019,24437.06,1.023,18572.17,818.4,0.0441,True,,,sent_to_garage,0.0439,0,0,0.104,0,0.2477,0
CLM003927,POL003031,2023-01-05,2022-12-23,2018-06-06,2019-06-06,13,Honda,Jazz,Estate,collision,side,minor,phone,third_party_fire_theft,False,True,True,18,81831,85,1,2,2005,15937.93,0.846,1593.79,338.4,0.2123,False,,,sent_to_garage,0.1703,0,0,0.0589,0,0.0816,0
CLM003933,POL002881,2024-07-07,2024-06-26,2024-05-16,2025-05-16,11,Volkswagen,Golf,Estate,fire,multiple,severe,direct,third_party,True,True,True,5,44465,29,1,2,2019,24437.06,1.023,14662.24,8184.0,0.5582,False,,,sent_to_garage,0.7592,0,1,0.972,0,0.8973,0
CLM003934,POL000204,2022-06-26,2022-06-15,2018-08-03,2019-08-03,11,Volkswagen,Passat,Van,theft_damage,multiple,minor,online,comprehensive,True,False,False,13,121,58,1,4,2009,28553.01,1.047,2855.3,837.6,0.2933,False,,,sent_to_garage,0.3511,0,0,0.0295,0,0.1613,0
CLM003935,POL002807,2024-02-09,2024-01-20,2017-07-20,2018-07-20,20,Volkswagen,Passat,Hatchback,fire,front,moderate,broker,third_party_fire_theft,False,False,True,9,114416,31,1,19,2015,31227.19,1.052,8743.61,2104.0,0.2406,False,,,sent_to_garage,0.3905,0,0,0.0454,0,0.1157,0
CLM003937,POL001936,2023-11-09,2023-10-23,2013-06-21,2014-06-21,17,Hyundai,i10,Hatchback,collision,rear,severe,direct,comprehensive,False,True,True,6,45615,33,1,6,2017,12500.87,0.766,6500.45,3447.0,0.5303,False,,,sent_to_garage,0.1957,0,1,0.9226,0,0.6169,0
CLM003941,POL000413,2023-04-21,2023-03-23,2021-01-18,2022-01-18,29,Mercedes,E-Class,Estate,collision,multiple,minor,phone,comprehensive,False,False,True,1,183474,56,1,1,2022,51773.3,1.986,47631.44,1588.8,0.0334,True,,,sent_to_garage,0.5698,0,0,0.0426,0,0.2579,0
CLM003942,POL001049,2022-12-21,2022-11-28,2016-09-14,2017-09-14,23,Nissan,Qashqai,Hatchback,flood,rear,severe,online,comprehensive,False,False,False,6,66059,46,1,10,2016,29385.51,0.92,15280.47,4140.0,0.2709,False,,,sent_to_garage,0.6074,0,0,0.0377,0,0.3844,0
CLM003943,POL001078,2022-06-25,2022-06-13,2012-08-01,2013-08-01,12,Honda,CR-V,SUV,fire,front,severe,app,third_party_fire_theft,True,True,True,18,62603,55,2,14,2004,28632.53,0.915,2863.25,4575.0,1.5978,False,,,scrapped_by_model,0.9998,1,1,0.9998,1,0.9997,1
CLM003946,POL004979,2024-06-19,2024-05-23,2016-03-18,2017-03-18,27,Hyundai,i30,Estate,collision,rear,moderate,broker,third_party,False,False,False,9,35201,34,1,14,2015,20420.03,0.827,5717.61,1488.6,0.2604,False,,,sent_to_garage,0.2865,0,0,0.1574,0,0.0827,0
CLM003951,POL002403,2024-12-23,2024-12-04,2015-02-23,2016-02-23,19,Nissan,Leaf,Van,collision,roof,moderate,broker,comprehensive,False,True,True,19,51056,55,0,17,2005,30935.96,0.986,3093.6,2465.0,0.7968,False,,,sent_to_garage,0.2672,0,1,0.8372,0,0.8816,0
CLM003955,POL000390,2024-10-29,2024-10-19,2022-03-17,2023-03-17,10,Toyota,Yaris,Van,collision,rear,minor,app,third_party_fire_theft,False,False,True,6,136362,54,0,0,2018,14331.75,0.806,7452.51,362.7,0.0487,False,,,sent_to_garage,0.0334,0,0,0.0696,0,0.0583,0
CLM003957,POL006507,2023-02-14,2023-02-13,2021-09-21,2022-09-21,1,Toyota,Corolla,Estate,flood,rear,moderate,app,third_party_fire_theft,False,True,True,12,129838,29,0,15,2011,21841.39,0.856,2184.14,1540.8,0.7054,False,,,sent_to_garage,0.0477,0,0,0.0347,0,0.0711,0
CLM003960,POL002236,2023-12-22,2023-11-23,2014-09-18,2015-09-18,29,Honda,Jazz,SUV,flood,roof,severe,broker,third_party_fire_theft,False,False,True,4,24026,55,3,10,2019,15434.98,0.868,10495.79,5208.0,0.4962,False,,,sent_to_garage,0.3156,0,1,0.8703,0,0.8431,0
CLM003961,POL001782,2022-01-15,2021-12-21,2014-05-12,2015-05-12,25,Ford,Kuga,Motorbike,collision,roof,minor,phone,comprehensive,True,True,False,2,36140,55,1,11,2020,28635.58,0.915,24053.89,549.0,0.0228,True,,,sent_to_garage,0.0257,0,1,0.7651,0,0.3005,0
CLM003978,POL000788,2024-06-10,2024-05-24,2018-08-02,2019-08-02,17,Nissan,Qashqai,Motorbike,vandalism,rear,moderate,app,comprehensive,False,False,True,3,4374,30,2,16,2021,27429.64,0.882,20846.53,1587.6,0.0762,True,,,sent_to_garage,0.0566,0,0,0.0422,0,0.0408,0
CLM003979,POL002787,2024-03-17,2024-03-06,2012-12-27,2013-12-27,11,Ford,Mondeo,Hatchback,vandalism,roof,moderate,broker,comprehensive,True,True,False,2,180238,42,2,0,2022,22185.02,0.858,18635.42,2145.0,0.1151,True,,,sent_to_garage,0.1831,0,0,0.0855,0,0.0721,0
CLM003981,POL000494,2023-04-08,2023-03-28,2020-09-26,2021-09-26,11,Mercedes,GLC,Estate,fire,roof,moderate,online,comprehensive,True,True,True,9,178259,65,1,3,2014,48604.75,1.915,13609.33,4787.5,0.3518,False,,,sent_to_garage,0.5015,0,0,0.1327,0,0.1571,0
CLM003982,POL002491,2024-04-15,2024-04-03,2012-09-25,2013-09-25,12,Volkswagen,Tiguan,Van,collision,front,moderate,phone,comprehensive,False,False,False,9,14096,35,0,15,2015,33974.57,1.087,9512.88,2174.0,0.2285,False,,,sent_to_garage,0.289,0,0,0.0063,0,0.1036,0
CLM003983,POL003283,2022-02-18,2022-01-25,2018-01-19,2019-01-19,24,Hyundai,i20,Van,vandalism,rear,severe,phone,comprehensive,False,True,False,4,36830,51,2,3,2018,16600.86,0.77,11288.58,3465.0,0.3069,False,,,sent_to_garage,0.2651,0,1,0.792,0,0.6565,0
CLM003986,POL000406,2023-09-18,2023-08-29,2019-11-03,2020-11-02,20,Honda,HR-V,Hatchback,vandalism,side,minor,app,comprehensive,False,True,True,17,84586,64,2,15,2006,25986.28,0.908,2598.63,363.2,0.1398,False,,,sent_to_garage,0.3514,0,0,0.2148,0,0.1485,0
CLM003987,POL001244,2022-01-04,2022-01-04,2015-12-04,2016-12-03,0,Toyota,Corolla,Van,vandalism,side,severe,online,third_party_fire_theft,False,True,False,2,109920,62,0,19,2020,22632.35,0.853,19011.17,3412.0,0.1795,True,,,sent_to_garage,0.2708,0,0,0.0979,0,0.206,0
CLM003992,POL002390,2023-03-30,2023-03-30,2016-04-12,2017-04-12,0,Hyundai,i30,SUV,theft_damage,side,moderate,direct,comprehensive,False,False,True,5,161629,37,1,14,2018,20280.88,0.805,12168.53,1207.5,0.0992,False,,,sent_to_garage,0.1549,0,1,0.727,0,0.5144,0
CLM003995,POL001343,2024-04-06,2024-03-11,2019-07-08,2020-07-07,26,Honda,CR-V,Van,fire,side,moderate,app,comprehensive,True,True,False,15,125288,18,1,8,2009,31412.65,0.913,3141.27,1369.5,0.436,False,,,sent_to_garage,0.6686,0,1,0.8995,0,0.9008,0
CLM003998,POL002560,2023-05-17,2023-05-11,2017-11-21,2018-11-21,6,Ford,Focus,Sedan,vandalism,side,moderate,app,comprehensive,False,True,True,16,181691,48,2,20,2007,18328.49,0.783,1832.85,1174.5,0.6408,False,,,sent_to_garage,0.7812,0,0,0.0726,0,0.2111,0
CLM004001,POL004044,2024-04-15,2024-04-13,2015-08-20,2016-08-19,2,Audi,A6,Estate,collision,side,minor,broker,comprehensive,False,False,True,14,58062,40,0,12,2010,49883.94,1.928,4988.39,771.2,0.1546,False,,,sent_to_garage,0.2229,0,0,0.0095,0,0.0516,0
CLM004005,POL003041,2024-01-06,2024-01-01,2012-12-01,2013-12-01,5,Toyota,RAV4,Estate,collision,side,moderate,phone,comprehensive,True,False,True,3,190653,60,1,0,2021,30930.9,0.918,23507.48,1377.0,0.0586,True,,,sent_to_garage,0.7838,0,0,0.0324,0,0.1368,0
CLM004008,POL000861,2024-12-01,2024-11-02,2012-05-08,2013-05-08,29,Toyota,Camry,Sedan,vandalism,multiple,moderate,online,comprehensive,True,False,True,6,69347,42,1,9,2018,31056.05,0.88,16149.15,3080.0,0.1907,False,,,sent_to_garage,0.1068,0,0,0.046,0,0.1568,0
CLM004016,POL003096,2024-03-03,2024-02-18,2023-06-14,2024-06-13,14,Vauxhall,Mokka,Estate,theft_damage,roof,severe,online,comprehensive,True,False,True,14,177443,60,1,19,2010,22789.76,0.82,2278.98,4920.0,2.0,False,,,scrapped_by_model,0.9988,1,1,0.9994,1,0.9997,1
CLM004018,POL002557,2022-11-15,2022-10-27,2017-02-21,2018-02-21,19,Honda,Jazz,Van,collision,roof,moderate,phone,comprehensive,False,True,True,13,20180,24,1,9,2009,15866.67,0.841,1586.67,2102.5,1.3251,False,,,scrapped_by_model,0.9988,1,1,0.9994,1,0.9981,1
CLM004021,POL001252,2022-01-05,2021-12-27,2017-05-08,2018-05-08,9,Hyundai,Tucson,Hatchback,flood,roof,severe,phone,comprehensive,False,True,True,3,73217,43,0,4,2019,29147.43,0.869,22152.05,5214.0,0.2354,True,,,sent_to_garage,0.1472,0,1,0.8372,0,0.3511,0
CLM004022,POL001092,2024-08-06,2024-08-05,2017-08-04,2018-08-04,1,Audi,A6,Sedan,flood,side,moderate,phone,third_party_fire_theft,False,False,False,9,25789,46,0,9,2015,48296.73,1.925,13523.08,2887.5,0.2135,False,,,sent_to_garage,0.058,0,1,0.674,0,0.5382,0
CLM004025,POL004498,2022-10-04,2022-09-09,2017-06-12,2018-06-12,25,Audi,Q3,SUV,flood,side,minor,phone,comprehensive,False,True,True,7,188458,25,0,0,2015,34803.8,1.796,15313.67,718.4,0.0469,False,,,sent_to_garage,0.2503,0,0,0.0031,0,0.0226,0
CLM004026,POL005613,2024-01-16,2023-12-17,2019-08-15,2020-08-14,30,Vauxhall,Corsa,SUV,fire,roof,minor,direct,comprehensive,False,False,False,8,127180,47,0,2,2016,12680.54,0.718,4564.99,430.8,0.0944,False,,,sent_to_garage,0.1149,0,1,0.7194,0,0.5153,0
CLM004034,POL003084,2024-12-27,2024-12-04,2012-11-21,2013-11-21,23,Hyundai,i20,Sedan,theft_damage,rear,moderate,app,comprehensive,False,True,True,11,146380,37,0,3,2013,16737.0,0.79,2008.44,1422.0,0.708,False,,,sent_to_garage,0.2205,0,1,0.7978,0,0.4794,0
CLM004036,POL002218,2024-03-24,2024-03-09,2014-11-22,2015-11-22,15,Mercedes,C-Class,Motorbike,flood,multiple,minor,phone,comprehensive,True,False,True,12,176671,58,3,7,2012,40673.32,1.886,4067.33,1508.8,0.371,False,,,sent_to_garage,0.2391,0,0,0.0675,0,0.1493,0
CLM004039,POL002140,2024-05-26,2024-05-10,2017-04-23,2018-04-23,16,Volkswagen,Tiguan,Hatchback,flood,rear,minor,direct,third_party_fire_theft,True,False,True,17,195955,21,1,20,2007,35044.56,1.096,3504.46,493.2,0.1407,False,,,sent_to_garage,0.1177,0,1,0.8995,0,0.6671,0
CLM004041,POL002499,2024-11-09,2024-10-31,2024-03-17,2025-03-17,9,Audi,A6,SUV,vandalism,rear,moderate,online,comprehensive,True,True,True,5,46762,43,0,13,2019,47712.24,1.857,28627.34,3342.6,0.1168,True,,,sent_to_garage,0.0158,0,0,0.0912,0,0.1281,0
CLM004047,POL001364,2023-02-19,2023-02-07,2013-02-16,2014-02-16,12,Volkswagen,Tiguan,Motorbike,vandalism,front,severe,online,comprehensive,True,True,False,1,97971,31,0,1,2022,34161.22,1.088,31428.32,5440.0,0.1731,True,,,sent_to_garage,0.0597,0,0,0.0564,0,0.0383,0
CLM004053,POL003090,2022-09-23,2022-09-23,2013-04-04,2014-04-04,0,Vauxhall,Insignia,Sedan,theft_damage,side,severe,direct,comprehensive,False,True,False,14,176299,29,1,2,2008,24598.69,0.873,2459.87,3492.0,1.4196,False,,,scrapped_by_model,0.9988,1,1,0.9996,1,0.9998,1
CLM004054,POL002534,2024-02-20,2024-01-23,2016-06-19,2017-06-19,28,Mercedes,A-Class,Van,collision,front,severe,app,comprehensive,False,True,True,14,3027,72,1,7,2010,28615.63,1.819,2861.56,9095.0,2.0,False,,,scrapped_by_model,0.9996,1,1,0.9944,1,0.998,1
CLM004059,POL002232,2024-10-06,2024-09-20,2020-02-04,2021-02-03,16,Vauxhall,Corsa,Sedan,theft_damage,roof,minor,app,comprehensive,True,True,True,17,40652,43,1,10,2007,12411.59,0.685,1241.16,411.0,0.3311,False,,,sent_to_garage,0.0147,0,0,0.0311,0,0.0421,0
CLM004066,POL004457,2022-12-06,2022-11-19,2021-07-03,2022-07-03,17,Audi,A4,Hatchback,vandalism,rear,minor,phone,comprehensive,False,False,True,5,193158,46,2,5,2017,39115.81,1.769,23469.49,796.05,0.0339,True,,,sent_to_garage,0.2181,0,0,0.0991,0,0.1202,0
CLM004071,POL002219,2023-05-04,2023-04-20,2021-06-04,2022-06-04,14,Audi,Q3,Estate,theft_damage,front,moderate,direct,third_party_fire_theft,False,True,True,1,117071,23,1,7,2022,35926.34,1.778,33052.23,3556.0,0.1076,True,,,sent_to_garage,0.0626,0,1,0.7638,0,0.5776,0
CLM004072,POL003655,2023-10-23,2023-09-30,2017-10-10,2018-10-10,23,BMW,3 Series,Sedan,fire,roof,minor,broker,third_party_fire_theft,False,True,True,20,75015,35,0,11,2003,,,,,,False,,,sent_to_garage,0.0554,0,0,0.0885,0,0.179,0
CLM004077,POL003666,2022-05-11,2022-04-21,2016-11-03,2017-11-03,20,Hyundai,i20,Van,vandalism,side,minor,online,comprehensive,False,False,True,13,97613,46,1,15,2009,16459.03,0.799,1645.9,319.6,0.1942,False,,,sent_to_garage,0.0214,0,0,0.0984,0,0.0823,0
CLM004078,POL003242,2022-07-02,2022-06-28,2016-10-21,2017-10-21,4,Toyota,RAV4,Van,collision,multiple,minor,direct,third_party,True,False,False,19,183528,27,2,7,2003,,,,,,False,,,sent_to_garage,0.5178,0,1,0.9389,0,0.7913,0
CLM004079,POL000883,2024-09-19,2024-08-26,2020-05-16,2021-05-16,24,Hyundai,Tucson,Estate,fire,multiple,minor,broker,third_party,False,False,True,2,120672,48,1,8,2022,28308.94,0.887,23779.51,709.6,0.0298,True,,,sent_to_garage,0.3775,0,1,0.8197,0,0.805,0
CLM004083,POL004118,2022-03-11,2022-02-09,2014-05-10,2015-05-10,30,Honda,CR-V,Van,collision,multiple,minor,phone,third_party,False,True,False,2,140525,24,1,7,2020,30163.2,0.91,25337.09,728.0,0.0287,True,,,sent_to_garage,0.3254,0,1,0.8843,0,0.6852,0
CLM004084,POL001749,2023-03-27,2023-03-03,2015-08-24,2016-08-23,24,Volkswagen,Tiguan,SUV,flood,side,moderate,direct,third_party_fire_theft,False,True,True,19,44082,72,1,1,2004,36006.56,1.079,3600.66,1618.5,0.4495,False,,,sent_to_garage,0.4071,0,0,0.0405,0,0.0687,0
CLM004086,POL005214,2024-04-21,2024-04-17,2015-08-18,2016-08-17,4,Volkswagen,Tiguan,Estate,fire,side,minor,direct,comprehensive,True,False,False,7,16474,61,1,6,2017,33255.81,1.074,14632.56,429.6,0.0294,False,,,sent_to_garage,0.1405,0,0,0.0091,0,0.0488,0
CLM004092,POL004319,2022-04-26,2022-03-27,2012-10-25,2013-10-25,30,Volkswagen,Passat,Hatchback,fire,front,moderate,direct,third_party_fire_theft,False,True,True,19,195021,22,0,7,2003,,,,,,False,,,sent_to_garage,0.4744,0,1,0.9179,0,0.7452,0
CLM004095,POL001239,2022-09-23,2022-08-27,2018-05-17,2019-05-17,27,Toyota,RAV4,SUV,fire,rear,moderate,phone,third_party,False,True,True,1,145118,36,1,15,2021,30930.9,0.918,28456.43,1652.4,0.0581,True,,,sent_to_garage,0.6122,0,1,0.83,0,0.6261,0
CLM004100,POL005112,2022-04-30,2022-04-30,2021-08-18,2022-08-18,0,Volkswagen,Golf,Sedan,fire,rear,minor,direct,third_party_fire_theft,True,False,True,19,139924,45,2,0,2003,,,,,,False,,,sent_to_garage,0.4871,0,0,0.0496,0,0.2441,0
CLM004109,POL005169,2024-06-08,2024-05-20,2022-11-27,2023-11-27,19,Hyundai,Tucson,SUV,flood,front,moderate,phone,third_party_fire_theft,True,True,False,10,40331,43,0,1,2014,27289.79,0.898,5457.96,1796.0,0.3291,False,,,sent_to_garage,0.0299,0,0,0.0632,0,0.03,0
CLM004110,POL002929,2024-04-21,2024-04-07,2023-05-15,2024-05-14,14,Volkswagen,Polo,SUV,fire,rear,severe,app,third_party_fire_theft,True,True,True,0,28442,17,0,5,2024,16088.74,0.916,16088.74,4122.0,0.2562,False,,,sent_to_garage,0.9279,0,0,0.0326,0,0.2737,0
CLM004111,POL001817,2022-11-12,2022-11-05,2016-10-15,2017-10-15,7,Ford,Mondeo,Estate,fire,side,minor,app,third_party_fire_theft,True,True,False,9,176580,33,0,7,2013,21484.91,0.874,6015.77,349.6,0.0581,False,,,sent_to_garage,0.1874,0,0,0.125,0,0.2083,0
CLM004115,POL004336,2022-11-23,2022-11-11,2022-01-04,2023-01-04,12,Mercedes,C-Class,Hatchback,collision,front,moderate,phone,comprehensive,False,True,True,4,141038,33,0,18,2018,39619.98,1.935,26941.59,3870.0,0.1436,True,,,sent_to_garage,0.1454,0,1,0.6078,0,0.5209,0
CLM004116,POL001513,2024-03-05,2024-02-06,2021-11-27,2022-11-27,28,Ford,Focus,Motorbike,fire,front,minor,app,third_party_fire_theft,False,True,False,16,8343,41,1,0,2008,17459.83,0.776,1745.98,388.0,0.2222,False,,,sent_to_garage,0.7272,0,1,0.7553,0,0.5657,0
CLM004117,POL003329,2024-08-29,2024-08-09,2022-12-04,2023-12-04,20,Vauxhall,Astra,Van,flood,front,severe,phone,comprehensive,False,True,True,4,5534,57,0,4,2020,18199.39,0.752,12375.59,3760.0,0.3038,False,,,sent_to_garage,0.1337,0,0,0.1003,0,0.0534,0
CLM004124,POL002176,2022-08-20,2022-08-16,2015-02-23,2016-02-23,4,Mercedes,A-Class,Motorbike,flood,multiple,moderate,online,third_party_fire_theft,True,False,False,13,193873,68,1,18,2009,30236.93,1.746,3023.69,6111.0,2.0,False,,,scrapped_by_model,0.9991,1,1,0.999,1,0.9974,1
CLM004126,POL000862,2022-04-20,2022-03-26,2015-12-05,2016-12-04,25,Volkswagen,Passat,Motorbike,vandalism,roof,moderate,broker,comprehensive,False,False,True,9,56549,25,0,20,2013,29353.62,1.075,8219.01,2687.5,0.327,False,,,sent_to_garage,0.0224,0,0,0.0085,0,0.0212,0
CLM004128,POL002707,2023-02-23,2023-02-06,2014-01-09,2015-01-09,17,Hyundai,i10,SUV,vandalism,multiple,minor,broker,third_party,False,True,True,3,15709,67,1,11,2020,11766.96,0.755,8942.89,604.0,0.0675,False,,,sent_to_garage,0.1585,0,0,0.065,0,0.1904,0
CLM004135,POL002876,2022-01-01,2021-12-24,2019-07-21,2020-07-20,8,Nissan,Leaf,Motorbike,vandalism,side,moderate,online,comprehensive,True,True,True,10,59473,31,0,8,2012,30815.55,0.993,6163.11,1489.5,0.2417,False,,,sent_to_garage,0.0545,0,1,0.6322,0,0.1908,0
CLM004136,POL000116,2024-09-05,2024-08-26,2023-02-19,2024-02-19,10,Nissan,Qashqai,Van,collision,side,moderate,phone,third_party,False,True,False,10,198196,30,1,10,2014,26904.24,0.885,5380.85,1327.5,0.2467,False,,,sent_to_garage,0.0459,0,1,0.8636,0,0.5486,0
CLM004139,POL004006,2024-07-26,2024-07-15,2021-01-23,2022-01-23,11,Vauxhall,Insignia,Motorbike,fire,rear,moderate,online,third_party,False,False,True,17,199359,57,0,8,2007,24157.18,0.859,2415.72,1546.2,0.6401,False,,,sent_to_garage,0.2583,0,1,0.9368,0,0.8866,0
CLM004141,POL002205,2024-04-10,2024-03-21,2019-10-24,2020-10-23,20,Ford,Mondeo,Sedan,vandalism,rear,moderate,direct,comprehensive,False,True,True,19,144976,84,1,13,2005,22489.19,0.848,2248.92,1526.4,0.6787,False,,,sent_to_garage,0.178,0,0,0.1384,0,0.0627,0
CLM004142,POL002987,2022-05-07,2022-04-07,2016-03-31,2017-03-31,30,Volkswagen,Golf,Van,flood,front,moderate,app,comprehensive,True,False,True,15,41045,45,1,13,2007,25438.26,1.013,2543.83,2026.0,0.7964,False,,,sent_to_garage,0.4546,0,0,0.1278,0,0.1893,0
CLM004143,POL000190,2022-06-15,2022-05-22,2015-08-27,2016-08-26,24,Audi,A3,SUV,vandalism,roof,minor,app,comprehensive,False,False,True,12,21734,47,0,7,2010,31324.62,1.71,3132.46,1026.0,0.3275,False,,,sent_to_garage,0.0564,0,0,0.0334,0,0.0777,0
CLM004147,POL000177,2023-07-03,2023-06-21,2015-12-07,2016-12-06,12,Hyundai,i10,Motorbike,flood,rear,minor,direct,third_party_fire_theft,False,True,False,18,25399,32,1,19,2005,12305.49,0.732,1230.55,329.4,0.2677,False,,,sent_to_garage,0.0909,0,0,0.1118,0,0.0685,0
CLM004151,POL001412,2024-09-24,2024-09-03,2024-02-02,2025-02-01,21,Hyundai,i10,Estate,flood,rear,minor,online,third_party,False,False,False,20,156932,53,1,1,2004,11695.05,0.76,1169.5,342.0,0.2924,False,,,sent_to_garage,0.0303,0,0,0.1406,0,0.0539,0
CLM004152,POL003037,2024-12-14,2024-11-28,2018-02-02,2019-02-02,16,Toyota,Corolla,Motorbike,flood,front,minor,online,comprehensive,True,False,True,14,168529,39,2,0,2010,21511.77,0.84,2151.18,420.0,0.1952,False,,,sent_to_garage,0.2818,0,1,0.7874,0,0.7334,0
CLM004156,POL000036,2024-11-28,2024-11-04,2019-10-27,2020-10-26,24,Audi,A3,SUV,flood,side,minor,online,comprehensive,False,True,True,20,29255,46,1,3,2004,28995.93,1.724,2899.59,689.6,0.2378,False,,,sent_to_garage,0.2541,0,0,0.1046,0,0.1603,0
CLM004162,POL001583,2024-02-12,2024-01-19,2020-09-30,2021-09-30,24,Volkswagen,Golf,Estate,theft_damage,multiple,minor,direct,comprehensive,False,True,True,2,184887,28,1,4,2022,25768.58,1.03,21645.61,824.0,0.0381,True,,,sent_to_garage,0.1797,0,0,0.074,0,0.0813,0
CLM004164,POL002239,2023-11-21,2023-11-10,2013-06-19,2014-06-19,11,Volkswagen,Tiguan,Motorbike,fire,front,moderate,app,comprehensive,False,True,True,6,81275,51,2,18,2017,33255.81,1.074,17293.02,2148.0,0.1242,False,,,sent_to_garage,0.0723,0,0,0.0327,0,0.0509,0
CLM004168,POL002283,2022-02-08,2022-01-10,2015-02-01,2016-02-01,29,Ford,Transit,Estate,collision,front,severe,broker,comprehensive,False,True,True,20,96676,17,1,4,2002,,,,,,False,,,sent_to_garage,0.9983,0,0,0.0867,0,0.4758,0
CLM004169,POL003030,2023-09-22,2023-09-12,2014-04-02,2015-04-02,10,Volkswagen,Tiguan,Hatchback,vandalism,roof,severe,broker,comprehensive,False,False,True,10,42773,17,0,10,2013,33640.6,1.092,6728.12,6552.0,0.9738,False,,,scrapped_by_model,0.9988,1,1,0.9882,0,0.998,1
CLM004170,POL002595,2023-12-22,2023-11-25,2017-01-05,2018-01-05,27,Volkswagen,Tiguan,Estate,fire,multiple,severe,phone,comprehensive,False,True,True,18,121894,19,2,4,2005,35217.6,1.074,3521.76,8592.0,2.0,False,,,scrapped_by_model,0.9999,1,1,0.9993,1,0.9996,1
CLM004172,POL003992,2022-11-25,2022-11-14,2017-01-16,2018-01-16,11,Honda,Civic,Hatchback,theft_damage,front,minor,phone,comprehensive,False,True,False,8,97411,22,1,5,2014,21385.76,0.888,7698.87,444.0,0.0577,False,,,sent_to_garage,0.0479,0,1,0.3109,0,0.1436,0
CLM004175,POL004456,2022-04-27,2022-04-24,2013-10-15,2014-10-15,3,Mercedes,E-Class,SUV,flood,multiple,minor,direct,comprehensive,False,True,True,14,63377,35,0,1,2008,53740.48,1.959,5374.05,1567.2,0.2916,False,,,sent_to_garage,0.2098,0,0,0.1759,0,0.1529,0
CLM004179,POL003693,2022-05-17,2022-04-30,2014-04-12,2015-04-12,17,Vauxhall,Corsa,Hatchback,fire,roof,moderate,phone,third_party_fire_theft,False,True,False,9,46509,34,1,12,2013,12356.16,0.715,3459.72,1787.5,0.5167,False,,,sent_to_garage,0.0543,0,0,0.0327,0,0.0402,0
CLM004183,POL003950,2023-02-28,2023-02-15,2012-02-15,2013-02-14,13,Mercedes,GLC,SUV,theft_damage,multiple,minor,app,third_party,False,True,True,8,49060,34,1,14,2015,49442.8,1.964,17799.41,1571.2,0.0883,True,,,sent_to_garage,0.1312,0,1,0.7687,0,0.2606,0
CLM004198,POL004996,2023-10-16,2023-09-20,2022-12-12,2023-12-12,26,Hyundai,i10,Estate,flood,front,minor,broker,comprehensive,False,False,True,13,77342,27,3,10,2010,11719.24,0.74,1171.92,370.0,0.3157,False,,,sent_to_garage,0.2798,0,0,0.0769,0,0.1178,0
CLM004201,POL001158,2022-08-28,2022-08-21,2015-04-02,2016-04-01,7,Honda,CR-V,SUV,vandalism,multiple,minor,app,comprehensive,True,True,True,3,16352,36,0,15,2019,29885.45,0.929,22712.94,743.2,0.0327,True,,,sent_to_garage,0.4197,0,0,0.0323,0,0.282,0
CLM004203,POL000598,2024-09-30,2024-09-23,2020-12-19,2021-12-19,7,Volkswagen,Polo,Hatchback,flood,roof,minor,direct,third_party_fire_theft,False,True,True,17,33799,34,0,6,2007,15211.7,0.888,1521.17,532.8,0.3503,False,,,sent_to_garage,0.0835,0,0,0.0383,0,0.1353,0
CLM004205,POL004214,2024-01-03,2024-01-02,2013-10-08,2014-10-08,1,Ford,Transit,Sedan,theft_damage,rear,severe,online,comprehensive,False,True,True,10,136753,73,1,20,2014,30740.37,0.936,6148.07,4212.0,0.6851,False,,,sent_to_garage,0.1067,0,1,0.8275,0,0.856,0
CLM004211,POL003949,2024-11-06,2024-10-14,2012-07-27,2013-07-27,23,Toyota,Yaris,Hatchback,vandalism,rear,moderate,direct,comprehensive,False,False,False,19,24743,33,0,10,2005,14258.14,0.778,1425.81,1400.4,0.9822,False,,,scrapped_by_model,0.9992,1,1,0.9949,1,0.9924,0
CLM004214,POL000641,2022-04-13,2022-03-17,2017-04-20,2018-04-20,27,Audi,A4,SUV,theft_damage,rear,minor,direct,third_party,False,False,True,1,152539,59,0,0,2021,36335.84,1.795,33428.97,807.75,0.0242,True,,,sent_to_garage,0.6943,0,0,0.0541,0,0.1772,0
CLM004221,POL001027,2023-02-07,2023-01-10,2016-10-21,2017-10-21,28,Ford,Transit,Estate,fire,roof,moderate,phone,comprehensive,False,False,False,19,82045,38,0,6,2004,29451.42,0.976,2945.14,2440.0,0.8285,False,,,sent_to_garage,0.9722,0,1,0.9717,0,0.9796,0
CLM004225,POL001234,2022-03-27,2022-03-08,2013-01-09,2014-01-09,19,Ford,Mondeo,Sedan,flood,front,moderate,phone,third_party,True,False,True,4,19449,46,1,8,2018,21573.1,0.854,14669.71,1708.0,0.1164,False,,,sent_to_garage,0.0457,0,0,0.0245,0,0.0367,0
CLM004226,POL004929,2022-08-10,2022-08-08,2012-06-04,2013-06-04,2,Toyota,Yaris,Hatchback,vandalism,rear,moderate,broker,third_party,False,False,False,11,44897,53,1,11,2011,14310.23,0.786,1717.23,1414.8,0.8239,False,,,sent_to_garage,0.2777,0,1,0.9601,0,0.8512,0
CLM004229,POL003144,2024-08-19,2024-07-23,2012-06-08,2013-06-08,27,Honda,HR-V,Sedan,collision,front,moderate,direct,third_party_fire_theft,False,True,True,18,77745,42,0,10,2006,25986.28,0.908,2598.63,1816.0,0.6988,False,,,sent_to_garage,0.5849,0,0,0.1038,0,0.2254,0
CLM004231,POL006234,2024-11-04,2024-10-19,2017-02-14,2018-02-14,16,Volkswagen,Polo,SUV,flood,multiple,moderate,broker,comprehensive,False,False,True,6,136835,36,0,18,2018,16399.97,0.892,8527.98,3122.0,0.3661,False,,,sent_to_garage,0.1798,0,1,0.8054,0,0.2988,0
CLM004236,POL000971,2022-06-22,2022-06-21,2021-10-04,2022-10-04,1,Nissan,Leaf,Estate,vandalism,rear,minor,direct,third_party_fire_theft,False,True,True,5,61278,41,0,12,2017,30929.82,0.975,18557.89,438.75,0.0236,True,,,sent_to_garage,0.0937,0,1,0.6806,0,0.4399,0
CLM004237,POL002171,2022-06-11,2022-05-21,2021-03-14,2022-03-14,21,Honda,CR-V,SUV,fire,multiple,minor,app,comprehensive,True,False,False,15,12855,40,1,9,2007,29011.02,0.946,2901.1,756.8,0.2609,False,,,sent_to_garage,0.6969,0,1,0.8936,0,0.7896,0
CLM004244,POL002873,2022-06-10,2022-06-02,2021-04-05,2022-04-05,8,Mercedes,C-Class,Estate,fire,front,minor,broker,comprehensive,False,False,False,15,90300,58,0,8,2007,41179.0,1.938,4117.9,969.0,0.2353,False,,,sent_to_garage,0.7211,0,1,0.8345,0,0.5582,0
CLM004247,POL004826,2022-05-09,2022-04-19,2017-05-14,2018-05-14,20,Vauxhall,Mokka,Estate,collision,front,minor,direct,third_party,False,False,True,16,119628,38,2,7,2006,21106.96,0.819,2110.7,409.5,0.194,False,,,sent_to_garage,0.0792,0,1,0.7878,0,0.3469,0
CLM004248,POL000118,2024-07-11,2024-06-11,2013-02-07,2014-02-07,30,Volkswagen,Tiguan,Van,theft_damage,front,minor,direct,third_party_fire_theft,False,True,True,10,65742,52,0,3,2014,33461.85,1.113,6692.37,556.5,0.0832,False,,,sent_to_garage,0.0622,0,0,0.0055,0,0.0826,0
CLM004250,POL004519,2024-12-23,2024-12-15,2018-01-15,2019-01-15,8,Toyota,Camry,Van,flood,roof,moderate,app,comprehensive,False,True,True,0,190605,26,1,14,2024,29032.52,0.871,29032.52,2177.5,0.075,True,,,sent_to_garage,0.2867,0,0,0.0433,0,0.194,0
CLM004252,POL000847,2023-05-15,2023-04-16,2014-03-03,2015-03-03,29,Vauxhall,Insignia,Motorbike,vandalism,roof,moderate,app,third_party_fire_theft,False,False,False,3,99141,62,0,18,2020,26205.92,0.873,19916.5,2182.5,0.1096,True,,,sent_to_garage,0.0518,0,0,0.0653,0,0.0689,0
CLM004253,POL001055,2024-11-22,2024-10-29,2012-12-11,2013-12-11,24,Toyota,Corolla,Van,flood,multiple,minor,online,comprehensive,False,False,True,8,39313,37,0,20,2016,21943.09,0.836,7899.51,668.8,0.0847,False,,,sent_to_garage,0.1488,0,0,0.06,0,0.0833,0
CLM004257,POL000173,2023-10-28,2023-10-14,2017-06-22,2018-06-22,14,Ford,Transit,Sedan,fire,front,moderate,direct,third_party,True,False,False,14,104932,61,0,17,2009,31175.03,0.964,3117.5,1928.0,0.6184,False,,,sent_to_garage,0.1031,0,0,0.1422,0,0.0845,0
CLM004260,POL001576,2023-11-03,2023-11-01,2021-05-27,2022-05-27,2,Toyota,Corolla,SUV,fire,side,minor,online,comprehensive,False,True,True,4,92515,48,0,4,2019,22335.35,0.841,15188.04,336.4,0.0221,False,,,sent_to_garage,0.0256,0,1,0.781,0,0.807,0
CLM004268,POL004605,2023-03-17,2023-03-14,2013-09-19,2014-09-19,3,Audi,A3,Estate,flood,roof,minor,direct,comprehensive,False,True,False,12,166131,22,0,18,2011,31188.37,1.708,3118.84,1024.8,0.3286,False,,,sent_to_garage,0.1382,0,1,0.5976,0,0.4162,0
CLM004270,POL004275,2023-10-31,2023-10-23,2014-04-21,2015-04-21,8,Honda,Civic,Sedan,fire,side,minor,broker,third_party,False,True,False,2,169308,40,1,13,2021,22567.4,0.897,18956.62,358.8,0.0189,True,,,sent_to_garage,0.1152,0,1,0.7934,0,0.5797,0
CLM004273,POL004557,2022-07-17,2022-07-09,2018-05-03,2019-05-03,8,Ford,Fiesta,Hatchback,flood,front,moderate,direct,third_party_fire_theft,True,False,False,6,57955,63,0,8,2016,12334.06,0.736,6413.71,1472.0,0.2295,False,,,sent_to_garage,0.0955,0,0,0.0396,0,0.0844,0
CLM004276,POL000238,2022-10-03,2022-09-28,2013-05-16,2014-05-16,5,BMW,5 Series,Motorbike,collision,front,severe,app,third_party_fire_theft,False,False,False,14,144903,50,1,17,2008,45162.31,1.902,4516.23,9510.0,2.0,False,,,scrapped_by_model,0.9997,1,1,0.9995,1,0.9999,1
CLM004278,POL004838,2023-06-08,2023-05-21,2020-08-25,2021-08-25,18,Ford,Kuga,Sedan,theft_damage,side,moderate,direct,third_party_fire_theft,False,True,False,10,94920,83,2,7,2013,27925.77,0.887,5585.15,1330.5,0.2382,False,,,sent_to_garage,0.0321,0,1,0.6606,0,0.5129,0
CLM004279,POL001633,2022-03-17,2022-02-15,2013-01-18,2014-01-18,30,BMW,5 Series,Hatchback,theft_damage,front,minor,broker,third_party,False,True,True,9,159212,43,3,8,2013,43796.56,1.885,12263.04,942.5,0.0769,False,,,sent_to_garage,0.2655,0,0,0.0754,0,0.1035,0
CLM004280,POL003953,2022-11-19,2022-11-14,2015-06-17,2016-06-16,5,Audi,A6,Sedan,flood,front,moderate,online,third_party_fire_theft,True,False,True,20,22065,28,1,16,2002,,,,,,False,,,sent_to_garage,0.1948,0,0,0.0503,0,0.109,0
CLM004285,POL005063,2024-04-29,2024-04-26,2020-02-25,2021-02-24,3,Mercedes,GLC,Sedan,collision,roof,minor,online,comprehensive,False,True,True,17,66768,42,1,9,2007,46587.94,2.006,4658.79,1203.6,0.2584,False,,,sent_to_garage,0.0956,0,0,0.0713,0,0.1088,0
CLM004286,POL000883,2023-09-19,2023-09-03,2022-12-19,2023-12-19,16,Mercedes,A-Class,Motorbike,collision,side,minor,broker,third_party_fire_theft,False,False,True,1,137129,30,1,19,2022,31134.44,1.786,28643.68,714.4,0.0249,True,,,sent_to_garage,0.2455,0,0,0.0678,0,0.1524,0
CLM004289,POL006617,2024-07-08,2024-06-13,2015-06-20,2016-06-19,25,Ford,Focus,Estate,collision,side,severe,phone,comprehensive,False,False,True,18,174422,34,0,10,2006,17797.46,0.79,1779.75,3160.0,1.7755,False,,,scrapped_by_model,1.0,1,1,1.0,1,1.0,1
CLM004295,POL004572,2022-06-15,2022-06-14,2020-12-23,2021-12-23,1,Volkswagen,Golf,Sedan,collision,multiple,minor,phone,comprehensive,False,True,True,3,113773,37,1,17,2019,24437.06,1.023,18572.17,818.4,0.0441,True,,,sent_to_garage,0.3002,0,0,0.1094,0,0.0592,0
CLM004296,POL002276,2022-12-13,2022-12-02,2012-03-01,2013-03-01,11,Audi,A4,Hatchback,flood,front,minor,online,third_party_fire_theft,False,True,False,19,139264,36,1,18,2003,,,,,,False,,,sent_to_garage,0.3482,0,0,0.1355,0,0.3283,0
CLM004297,POL002512,2024-01-19,2024-01-10,2016-05-26,2017-05-26,9,Audi,Q5,SUV,vandalism,rear,moderate,online,comprehensive,False,False,True,13,122288,69,2,9,2011,43270.67,1.838,4327.07,3308.4,0.7646,False,,,sent_to_garage,0.0463,0,0,0.0425,0,0.316,0
CLM004304,POL001979,2024-01-29,2024-01-27,2022-02-27,2023-02-27,2,Nissan,Qashqai,Hatchback,flood,multiple,moderate,direct,comprehensive,False,True,True,10,31207,52,1,18,2014,26904.24,0.885,5380.85,3097.5,0.5757,False,,,sent_to_garage,0.038,0,1,0.8534,0,0.4286,0
CLM004306,POL000710,2023-05-19,2023-04-30,2015-05-27,2016-05-26,19,Vauxhall,Mokka,Motorbike,theft_damage,rear,minor,app,comprehensive,False,False,True,8,115556,50,2,11,2015,22622.51,0.803,8144.1,361.35,0.0444,False,,,sent_to_garage,0.1054,0,0,0.0375,0,0.0839,0
CLM004310,POL003543,2022-05-08,2022-04-08,2015-05-08,2016-05-07,30,Vauxhall,Mokka,Estate,fire,front,minor,broker,third_party,True,True,True,2,77992,46,0,6,2020,23054.29,0.794,19365.6,397.0,0.0205,True,,,sent_to_garage,0.3418,0,0,0.0299,0,0.2566,0
CLM004314,POL004629,2023-08-10,2023-07-24,2012-01-07,2013-01-06,17,Mercedes,A-Class,Hatchback,collision,roof,moderate,app,comprehensive,False,True,True,4,170606,65,0,17,2019,30109.46,1.85,20474.43,4625.0,0.2259,True,,,sent_to_garage,0.2798,0,0,0.0432,0,0.1221,0
CLM004316,POL003500,2022-06-09,2022-05-12,2014-06-17,2015-06-17,28,BMW,1 Series,Estate,vandalism,multiple,minor,app,third_party_fire_theft,False,False,True,13,82064,35,0,15,2009,27442.66,1.699,2744.27,1359.2,0.4953,False,,,sent_to_garage,0.6063,0,0,0.1423,0,0.3383,0
CLM004320,POL002242,2024-10-28,2024-10-10,2020-08-27,2021-08-27,18,Vauxhall,Corsa,Motorbike,vandalism,front,moderate,phone,comprehensive,False,True,True,16,39480,52,0,9,2008,13544.47,0.679,1354.45,1358.0,1.0026,False,,,sent_to_garage,0.9974,0,1,0.9805,0,0.99,0
CLM004325,POL001139,2024-05-03,2024-04-29,2012-03-23,2013-03-23,4,Audi,A4,Hatchback,fire,roof,minor,app,third_party_fire_theft,False,False,False,4,173599,53,2,3,2020,39874.8,1.776,27114.86,1065.6,0.0393,True,,,sent_to_garage,0.1401,0,0,0.0874,0,0.057,0
CLM004327,POL000333,2023-02-28,2023-02-27,2015-10-09,2016-10-08,1,Ford,Mondeo,Van,vandalism,side,moderate,app,comprehensive,False,True,False,18,128562,17,0,5,2005,22489.19,0.848,2248.92,1272.0,0.5656,False,,,sent_to_garage,0.3354,0,0,0.1093,0,0.3188,0
CLM004328,POL004187,2022-06-22,2022-06-21,2019-05-18,2020-05-17,1,Honda,HR-V,Van,flood,front,severe,broker,comprehensive,False,False,True,20,174842,66,0,18,2002,,,,,,False,,,sent_to_garage,0.9975,0,0,0.1061,0,0.5318,0
CLM004335,POL004745,2023-05-05,2023-04-12,2012-10-05,2013-10-05,23,Volkswagen,Tiguan,SUV,vandalism,front,moderate,direct,comprehensive,False,True,True,11,194914,29,0,1,2012,34343.99,1.07,4121.28,2140.0,0.5193,False,,,sent_to_garage,0.0376,0,0,0.0326,0,0.0873,0
CLM004336,POL000398,2024-12-11,2024-12-04,2024-02-26,2025-02-25,7,Nissan,Juke,Van,flood,side,minor,phone,third_party_fire_theft,False,False,True,13,140678,52,1,17,2011,19715.37,0.849,1971.54,339.6,0.1723,False,,,sent_to_garage,0.7107,0,1,0.8249,0,0.7508,0
CLM004343,POL003211,2022-12-02,2022-11-17,2022-11-17,2023-11-17,15,Ford,Fiesta,Sedan,collision,front,minor,direct,third_party_fire_theft,False,True,False,7,130855,25,0,16,2015,12564.84,0.768,5528.53,384.0,0.0695,False,,,sent_to_garage,0.1222,0,0,0.0042,0,0.0902,0
CLM004344,POL001323,2023-07-31,2023-07-09,2019-02-02,2020-02-02,22,Ford,Focus,SUV,fire,rear,minor,broker,third_party_fire_theft,False,True,True,18,64344,47,1,3,2005,18598.07,0.815,1859.81,366.75,0.1972,False,,,sent_to_garage,0.7583,0,0,0.1302,0,0.2651,0
CLM004350,POL004700,2024-07-21,2024-07-10,2012-06-01,2013-06-01,11,Ford,Focus,Motorbike,theft_damage,roof,moderate,broker,comprehensive,True,False,True,0,74396,51,3,18,2024,18565.24,0.784,18565.24,1960.0,0.1056,True,,,sent_to_garage,0.067,0,0,0.0391,0,0.0853,0
CLM004351,POL001033,2024-04-02,2024-03-11,2016-07-21,2017-07-21,22,Audi,Q3,Estate,fire,front,severe,app,comprehensive,False,False,True,1,133786,17,0,3,2023,34932.13,1.745,32137.56,8725.0,0.2715,True,,,sent_to_garage,0.9343,0,0,0.1182,0,0.2197,0
CLM004356,POL003905,2023-12-31,2023-12-08,2013-08-27,2014-08-27,23,BMW,1 Series,Estate,flood,rear,minor,app,third_party_fire_theft,True,True,True,11,12697,30,0,20,2012,26669.61,1.706,3200.35,767.7,0.2399,False,,,sent_to_garage,0.2848,0,0,0.0058,0,0.1029,0
CLM004357,POL005726,2023-01-05,2022-12-08,2022-07-14,2023-07-14,28,Mercedes,E-Class,Motorbike,vandalism,roof,minor,broker,comprehensive,False,True,True,17,35228,56,0,20,2006,54266.55,2.04,5426.66,1224.0,0.2256,False,,,sent_to_garage,0.0953,0,1,0.673,0,0.3291,0
CLM004364,POL006289,2023-04-14,2023-04-05,2018-05-26,2019-05-26,9,Honda,Civic,Hatchback,collision,side,moderate,app,third_party,False,True,True,18,28792,43,0,12,2005,21382.22,0.865,2138.22,1297.5,0.6068,False,,,sent_to_garage,0.5839,0,0,0.0519,0,0.1532,0
CLM004366,POL000668,2024-05-16,2024-04-21,2021-01-23,2022-01-23,25,Mercedes,E-Class,SUV,fire,roof,moderate,broker,third_party,False,True,False,13,193733,22,0,8,2011,51714.08,1.948,5171.41,4870.0,0.9417,False,,,scrapped_by_model,0.9994,1,1,0.9969,1,0.9951,0
CLM004371,POL001604,2024-11-27,2024-11-22,2014-08-09,2015-08-09,5,Honda,Civic,Sedan,flood,rear,moderate,broker,comprehensive,False,False,True,20,91363,37,1,3,2004,21922.3,0.873,2192.23,1571.4,0.7168,False,,,sent_to_garage,0.503,0,1,0.7879,0,0.589,0
CLM004387,POL001713,2022-08-21,2022-07-25,2018-11-24,2019-11-24,27,Toyota,Corolla,Van,theft_damage,front,moderate,direct,third_party_fire_theft,True,True,False,11,57719,23,1,1,2011,21841.39,0.856,2620.97,1712.0,0.6532,False,,,sent_to_garage,0.0376,0,0,0.0216,0,0.07,0
CLM004395,POL002030,2022-02-14,2022-01-30,2015-04-26,2016-04-25,15,Hyundai,i30,Hatchback,fire,rear,minor,phone,third_party_fire_theft,False,False,False,4,122619,62,1,6,2018,20280.88,0.805,13791.0,362.25,0.0263,False,,,sent_to_garage,0.251,0,0,0.0732,0,0.1517,0
CLM004400,POL004395,2022-10-27,2022-09-29,2020-11-05,2021-11-05,28,Toyota,Corolla,Motorbike,theft_damage,front,minor,broker,comprehensive,False,True,False,1,12174,47,0,20,2021,21849.12,0.856,20101.19,428.0,0.0213,True,,,sent_to_garage,0.0418,0,0,0.0101,0,0.013,0
CLM004402,POL004216,2023-09-04,2023-08-08,2021-06-20,2022-06-20,27,Honda,HR-V,SUV,collision,side,minor,broker,comprehensive,False,True,False,1,184574,44,0,13,2022,24054.92,0.919,22130.53,367.6,0.0166,True,,,sent_to_garage,0.0218,0,0,0.0433,0,0.1841,0
CLM004404,POL001543,2022-10-05,2022-10-03,2021-12-23,2022-12-23,2,Mercedes,GLC,Estate,fire,roof,moderate,online,comprehensive,False,True,True,19,102207,40,0,12,2003,,,,,,False,,,sent_to_garage,0.2037,0,0,0.1566,0,0.3666,0
CLM004408,POL002121,2024-03-02,2024-02-27,2018-05-09,2019-05-09,4,Volkswagen,Polo,Hatchback,theft_damage,roof,severe,app,comprehensive,True,True,True,4,1905,17,0,11,2020,16443.75,0.899,11181.75,5394.0,0.4824,False,,,sent_to_garage,0.281,0,1,0.8051,0,0.6245,0
CLM004421,POL001722,2022-06-06,2022-05-25,2021-03-20,2022-03-20,12,Ford,Focus,Sedan,collision,front,minor,online,third_party,False,False,True,6,99659,56,0,8,2016,18106.57,0.791,9415.42,395.5,0.042,False,,,sent_to_garage,0.0327,0,0,0.0461,0,0.0636,0
CLM004422,POL001019,2023-03-03,2023-02-07,2014-07-25,2015-07-25,24,Toyota,Camry,Motorbike,vandalism,rear,minor,phone,third_party,False,True,False,16,129959,23,0,0,2007,29042.78,0.901,2904.28,405.45,0.1396,False,,,sent_to_garage,0.3976,0,0,0.1802,0,0.3054,0
CLM004426,POL002142,2022-01-26,2022-01-11,2013-11-14,2014-11-14,15,Vauxhall,Mokka,Van,vandalism,side,moderate,app,third_party,False,False,False,4,128628,38,0,20,2018,21119.7,0.786,14361.4,1179.0,0.0821,False,,,sent_to_garage,0.1342,0,0,0.0107,0,0.1224,0
CLM004427,POL001055,2024-05-11,2024-04-12,2013-08-11,2014-08-11,29,Nissan,Micra,SUV,fire,rear,moderate,app,comprehensive,True,False,True,11,119471,49,1,10,2013,13515.78,0.779,1621.89,1402.2,0.8645,False,,,sent_to_garage,0.9034,0,1,0.8557,0,0.8354,0
CLM004428,POL000780,2023-10-12,2023-09-13,2021-04-21,2022-04-21,29,Mercedes,A-Class,SUV,theft_damage,roof,minor,app,comprehensive,False,True,True,5,96183,46,0,18,2018,30824.72,1.8,18494.83,1080.0,0.0584,True,,,sent_to_garage,0.0415,0,0,0.0102,0,0.0578,0
CLM004433,POL004695,2022-11-22,2022-11-02,2021-10-09,2022-10-09,20,Toyota,Corolla,Motorbike,flood,front,minor,online,third_party_fire_theft,False,True,False,20,96339,28,2,5,2002,,,,,,False,,,sent_to_garage,0.1772,0,0,0.2287,0,0.3184,0
CLM004438,POL001335,2024-11-13,2024-11-11,2015-02-22,2016-02-22,2,Mercedes,E-Class,Sedan,fire,front,minor,app,third_party_fire_theft,False,False,True,4,94908,24,1,11,2020,54074.39,2.057,36770.59,1028.5,0.028,True,,,sent_to_garage,0.0054,0,0,0.0271,0,0.082,0
CLM004439,POL001674,2023-05-06,2023-04-27,2018-05-22,2019-05-22,9,BMW,X5,Motorbike,collision,side,minor,app,third_party_fire_theft,True,True,False,0,53784,63,0,10,2023,62679.64,2.033,62679.64,813.2,0.013,True,,,sent_to_garage,0.0787,0,0,0.0526,0,0.0877,0
CLM004440,POL001705,2022-03-22,2022-03-09,2015-07-10,2016-07-09,13,Audi,A4,Hatchback,theft_damage,side,severe,app,comprehensive,False,True,True,20,98817,34,1,8,2002,,,,,,False,,,sent_to_garage,0.9955,0,1,0.9101,0,0.9612,0
CLM004442,POL001777,2022-06-29,2022-06-06,2015-02-10,2016-02-10,23,Ford,Transit,Hatchback,vandalism,side,minor,online,comprehensive,False,False,True,15,175463,42,0,13,2007,28993.82,0.924,2899.38,369.6,0.1275,False,,,sent_to_garage,0.368,0,0,0.0213,0,0.1581,0
CLM004446,POL002587,2022-05-20,2022-05-13,2012-06-17,2013-06-17,7,Honda,Civic,Van,fire,rear,minor,direct,comprehensive,False,True,True,20,50411,48,0,17,2002,,,,,,False,,,sent_to_garage,0.7787,0,0,0.157,0,0.483,0
CLM004448,POL002764,2022-07-03,2022-06-25,2012-06-07,2013-06-07,8,Honda,CR-V,Estate,collision,rear,severe,phone,comprehensive,True,True,True,7,24442,50,0,8,2015,29794.56,0.927,13109.61,4171.5,0.3182,False,,,sent_to_garage,0.3479,0,1,0.6981,0,0.6497,0
CLM004455,POL002982,2022-06-30,2022-06-30,2021-04-05,2022-04-05,0,Mercedes,A-Class,Estate,theft_damage,multiple,minor,broker,comprehensive,False,False,True,6,43228,30,2,5,2016,29619.18,1.807,15401.97,1445.6,0.0939,False,,,sent_to_garage,0.1598,0,1,0.9228,0,0.5621,0
CLM004458,POL003299,2023-11-18,2023-10-20,2012-04-13,2013-04-13,29,BMW,1 Series,Van,fire,side,minor,direct,third_party,True,True,True,11,157445,30,1,18,2012,26669.61,1.706,3200.35,682.4,0.2132,False,,,sent_to_garage,0.3921,0,0,0.1291,0,0.3577,0
CLM004463,POL001848,2022-04-21,2022-04-11,2014-07-24,2015-07-24,10,Audi,A6,Sedan,vandalism,rear,severe,online,comprehensive,False,True,True,14,15444,39,1,10,2008,48854.85,1.939,4885.48,8725.5,1.786,False,,,scrapped_by_model,0.9991,1,1,0.9992,1,0.9998,1
CLM004464,POL006089,2024-05-01,2024-04-04,2016-12-19,2017-12-19,27,Toyota,Yaris,Estate,theft_damage,rear,severe,direct,third_party_fire_theft,False,False,True,14,15772,32,0,9,2010,15297.18,0.816,1529.72,3672.0,2.0,False,,,scrapped_by_model,0.9994,1,1,0.999,1,0.9996,1
CLM004467,POL000935,2022-02-06,2022-01-17,2013-02-21,2014-02-21,20,Vauxhall,Corsa,Estate,theft_damage,roof,moderate,direct,comprehensive,True,True,True,20,197534,43,1,7,2002,,,,,,False,,,sent_to_garage,0.1851,0,1,0.9713,0,0.5086,0
CLM004470,POL001330,2024-04-03,2024-03-18,2018-12-27,2019-12-27,16,Volkswagen,Passat,Motorbike,collision,front,severe,online,comprehensive,False,True,True,2,17005,33,1,0,2022,29815.16,1.049,25044.73,5245.0,0.2094,True,,,sent_to_garage,0.2207,0,0,0.0867,0,0.2835,0
CLM004471,POL005114,2023-03-20,2023-03-02,2021-04-11,2022-04-11,18,BMW,3 Series,Motorbike,fire,roof,severe,app,third_party_fire_theft,False,True,True,0,112122,36,0,11,2023,36167.1,1.752,36167.1,10512.0,0.2907,True,,,sent_to_garage,0.4977,0,0,0.0585,0,0.2892,0
CLM004472,POL001574,2024-02-15,2024-02-13,2015-10-18,2016-10-17,2,Mercedes,E-Class,SUV,collision,front,moderate,app,third_party,False,True,False,7,37087,61,0,7,2017,53779.2,2.053,23662.85,4106.0,0.1735,True,,,sent_to_garage,0.0833,0,0,0.0216,0,0.0567,0
CLM004474,POL000229,2022-02-22,2022-01-31,2018-09-22,2019-09-22,22,Vauxhall,Mokka,SUV,vandalism,rear,moderate,direct,comprehensive,False,False,True,9,91612,49,2,7,2013,21733.92,0.801,6085.5,1441.8,0.2369,False,,,sent_to_garage,0.0503,0,0,0.0807,0,0.0858,0
CLM004475,POL002799,2022-04-19,2022-04-16,2017-06-24,2018-06-24,3,Volkswagen,Passat,Sedan,theft_damage,multiple,minor,online,third_party_fire_theft,False,False,True,13,22047,51,0,8,2009,28553.01,1.047,2855.3,837.6,0.2933,False,,,sent_to_garage,0.6848,0,0,0.0717,0,0.3423,0
CLM004477,POL003029,2024-06-25,2024-06-10,2012-08-08,2013-08-08,15,Audi,A4,SUV,vandalism,multiple,moderate,phone,comprehensive,False,True,False,16,23554,24,2,7,2008,37321.83,1.812,3732.18,6342.0,1.6993,False,,,scrapped_by_model,0.9991,1,1,0.999,1,0.9995,1
CLM004478,POL001343,2024-09-22,2024-09-13,2018-09-05,2019-09-05,9,Audi,A3,Estate,fire,roof,moderate,app,comprehensive,True,False,False,3,60270,19,0,8,2021,29971.82,1.753,22778.58,4382.5,0.1924,True,,,sent_to_garage,0.2678,0,0,0.03,0,0.2386,0
CLM004480,POL006106,2022-11-20,2022-11-20,2013-04-06,2014-04-06,0,Volkswagen,Polo,Estate,collision,rear,moderate,phone,comprehensive,True,False,True,2,194052,51,0,17,2020,16443.75,0.899,13812.75,1618.2,0.1172,False,,,sent_to_garage,0.13,0,0,0.0301,0,0.0524,0
CLM004482,POL003591,2022-01-24,2022-01-17,2016-06-24,2017-06-24,7,Audi,A3,Sedan,vandalism,roof,severe,online,third_party,False,True,False,15,176436,47,0,9,2007,29388.1,1.736,2938.81,10416.0,2.0,False,,,scrapped_by_model,0.9991,1,1,0.9996,1,0.9997,1
CLM004487,POL004381,2023-07-14,2023-07-12,2019-10-07,2020-10-06,2,Ford,Mondeo,Sedan,collision,rear,minor,app,comprehensive,False,True,True,1,7544,51,3,19,2022,22185.02,0.858,20410.22,386.1,0.0189,True,,,sent_to_garage,0.0202,0,1,0.7844,0,0.6129,0
CLM004488,POL000633,2023-05-27,2023-05-07,2014-07-13,2015-07-13,20,BMW,1 Series,Hatchback,collision,front,minor,app,comprehensive,True,False,True,7,160015,29,1,6,2016,29212.47,1.731,12853.49,865.5,0.0673,False,,,sent_to_garage,0.178,0,0,0.0997,0,0.1355,0
CLM004490,POL003014,2023-09-28,2023-09-03,2021-07-19,2022-07-19,25,Toyota,RAV4,SUV,fire,roof,severe,phone,third_party,False,False,True,19,8519,32,0,7,2004,32064.88,0.916,3206.49,5496.0,1.714,False,,,scrapped_by_model,0.9998,1,1,0.9999,1,0.9998,1
CLM004496,POL002020,2022-04-12,2022-04-08,2015-05-26,2016-05-25,4,Vauxhall,Corsa,Sedan,collision,side,minor,app,third_party_fire_theft,False,False,True,13,21047,20,0,7,2009,12594.82,0.68,1259.48,272.0,0.216,False,,,sent_to_garage,0.0272,0,0,0.0194,0,0.0143,0
CLM004503,POL003491,2023-10-30,2023-10-25,2014-12-14,2015-12-14,5,Honda,HR-V,Van,theft_damage,side,severe,online,comprehensive,False,False,False,4,136698,21,3,2,2019,25970.91,0.923,17660.22,3692.0,0.2091,False,,,sent_to_garage,0.146,0,1,0.9698,0,0.6591,0
CLM004505,POL000738,2023-11-09,2023-11-09,2013-06-16,2014-06-16,0,Mercedes,A-Class,Motorbike,flood,rear,severe,direct,comprehensive,False,True,False,12,161252,53,1,1,2011,30188.0,1.749,3018.8,7870.5,2.0,False,,,scrapped_by_model,0.9997,1,1,0.9917,1,0.9934,0
CLM004506,POL002245,2022-11-04,2022-10-05,2019-02-27,2020-02-27,30,Audi,A4,SUV,theft_damage,multiple,severe,direct,comprehensive,False,True,False,1,123883,17,2,14,2021,36335.84,1.795,33428.97,14360.0,0.4296,True,,,sent_to_garage,0.8658,0,1,0.9137,0,0.9583,0
CLM004507,POL002325,2024-07-11,2024-06-19,2023-07-10,2024-07-09,22,Audi,A6,Motorbike,fire,front,severe,app,comprehensive,False,True,False,16,167384,51,1,15,2008,48854.85,1.939,4885.48,9695.0,1.9845,False,,,scrapped_by_model,1.0,1,1,0.9996,1,1.0,1
CLM004512,POL002913,2024-02-21,2024-02-07,2022-06-29,2023-06-29,14,Mercedes,A-Class,SUV,theft_damage,roof,minor,online,comprehensive,False,False,False,17,41377,47,2,19,2007,28657.73,1.848,2865.77,1108.8,0.3869,False,,,sent_to_garage,0.2768,0,1,0.7706,0,0.6607,0
CLM004513,POL004955,2022-11-23,2022-11-22,2014-12-30,2015-12-30,1,Audi,A4,Van,theft_damage,rear,severe,direct,comprehensive,False,True,True,1,60232,25,1,1,2021,36335.84,1.795,33428.97,8077.5,0.2416,True,,,sent_to_garage,0.0091,0,0,0.0718,0,0.0542,0
CLM004514,POL000689,2022-05-03,2022-04-18,2018-06-13,2019-06-13,15,Vauxhall,Astra,Estate,vandalism,front,moderate,direct,comprehensive,False,False,False,1,192248,34,1,1,2021,17813.1,0.758,16388.05,1516.0,0.0925,False,,,sent_to_garage,0.0269,0,0,0.0235,0,0.0777,0
CLM004515,POL000646,2023-08-20,2023-08-06,2016-12-26,2017-12-26,14,Honda,CR-V,Van,vandalism,side,moderate,broker,comprehensive,True,False,False,0,117603,63,0,7,2023,30669.34,0.914,30669.34,1371.0,0.0447,True,,,sent_to_garage,0.1773,0,1,0.5945,0,0.442,0
CLM004517,POL002435,2023-02-02,2023-01-06,2021-01-26,2022-01-26,27,Honda,HR-V,Van,collision,multiple,minor,broker,third_party_fire_theft,False,True,False,15,157769,46,0,3,2008,24924.89,0.899,2492.49,719.2,0.2885,False,,,sent_to_garage,0.703,0,1,0.859,0,0.499,0
CLM004519,POL004310,2022-03-21,2022-03-14,2013-04-23,2014-04-23,7,Nissan,Juke,Van,collision,roof,moderate,app,third_party,False,True,False,1,156886,53,0,18,2021,19481.85,0.863,17923.3,2157.5,0.1204,True,,,sent_to_garage,0.1046,0,0,0.1617,0,0.251,0
CLM004520,POL001385,2022-11-14,2022-10-25,2013-02-22,2014-02-22,20,Hyundai,Tucson,SUV,theft_damage,side,minor,direct,comprehensive,False,False,False,5,91707,74,1,20,2017,28742.07,0.87,17245.24,348.0,0.0202,False,,,sent_to_garage,0.0097,0,0,0.0025,0,0.0097,0
CLM004521,POL000479,2022-03-04,2022-02-13,2014-01-20,2015-01-20,19,Mercedes,E-Class,SUV,flood,rear,severe,online,third_party_fire_theft,False,True,False,16,136863,38,0,7,2006,54266.55,2.04,5426.66,9180.0,1.6916,False,,,scrapped_by_model,0.9999,1,1,0.9997,1,0.9997,1
CLM004530,POL003110,2022-06-29,2022-06-07,2018-12-18,2019-12-18,22,Honda,Jazz,Hatchback,flood,front,moderate,app,comprehensive,False,False,False,6,172214,56,0,20,2016,15898.11,0.864,8267.02,1728.0,0.209,False,,,sent_to_garage,0.2791,0,0,0.004,0,0.1153,0
CLM004531,POL004352,2023-10-31,2023-10-07,2012-02-05,2013-02-04,24,Audi,A3,Hatchback,fire,roof,severe,phone,comprehensive,False,False,True,11,166473,39,0,3,2012,29293.62,1.786,3515.23,10716.0,2.0,False,,,sent_to_garage,0.9985,0,1,0.9999,1,0.9978,1
CLM004535,POL002842,2022-04-28,2022-04-21,2013-10-20,2014-10-20,7,Mercedes,GLC,Sedan,vandalism,rear,moderate,broker,third_party_fire_theft,False,False,False,11,152658,39,0,10,2011,46337.29,1.899,5560.47,3418.2,0.6147,False,,,sent_to_garage,0.1811,0,0,0.1117,0,0.2186,0
CLM004541,POL000275,2022-07-24,2022-07-18,2020-10-28,2021-10-28,6,BMW,X3,Van,flood,multiple,moderate,app,third_party_fire_theft,True,True,True,17,18895,45,0,3,2005,46005.57,1.898,4600.56,6643.0,1.444,False,,,scrapped_by_model,0.9998,1,1,0.9989,1,0.9992,1
CLM004542,POL000168,2023-10-28,2023-10-28,2013-12-15,2014-12-15,0,Volkswagen,Tiguan,SUV,theft_damage,front,moderate,direct,comprehensive,True,True,True,4,133541,81,3,1,2019,35028.59,1.099,23819.44,2198.0,0.0923,True,,,sent_to_garage,0.0861,0,0,0.0171,0,0.0115,0
CLM004545,POL002008,2024-04-16,2024-04-02,2020-07-02,2021-07-02,14,Hyundai,i10,Sedan,vandalism,multiple,moderate,direct,third_party_fire_theft,False,False,False,3,11693,44,3,7,2021,12311.96,0.733,9357.09,2565.5,0.2742,False,,,sent_to_garage,0.2571,0,1,0.9017,0,0.6515,0
CLM004550,POL001603,2022-08-14,2022-08-11,2014-04-22,2015-04-22,3,Mercedes,E-Class,SUV,fire,rear,moderate,direct,comprehensive,True,True,True,15,146125,25,0,12,2007,50011.02,1.947,5001.1,3504.6,0.7008,False,,,sent_to_garage,0.3569,0,1,0.8955,0,0.5406,0
CLM004554,POL003816,2024-06-28,2024-05-30,2016-04-14,2017-04-14,29,BMW,5 Series,Van,fire,front,moderate,phone,third_party,False,True,False,0,179162,34,2,9,2024,43344.46,1.913,43344.46,3826.0,0.0883,True,,,sent_to_garage,0.6494,0,1,0.8554,0,0.7988,0
CLM004555,POL001414,2022-02-25,2022-02-11,2018-08-25,2019-08-25,14,Vauxhall,Corsa,Estate,theft_damage,front,minor,broker,comprehensive,False,True,True,12,151266,53,0,7,2010,12493.82,0.705,1249.38,352.5,0.2821,False,,,sent_to_garage,0.0323,0,0,0.0525,0,0.1501,0
CLM004559,POL000139,2023-12-18,2023-12-01,2014-06-23,2015-06-23,17,Vauxhall,Astra,Sedan,fire,multiple,moderate,broker,third_party_fire_theft,False,False,True,16,154945,17,1,6,2007,17326.85,0.734,1732.68,2569.0,1.4827,False,,,scrapped_by_model,0.9999,1,1,0.9978,1,0.9979,1
CLM004561,POL006529,2023-04-28,2023-04-23,2013-01-06,2014-01-06,5,Ford,Transit,Hatchback,collision,roof,minor,online,comprehensive,False,False,False,7,113481,43,1,16,2016,28868.27,0.969,12702.04,581.4,0.0458,False,,,sent_to_garage,0.0248,0,0,0.0185,0,0.0195,0
CLM004563,POL001549,2023-09-26,2023-09-14,2021-11-04,2022-11-04,12,Hyundai,Tucson,Van,vandalism,front,minor,direct,comprehensive,False,True,True,1,74821,17,0,13,2022,28308.94,0.887,26044.22,443.5,0.017,True,,,sent_to_garage,0.0106,0,0,0.0521,0,0.1408,0
CLM004564,POL004594,2024-07-21,2024-06-23,2023-05-20,2024-05-19,28,Honda,CR-V,Motorbike,vandalism,front,minor,phone,third_party_fire_theft,True,True,False,2,173762,40,1,14,2022,28783.92,0.902,24178.49,451.0,0.0187,True,,,sent_to_garage,0.0727,0,0,0.1343,0,0.0875,0
CLM004565,POL000906,2022-01-05,2022-01-03,2017-04-17,2018-04-17,2,Toyota,Corolla,Motorbike,vandalism,roof,severe,app,comprehensive,False,True,True,14,13877,55,1,8,2008,21788.88,0.849,2178.89,5094.0,2.0,False,,,scrapped_by_model,0.9993,1,1,0.9977,1,0.9981,1
CLM004566,POL003731,2024-08-09,2024-07-10,2018-08-18,2019-08-18,30,Vauxhall,Astra,Hatchback,flood,roof,severe,online,third_party,False,False,True,1,108232,22,1,8,2023,18465.16,0.772,16987.95,4632.0,0.2727,False,,,sent_to_garage,0.6206,0,0,0.0548,0,0.0958,0
CLM004576,POL001077,2022-12-08,2022-11-17,2012-07-18,2013-07-18,21,Audi,Q3,Motorbike,vandalism,side,moderate,broker,third_party,False,False,False,0,190034,25,0,3,2022,35926.34,1.778,35926.34,2667.0,0.0742,True,,,sent_to_garage,0.1613,0,0,0.0174,0,0.0792,0
CLM004578,POL000447,2024-06-16,2024-06-05,2012-06-15,2013-06-15,11,Nissan,Micra,Motorbike,theft_damage,multiple,moderate,app,third_party,True,True,True,19,194834,21,2,5,2005,12489.51,0.78,1248.95,2730.0,2.0,False,,,scrapped_by_model,0.9992,1,1,0.9973,1,0.9947,0
CLM004579,POL002763,2022-01-30,2022-01-27,2017-10-21,2018-10-21,3,Mercedes,E-Class,Van,flood,side,minor,direct,comprehensive,True,True,True,10,109951,20,0,9,2012,54437.51,1.977,10887.5,790.8,0.0726,False,,,sent_to_garage,0.3636,0,0,0.0121,0,0.0799,0
CLM004582,POL004465,2022-03-29,2022-03-10,2013-02-15,2014-02-15,19,Volkswagen,Polo,Motorbike,theft_damage,multiple,moderate,broker,comprehensive,False,True,True,10,69018,49,0,20,2012,16741.14,0.915,3348.23,3202.5,0.9565,False,,,scrapped_by_model,0.9997,1,1,0.9726,0,0.9977,1
CLM004584,POL006341,2022-06-12,2022-06-06,2019-07-13,2020-07-12,6,Vauxhall,Corsa,Van,collision,side,moderate,direct,third_party,True,True,True,3,185361,55,1,18,2019,13407.11,0.692,10189.4,1038.0,0.1019,False,,,sent_to_garage,0.0935,0,1,0.7003,0,0.4067,0
CLM004587,POL002856,2024-01-28,2024-01-26,2020-02-12,2021-02-11,2,BMW,5 Series,Estate,collision,side,moderate,online,third_party_fire_theft,True,True,True,2,101803,47,1,3,2022,46057.02,1.866,38687.9,2799.0,0.0723,True,,,sent_to_garage,0.0105,0,0,0.0389,0,0.0602,0
CLM004592,POL002805,2022-11-16,2022-10-18,2017-05-01,2018-05-01,29,Audi,A3,Van,vandalism,multiple,moderate,broker,comprehensive,False,False,True,17,72837,52,0,16,2005,28980.94,1.787,2898.09,6254.5,2.0,False,,,scrapped_by_model,0.9994,1,1,0.9996,1,0.9997,1
CLM004594,POL001145,2024-12-30,2024-12-17,2022-09-29,2023-09-29,13,Honda,HR-V,Estate,collision,roof,minor,online,comprehensive,False,False,True,14,152950,42,0,13,2010,24287.95,0.905,2428.8,543.0,0.2236,False,,,sent_to_garage,0.1882,0,0,0.1365,0,0.2904,0
CLM004595,POL001194,2024-05-06,2024-04-26,2020-12-08,2021-12-08,10,Nissan,Qashqai,SUV,vandalism,side,minor,broker,comprehensive,False,True,False,19,40266,17,1,11,2005,29204.01,0.9,2920.4,360.0,0.1233,False,,,sent_to_garage,0.0353,0,0,0.0617,0,0.0506,0
CLM004605,POL003953,2024-12-08,2024-12-07,2018-08-29,2019-08-29,1,Audi,Q5,Sedan,flood,roof,minor,app,comprehensive,True,True,False,17,162258,45,0,0,2007,46622.56,1.813,4662.26,1087.8,0.2333,False,,,sent_to_garage,0.3865,0,0,0.1037,0,0.0877,0
CLM004606,POL001818,2023-11-27,2023-11-11,2013-05-23,2014-05-23,16,Audi,A3,Motorbike,theft_damage,side,minor,online,comprehensive,False,False,True,4,172193,31,0,2,2019,31320.06,1.791,21297.64,716.4,0.0336,True,,,sent_to_garage,0.3891,0,0,0.024,0,0.0868,0
CLM004609,POL000601,2022-06-11,2022-06-09,2018-06-22,2019-06-22,2,Audi,A6,Sedan,collision,roof,minor,app,comprehensive,True,False,False,16,102945,22,1,16,2006,47869.36,1.951,4786.94,1170.6,0.2445,False,,,sent_to_garage,0.3778,0,0,0.0464,0,0.1775,0
CLM004610,POL006172,2022-01-06,2021-12-10,2019-11-30,2020-11-29,27,Ford,Mondeo,Estate,flood,roof,moderate,broker,comprehensive,False,True,True,20,137385,45,0,7,2002,,,,,,False,,,sent_to_garage,0.4303,0,0,0.2536,0,0.3338,0
CLM004613,POL003813,2024-12-05,2024-11-06,2019-03-26,2020-03-25,29,Mercedes,C-Class,Sedan,theft_damage,side,moderate,phone,third_party,False,True,False,2,77055,39,0,15,2022,39724.31,1.847,33368.42,2770.5,0.083,True,,,sent_to_garage,0.0403,0,0,0.0849,0,0.0623,0
CLM004616,POL001620,2023-07-05,2023-06-06,2023-02-19,2024-02-19,29,Ford,Focus,Van,theft_damage,multiple,minor,app,third_party,False,True,False,8,57506,48,1,10,2015,18242.49,0.803,6567.3,642.4,0.0978,False,,,sent_to_garage,0.5083,0,0,0.0854,0,0.1279,0
CLM004617,POL000769,2024-05-24,2024-05-11,2023-08-19,2024-08-18,13,Hyundai,i30,SUV,vandalism,roof,severe,phone,comprehensive,False,True,True,5,46888,33,0,13,2019,20776.12,0.835,12465.67,5010.0,0.4019,False,,,sent_to_garage,0.5596,0,0,0.0462,0,0.2223,0
CLM004622,POL005438,2024-03-23,2024-03-02,2020-05-02,2021-05-02,21,Audi,Q3,Hatchback,flood,multiple,severe,broker,third_party,True,False,True,16,190220,68,1,11,2008,35147.28,1.771,3514.73,14168.0,2.0,False,,,scrapped_by_model,1.0,1,1,0.9998,1,0.9996,1
CLM004623,POL003606,2023-09-21,2023-08-28,2017-09-05,2018-09-05,24,Honda,Jazz,Motorbike,theft_damage,rear,severe,broker,comprehensive,False,True,True,13,46708,24,1,15,2010,16398.11,0.865,1639.81,3892.5,2.0,False,,,scrapped_by_model,0.9987,1,1,0.9994,1,0.9998,1
CLM004630,POL001497,2022-01-26,2022-01-11,2016-08-31,2017-08-31,15,Hyundai,i20,Sedan,theft_damage,side,moderate,phone,comprehensive,False,False,False,9,117701,33,1,18,2013,16737.0,0.79,4686.36,1185.0,0.2529,False,,,sent_to_garage,0.104,0,0,0.0838,0,0.1088,0
CLM004631,POL001542,2023-03-31,2023-03-20,2017-01-31,2018-01-31,11,Hyundai,i30,Estate,theft_damage,multiple,minor,online,third_party_fire_theft,False,True,True,2,115172,35,3,7,2021,19282.05,0.843,16196.92,674.4,0.0416,False,,,sent_to_garage,0.1236,0,0,0.0805,0,0.0839,0
CLM004634,POL001532,2023-08-05,2023-07-14,2021-08-25,2022-08-25,22,Vauxhall,Corsa,Van,collision,front,moderate,phone,third_party_fire_theft,True,False,True,4,38988,65,0,1,2019,13407.11,0.692,9116.83,1384.0,0.1518,False,,,sent_to_garage,0.1337,0,0,0.057,0,0.086,0
CLM004635,POL003662,2022-11-11,2022-11-08,2012-11-19,2013-11-19,3,Toyota,RAV4,Van,vandalism,rear,moderate,app,comprehensive,False,True,True,5,104516,34,1,6,2017,32600.53,0.911,19560.32,1639.8,0.0838,True,,,sent_to_garage,0.0704,0,0,0.0775,0,0.1,0
CLM004640,POL001248,2023-09-23,2023-08-24,2019-04-23,2020-04-22,30,Toyota,Corolla,Motorbike,theft_damage,multiple,moderate,online,comprehensive,True,False,True,1,174734,44,1,2,2022,21693.45,0.851,19957.97,2978.5,0.1492,True,,,sent_to_garage,0.123,0,0,0.1033,0,0.1573,0
CLM004647,POL005186,2022-10-21,2022-09-29,2020-08-29,2021-08-29,22,Hyundai,i30,SUV,fire,multiple,minor,direct,comprehensive,False,False,False,4,14256,38,0,15,2018,20280.88,0.805,13791.0,644.0,0.0467,False,,,sent_to_garage,0.2001,0,0,0.0751,0,0.1495,0
CLM004649,POL001751,2023-08-28,2023-08-05,2016-03-07,2017-03-07,23,Audi,A6,Hatchback,flood,front,minor,online,third_party,False,True,False,16,194146,27,1,18,2007,47245.03,1.863,4724.5,931.5,0.1972,False,,,sent_to_garage,0.6822,0,0,0.0571,0,0.1133,0
CLM004651,POL004769,2024-12-20,2024-11-25,2013-08-25,2014-08-25,25,Mercedes,C-Class,SUV,flood,side,moderate,online,comprehensive,False,True,True,9,90128,17,0,8,2015,38857.31,1.859,10880.05,2788.5,0.2563,False,,,sent_to_garage,0.0889,0,0,0.0223,0,0.033,0
CLM004655,POL002354,2023-03-23,2023-02-21,2012-09-21,2013-09-21,30,Honda,HR-V,Hatchback,flood,multiple,severe,online,comprehensive,False,False,True,2,40522,49,4,11,2021,24038.32,0.906,20192.19,7248.0,0.359,True,,,sent_to_garage,0.651,0,0,0.0686,0,0.0994,0
CLM004659,POL003243,2022-08-20,2022-08-12,2015-10-31,2016-10-30,8,Nissan,Qashqai,Sedan,fire,multiple,severe,online,comprehensive,True,False,True,17,114379,39,1,12,2005,29204.01,0.9,2920.4,7200.0,2.0,False,,,scrapped_by_model,1.0,1,1,0.9998,1,0.9999,1
CLM004666,POL002307,2022-03-19,2022-03-13,2017-08-23,2018-08-23,6,Audi,Q3,Sedan,collision,rear,severe,broker,comprehensive,True,True,False,3,157696,42,2,6,2019,34104.72,1.793,25919.59,8068.5,0.3113,True,,,sent_to_garage,0.622,0,0,0.0832,0,0.2341,0
CLM004675,POL003728,2023-11-23,2023-11-14,2014-10-23,2015-10-23,9,Honda,Civic,Sedan,collision,front,moderate,phone,third_party_fire_theft,False,False,True,5,4880,48,0,6,2018,20958.47,0.856,12575.08,1712.0,0.1361,False,,,sent_to_garage,0.0539,0,0,0.0128,0,0.0308,0
CLM004677,POL000629,2022-06-10,2022-05-27,2019-06-09,2020-06-08,14,Nissan,Qashqai,SUV,theft_damage,front,moderate,app,third_party,False,True,True,10,20097,43,0,4,2012,27740.61,0.904,5548.12,1808.0,0.3259,False,,,sent_to_garage,0.1149,0,0,0.0841,0,0.0482,0
CLM004678,POL000748,2022-07-15,2022-06-26,2014-05-14,2015-05-14,19,Audi,Q5,Estate,collision,side,minor,direct,third_party,False,False,True,6,28882,66,1,2,2016,43370.99,1.882,22552.91,752.8,0.0334,True,,,sent_to_garage,0.1777,0,0,0.0308,0,0.0383,0
CLM004681,POL005555,2023-09-30,2023-09-20,2019-03-04,2020-03-03,10,Volkswagen,Tiguan,Hatchback,collision,front,moderate,app,third_party_fire_theft,True,False,True,10,197078,24,2,6,2013,33640.6,1.092,6728.12,2184.0,0.3246,False,,,sent_to_garage,0.0125,0,0,0.1311,0,0.0553,0
CLM004683,POL004292,2023-10-04,2023-09-26,2014-06-09,2015-06-09,8,Volkswagen,Polo,Sedan,flood,roof,moderate,app,third_party,False,False,False,7,80918,17,3,6,2016,16751.7,0.926,7370.75,2315.0,0.3141,False,,,sent_to_garage,0.0715,0,0,0.0134,0,0.0727,0
CLM004684,POL004163,2024-07-06,2024-06-25,2023-04-13,2024-04-12,11,Mercedes,A-Class,Motorbike,flood,roof,moderate,broker,comprehensive,True,False,True,0,34363,47,0,6,2024,29945.29,1.807,29945.29,4517.5,0.1509,True,,,sent_to_garage,0.0682,0,0,0.0296,0,0.0898,0
CLM004688,POL002559,2023-12-02,2023-11-14,2021-12-24,2022-12-24,18,Hyundai,Tucson,Hatchback,collision,front,moderate,app,comprehensive,True,True,True,12,60941,32,1,19,2011,27568.98,0.878,2756.9,1756.0,0.6369,False,,,sent_to_garage,0.0156,0,0,0.0323,0,0.0205,0
CLM004690,POL004115,2023-03-15,2023-03-15,2014-09-13,2015-09-13,0,Hyundai,i10,Hatchback,collision,roof,minor,phone,comprehensive,False,True,True,13,137796,36,1,7,2010,11719.24,0.74,1171.92,444.0,0.3789,False,,,sent_to_garage,0.0791,0,0,0.0737,0,0.1026,0
CLM004693,POL004106,2024-07-05,2024-07-02,2022-09-05,2023-09-05,3,Nissan,Juke,Estate,fire,side,minor,broker,third_party,False,True,True,16,11120,32,1,12,2008,19582.66,0.851,1958.27,340.4,0.1738,False,,,sent_to_garage,0.6347,0,0,0.035,0,0.2101,0
CLM004698,POL002702,2024-04-17,2024-04-13,2022-09-12,2023-09-12,4,Hyundai,Tucson,Estate,vandalism,roof,minor,app,comprehensive,False,True,False,19,161537,35,0,14,2005,29371.5,0.858,2937.15,514.8,0.1753,False,,,sent_to_garage,0.2331,0,0,0.1457,0,0.1439,0
CLM004699,POL002964,2024-12-23,2024-11-27,2016-09-02,2017-09-02,26,Nissan,Leaf,Hatchback,fire,front,severe,direct,comprehensive,False,True,True,14,161319,37,0,10,2010,29789.87,0.996,2978.99,4980.0,1.6717,False,,,scrapped_by_model,0.9998,1,1,0.9999,1,0.9999,1
CLM004701,POL006262,2022-07-19,2022-07-05,2019-02-14,2020-02-14,14,Hyundai,Tucson,Estate,theft_damage,side,moderate,app,comprehensive,False,False,True,11,98242,27,1,3,2011,27568.98,0.878,3308.28,1317.0,0.3981,False,,,sent_to_garage,0.0268,0,1,0.498,0,0.2935,0
CLM004702,POL002510,2023-11-13,2023-11-05,2013-10-19,2014-10-19,8,Honda,CR-V,Hatchback,fire,front,moderate,app,third_party,False,True,True,5,65401,44,2,19,2018,29853.14,0.924,17911.88,1848.0,0.1032,True,,,sent_to_garage,0.1693,0,0,0.0798,0,0.1427,0
CLM004703,POL001933,2023-07-03,2023-06-14,2018-09-14,2019-09-14,19,Toyota,Corolla,Sedan,collision,rear,severe,online,comprehensive,False,True,True,14,130176,28,1,16,2009,21162.28,0.831,2116.23,3739.5,1.7671,False,,,scrapped_by_model,0.9996,1,1,0.9991,1,0.9998,1
CLM004707,POL000489,2022-12-25,2022-12-18,2019-05-08,2020-05-07,7,Ford,Kuga,Motorbike,flood,rear,severe,broker,comprehensive,True,True,False,13,5576,44,0,1,2009,29283.97,0.899,2928.4,4045.5,1.3815,False,,,sent_to_garage,0.997,0,1,0.9997,1,0.9986,1
CLM004714,POL005089,2024-06-11,2024-05-24,2020-05-10,2021-05-10,18,Mercedes,A-Class,SUV,fire,front,severe,direct,comprehensive,False,False,False,1,196705,32,1,10,2023,28803.32,1.834,26499.05,9170.0,0.3461,True,,,sent_to_garage,0.4363,0,1,0.9588,0,0.9054,0
CLM004717,POL001947,2024-04-11,2024-04-04,2014-01-04,2015-01-04,7,Ford,Mondeo,Hatchback,vandalism,front,moderate,phone,comprehensive,False,True,True,13,37528,37,0,3,2011,21159.61,0.874,2115.96,1748.0,0.8261,False,,,sent_to_garage,0.4423,0,1,0.8869,0,0.856,0
CLM004718,POL003334,2024-04-17,2024-03-29,2020-05-03,2021-05-03,19,Toyota,Yaris,Sedan,fire,side,moderate,online,comprehensive,False,False,True,0,78856,34,1,16,2024,15108.62,0.783,15108.62,1174.5,0.0777,False,,,sent_to_garage,0.055,0,0,0.0439,0,0.0616,0
CLM004720,POL000840,2024-12-11,2024-11-14,2019-12-12,2020-12-11,27,BMW,3 Series,Estate,collision,multiple,minor,phone,third_party,False,True,False,5,135095,44,1,11,2019,34078.61,1.773,20447.17,1418.4,0.0694,True,,,sent_to_garage,0.2095,0,0,0.0815,0,0.1553,0
CLM004727,POL004542,2023-02-12,2023-01-14,2021-01-18,2022-01-18,29,BMW,3 Series,Hatchback,theft_damage,front,severe,broker,comprehensive,True,False,True,14,140000,50,0,5,2009,34336.17,1.762,3433.62,8810.0,2.0,False,,,scrapped_by_model,0.999,1,1,0.999,1,0.9993,1
CLM004730,POL002316,2024-11-26,2024-11-03,2020-11-23,2021-11-23,23,Vauxhall,Astra,Van,fire,roof,minor,app,third_party_fire_theft,False,True,True,3,191966,51,3,12,2021,17813.1,0.758,13537.96,454.8,0.0336,False,,,sent_to_garage,0.1014,0,1,0.7559,0,0.5741,0
CLM004732,POL005174,2024-01-27,2024-01-26,2015-05-25,2016-05-24,1,Audi,A3,Van,theft_damage,rear,moderate,phone,third_party,True,True,True,17,16557,46,1,3,2007,29388.1,1.736,2938.81,3124.8,1.0633,False,,,scrapped_by_model,0.9988,1,1,0.9889,0,0.9903,0
CLM004734,POL001337,2024-04-27,2024-03-31,2017-03-12,2018-03-12,27,Nissan,Leaf,Van,theft_damage,front,minor,app,third_party,True,False,True,4,40551,75,0,20,2020,29086.49,0.995,19778.81,497.5,0.0252,True,,,sent_to_garage,0.0409,0,0,0.0029,0,0.0222,0
CLM004735,POL005135,2023-01-18,2023-01-18,2015-12-12,2016-12-11,0,Vauxhall,Corsa,Sedan,theft_damage,multiple,moderate,online,comprehensive,False,False,False,1,53509,24,1,1,2022,12762.93,0.682,11741.9,2387.0,0.2033,False,,,sent_to_garage,0.0691,0,1,0.8304,0,0.8835,0
CLM004742,POL001275,2024-02-04,2024-01-21,2013-06-04,2014-06-04,14,Audi,A4,Hatchback,theft_damage,rear,moderate,direct,third_party,True,False,False,18,165620,24,2,20,2006,37062.1,1.749,3706.21,3148.2,0.8494,False,,,sent_to_garage,0.9926,0,1,0.9428,0,0.9864,0
CLM004743,POL004400,2022-10-13,2022-10-07,2021-02-21,2022-02-21,6,Volkswagen,Polo,Sedan,fire,rear,minor,online,third_party,False,True,True,15,61938,68,0,10,2007,15211.7,0.888,1521.17,399.6,0.2627,False,,,sent_to_garage,0.1218,0,0,0.0636,0,0.1246,0
CLM004745,POL000405,2022-07-11,2022-06-12,2012-10-01,2013-10-01,29,Nissan,Leaf,Van,collision,side,minor,phone,comprehensive,False,True,False,15,154570,36,1,20,2007,30533.13,1.019,3053.31,407.6,0.1335,False,,,sent_to_garage,0.1123,0,1,0.7941,0,0.5467,0
CLM004756,POL003077,2023-10-23,2023-09-29,2021-12-21,2022-12-21,24,Audi,A6,SUV,fire,rear,minor,direct,third_party_fire_theft,False,False,True,7,123637,28,0,10,2016,48042.88,1.946,21138.87,875.7,0.0414,True,,,sent_to_garage,0.2675,0,1,0.7185,0,0.6391,0
CLM004758,POL006514,2023-01-07,2022-12-16,2016-09-21,2017-09-21,22,Nissan,Micra,Motorbike,collision,rear,minor,direct,comprehensive,True,False,False,15,187911,48,2,9,2008,12982.16,0.779,1298.22,350.55,0.27,False,,,sent_to_garage,0.0892,0,0,0.1938,0,0.1623,0
CLM004762,POL002845,2023-01-18,2022-12-22,2016-05-24,2017-05-24,27,Toyota,Corolla,Van,collision,roof,minor,app,third_party_fire_theft,False,False,True,0,99877,50,1,4,2023,22520.75,0.87,22520.75,522.0,0.0232,True,,,sent_to_garage,0.2032,0,1,0.5258,0,0.544,0
CLM004766,POL001539,2022-12-24,2022-11-26,2017-03-05,2018-03-05,28,Honda,Civic,SUV,fire,side,minor,direct,third_party_fire_theft,True,True,True,17,164932,53,1,14,2005,21382.22,0.865,2138.22,346.0,0.1618,False,,,sent_to_garage,0.1026,0,1,0.8904,0,0.6703,0
CLM004767,POL003721,2024-11-27,2024-11-17,2018-01-19,2019-01-19,10,Audi,A4,Sedan,collision,rear,moderate,phone,comprehensive,False,True,True,8,115965,53,0,7,2016,38466.29,1.827,13847.86,3288.6,0.2375,False,,,sent_to_garage,0.0693,0,0,0.0118,0,0.1545,0
CLM004777,POL002432,2022-08-10,2022-08-08,2021-12-17,2022-12-17,2,Toyota,RAV4,Estate,collision,front,minor,direct,comprehensive,False,False,True,0,142614,31,1,10,2022,33565.23,0.903,33565.23,451.5,0.0135,True,,,sent_to_garage,0.0028,0,0,0.0688,0,0.0255,0
CLM004778,POL000463,2022-10-03,2022-09-15,2012-12-02,2013-12-02,18,Hyundai,i20,Sedan,fire,multiple,minor,direct,comprehensive,False,True,True,17,67007,46,1,18,2005,16398.96,0.77,1639.9,616.0,0.3756,False,,,sent_to_garage,0.2776,0,0,0.0888,0,0.4603,0
CLM004780,POL003702,2022-10-11,2022-09-11,2020-12-07,2021-12-07,30,BMW,1 Series,Estate,vandalism,rear,severe,app,comprehensive,False,False,True,3,195701,50,0,3,2019,28922.4,1.73,21981.02,7785.0,0.3542,True,,,sent_to_garage,0.9197,0,0,0.1477,0,0.4257,0
CLM004786,POL004902,2022-11-15,2022-10-29,2018-01-03,2019-01-03,17,Ford,Transit,Hatchback,collision,front,severe,app,third_party_fire_theft,False,True,True,3,104469,43,0,14,2019,29089.3,0.939,22107.87,4695.0,0.2124,True,,,sent_to_garage,0.8121,0,0,0.1942,0,0.3035,0
CLM004797,POL001059,2024-01-25,2023-12-29,2014-08-27,2015-08-27,27,Hyundai,i20,Hatchback,vandalism,front,minor,phone,third_party_fire_theft,False,False,True,17,109752,54,3,7,2007,16004.6,0.78,1600.46,390.0,0.2437,False,,,sent_to_garage,0.2045,0,1,0.8923,0,0.5762,0
CLM004799,POL004759,2022-06-23,2022-06-09,2019-09-06,2020-09-05,14,Mercedes,GLC,Van,theft_damage,rear,minor,broker,comprehensive,False,False,True,4,12180,59,0,8,2018,46684.46,1.943,31745.43,874.35,0.0275,True,,,sent_to_garage,0.1175,0,0,0.0546,0,0.0648,0
CLM004802,POL001179,2022-01-17,2021-12-22,2016-05-23,2017-05-23,26,Vauxhall,Astra,Sedan,flood,side,minor,direct,comprehensive,False,True,True,18,16342,35,0,11,2004,18405.33,0.759,1840.53,303.6,0.165,False,,,sent_to_garage,0.2139,0,0,0.0045,0,0.009,0
CLM004804,POL002613,2023-02-15,2023-01-23,2017-11-15,2018-11-15,23,Ford,Mondeo,Van,theft_damage,multiple,moderate,online,comprehensive,False,False,True,11,186935,39,1,3,2012,22898.88,0.86,2747.87,3010.0,1.0954,False,,,sent_to_garage,0.9966,0,1,0.9999,1,0.9996,1
CLM004809,POL002464,2022-04-20,2022-04-20,2013-05-22,2014-05-22,0,Vauxhall,Insignia,Van,fire,multiple,moderate,direct,third_party_fire_theft,False,False,True,11,134070,65,0,12,2011,24445.28,0.835,2933.43,2922.5,0.9963,False,,,scrapped_by_model,0.9994,1,1,0.9984,1,0.9983,1
CLM004810,POL003270,2024-05-31,2024-05-23,2016-12-20,2017-12-20,8,BMW,3 Series,Estate,theft_damage,side,minor,broker,comprehensive,False,True,True,17,180759,31,1,4,2007,33482.96,1.81,3348.3,724.0,0.2162,False,,,sent_to_garage,0.2238,0,0,0.1348,0,0.3835,0
CLM004811,POL002923,2023-11-25,2023-11-24,2014-01-08,2015-01-08,1,BMW,1 Series,Sedan,theft_damage,multiple,severe,direct,comprehensive,True,True,True,9,112094,40,1,5,2014,26992.95,1.692,7558.03,13536.0,1.7909,False,,,scrapped_by_model,0.9997,1,1,0.9985,1,0.9998,1
CLM004812,POL003846,2022-07-15,2022-06-27,2019-12-27,2020-12-26,18,Audi,Q5,Hatchback,theft_damage,front,severe,online,comprehensive,False,True,True,1,97114,42,0,18,2021,45003.45,1.871,41403.17,9355.0,0.2259,True,,,sent_to_garage,0.5716,0,1,0.927,0,0.8018,0
CLM004815,POL002417,2024-09-08,2024-08-21,2015-02-13,2016-02-13,18,Audi,A3,Sedan,vandalism,rear,severe,app,comprehensive,True,False,True,0,140542,25,1,14,2024,31356.75,1.748,31356.75,7866.0,0.2509,True,,,sent_to_garage,0.4474,0,0,0.0384,0,0.2115,0
CLM004817,POL001335,2024-08-02,2024-07-13,2012-04-07,2013-04-07,20,Vauxhall,Corsa,Sedan,flood,multiple,minor,direct,comprehensive,False,True,True,3,25859,31,2,13,2021,12631.26,0.696,9599.76,556.8,0.058,False,,,sent_to_garage,0.2502,0,1,0.8708,0,0.737,0
CLM004821,POL004035,2023-04-24,2023-03-25,2015-08-16,2016-08-15,30,Hyundai,i20,Estate,vandalism,multiple,minor,broker,third_party,False,False,True,17,80916,29,0,9,2006,15388.55,0.768,1538.86,614.4,0.3993,False,,,sent_to_garage,0.0871,0,1,0.8266,0,0.7367,0
CLM004822,POL001551,2022-02-24,2022-02-02,2016-05-23,2017-05-23,22,Volkswagen,Tiguan,Van,theft_damage,front,minor,broker,third_party_fire_theft,False,False,True,9,110650,50,0,14,2013,33640.6,1.092,9419.37,546.0,0.058,False,,,sent_to_garage,0.1014,0,0,0.0082,0,0.0341,0
CLM004824,POL003976,2023-01-11,2022-12-13,2021-01-03,2022-01-03,29,Toyota,Yaris,SUV,vandalism,roof,minor,phone,comprehensive,False,False,False,16,31985,55,0,9,2007,14607.83,0.817,1460.78,490.2,0.3356,False,,,sent_to_garage,0.2737,0,1,0.8267,0,0.8895,0
CLM004825,POL002323,2022-07-23,2022-07-06,2016-03-05,2017-03-05,17,Volkswagen,Golf,Hatchback,theft_damage,roof,moderate,phone,comprehensive,True,True,True,17,19240,43,1,7,2005,23842.43,0.992,2384.24,2480.0,1.0402,False,,,scrapped_by_model,0.9992,1,1,0.9988,1,0.9992,1
CLM004826,POL002271,2024-03-26,2024-03-26,2021-11-19,2022-11-19,0,Hyundai,Tucson,Van,flood,front,minor,broker,comprehensive,False,True,True,4,67620,46,0,17,2020,28192.73,0.869,19171.06,434.5,0.0227,True,,,sent_to_garage,0.086,0,0,0.1102,0,0.2091,0
CLM004827,POL001011,2024-06-05,2024-05-17,2012-09-19,2013-09-19,19,BMW,5 Series,Sedan,collision,front,moderate,online,comprehensive,False,False,True,10,67583,32,0,19,2014,44398.77,1.88,8879.75,3760.0,0.4234,False,,,sent_to_garage,0.0546,0,0,0.011,0,0.0209,0
CLM004828,POL002338,2024-07-16,2024-07-09,2022-11-10,2023-11-10,7,Volkswagen,Passat,Estate,flood,roof,moderate,app,comprehensive,False,False,True,3,132749,44,1,18,2021,30875.92,1.068,23465.7,2670.0,0.1138,True,,,sent_to_garage,0.2496,0,1,0.7229,0,0.4913,0
CLM004831,POL003352,2024-05-29,2024-05-29,2021-05-04,2022-05-04,0,Hyundai,i30,SUV,fire,multiple,minor,app,third_party,False,False,False,20,14330,73,0,2,2004,20423.84,0.823,2042.38,658.4,0.3224,False,,,sent_to_garage,0.2696,0,0,0.0366,0,0.0487,0
CLM004832,POL001691,2024-09-10,2024-08-28,2021-07-01,2022-07-01,13,Nissan,Qashqai,Van,fire,roof,minor,online,comprehensive,False,True,True,1,180465,44,0,19,2023,29258.02,0.895,26917.38,537.0,0.0199,True,,,sent_to_garage,0.1404,0,0,0.0456,0,0.117,0
CLM004834,POL004180,2024-03-14,2024-03-11,2022-08-14,2023-08-14,3,Vauxhall,Astra,Hatchback,theft_damage,side,moderate,broker,comprehensive,False,False,True,13,132661,30,3,15,2011,18887.55,0.754,1888.76,1131.0,0.5988,False,,,sent_to_garage,0.2355,0,1,0.8402,0,0.6803,0
CLM004835,POL001876,2023-12-04,2023-11-28,2023-05-17,2024-05-16,6,Volkswagen,Tiguan,Van,collision,multiple,moderate,broker,third_party,False,True,True,8,131881,52,3,13,2015,33974.57,1.087,12230.85,3804.5,0.3111,False,,,sent_to_garage,0.2391,0,0,0.0536,0,0.157,0
CLM004837,POL000417,2023-12-18,2023-12-06,2015-05-18,2016-05-17,12,BMW,3 Series,Hatchback,vandalism,side,severe,app,comprehensive,False,False,True,15,104109,51,0,20,2008,33761.61,1.835,3376.16,7340.0,2.0,False,,,scrapped_by_model,0.9999,1,1,0.9994,1,0.9999,1
CLM004841,POL004964,2024-04-07,2024-04-03,2020-06-27,2021-06-27,4,Honda,Jazz,Van,theft_damage,side,moderate,broker,comprehensive,True,True,False,13,153363,34,0,11,2011,15986.01,0.87,1598.6,1305.0,0.8163,False,,,sent_to_garage,0.901,0,1,0.9839,0,0.9566,0
CLM004845,POL002230,2024-09-22,2024-08-24,2013-05-28,2014-05-28,29,BMW,5 Series,Estate,vandalism,multiple,moderate,broker,third_party_fire_theft,True,True,False,7,138037,61,0,11,2017,46873.57,1.898,20624.37,6643.0,0.3221,True,,,sent_to_garage,0.4628,0,1,0.9139,0,0.8665,0
CLM004849,POL000772,2024-10-26,2024-10-14,2013-01-15,2014-01-15,12,Toyota,Yaris,Van,collision,multiple,moderate,app,third_party,True,True,True,4,117542,65,1,15,2020,15314.37,0.784,10413.77,2744.0,0.2635,False,,,sent_to_garage,0.2637,0,0,0.0793,0,0.2087,0
CLM004851,POL001139,2022-12-08,2022-12-06,2022-03-11,2023-03-11,2,Mercedes,C-Class,Van,fire,roof,moderate,broker,third_party,False,False,True,14,127161,33,1,12,2008,39137.59,1.878,3913.76,4695.0,1.1996,False,,,sent_to_garage,0.9983,0,1,0.9997,1,0.9997,1
CLM004853,POL004549,2024-01-26,2024-01-24,2021-12-09,2022-12-09,2,Ford,Fiesta,Van,fire,front,moderate,broker,comprehensive,False,False,True,4,30212,45,0,1,2020,11790.99,0.744,8017.87,1488.0,0.1856,False,,,sent_to_garage,0.234,0,0,0.0259,0,0.0455,0
CLM004856,POL005670,2024-01-02,2024-01-02,2022-08-18,2023-08-18,0,Toyota,Yaris,Motorbike,collision,front,minor,phone,comprehensive,False,True,False,19,90338,52,0,13,2005,14258.14,0.778,1425.81,389.0,0.2728,False,,,sent_to_garage,0.3503,0,0,0.1176,0,0.1475,0
CLM004858,POL003559,2024-12-23,2024-12-05,2019-11-03,2020-11-02,18,Mercedes,C-Class,Van,flood,front,minor,app,comprehensive,False,True,False,1,191542,62,1,14,2023,40138.4,1.956,36927.33,978.0,0.0265,True,,,sent_to_garage,0.1116,0,0,0.0553,0,0.0491,0
CLM004864,POL004378,2023-09-05,2023-08-31,2021-12-14,2022-12-14,5,Audi,A3,SUV,fire,front,moderate,broker,comprehensive,False,True,True,14,96323,17,0,11,2009,30817.06,1.719,3081.71,3438.0,1.1156,False,,,sent_to_garage,0.9986,0,1,0.9995,1,0.9964,1
CLM004868,POL001344,2024-10-07,2024-09-27,2020-10-05,2021-10-05,10,Nissan,Juke,Sedan,fire,multiple,minor,online,comprehensive,False,False,True,17,144651,54,2,6,2007,19308.85,0.835,1930.88,668.0,0.346,False,,,sent_to_garage,0.8917,0,1,0.8967,0,0.7754,0
CLM004869,POL002499,2024-09-25,2024-08-26,2018-10-04,2019-10-04,30,Volkswagen,Golf,Motorbike,collision,front,moderate,broker,third_party,False,False,False,8,160102,46,1,8,2016,25881.95,0.991,9317.5,1982.0,0.2127,False,,,sent_to_garage,0.3132,0,1,0.7932,0,0.3851,0
CLM004870,POL003588,2022-06-07,2022-05-30,2016-06-30,2017-06-30,8,Volkswagen,Tiguan,Hatchback,fire,rear,minor,phone,comprehensive,False,True,False,15,46756,49,1,1,2007,35044.56,1.096,3504.46,493.2,0.1407,False,,,sent_to_garage,0.1671,0,0,0.0558,0,0.2012,0
CLM004873,POL003930,2024-07-14,2024-06-30,2020-01-10,2021-01-09,14,Ford,Focus,SUV,fire,front,severe,broker,comprehensive,True,True,True,20,37597,50,0,5,2004,18360.48,0.791,1836.05,3955.0,2.0,False,,,scrapped_by_model,0.9999,1,1,0.9998,1,0.9999,1
CLM004875,POL002933,2023-02-21,2023-02-11,2021-08-17,2022-08-17,10,Vauxhall,Astra,Van,collision,roof,minor,direct,comprehensive,False,False,True,0,106,47,0,9,2023,18465.16,0.772,18465.16,463.2,0.0251,True,,,sent_to_garage,0.0177,0,0,0.0186,0,0.013,0
CLM004877,POL001253,2023-03-27,2023-03-13,2014-06-02,2015-06-02,14,Ford,Mondeo,Sedan,fire,front,moderate,app,third_party_fire_theft,False,False,False,4,78574,58,1,7,2019,21288.9,0.868,14476.45,1736.0,0.1199,False,,,sent_to_garage,0.2382,0,0,0.0463,0,0.0656,0
CLM004879,POL002189,2023-12-28,2023-12-18,2022-05-09,2023-05-09,10,Hyundai,i20,SUV,vandalism,multiple,severe,app,comprehensive,False,False,True,3,67932,17,0,18,2020,16767.97,0.798,12743.66,6384.0,0.501,False,,,sent_to_garage,0.5238,0,0,0.029,0,0.2539,0
CLM004881,POL000846,2023-01-25,2022-12-26,2012-05-21,2013-05-21,30,Vauxhall,Corsa,Estate,collision,roof,severe,app,comprehensive,False,True,False,11,97367,18,2,3,2012,13117.25,0.715,1574.07,4290.0,2.0,False,,,scrapped_by_model,0.9994,1,1,0.9982,1,0.9992,1
CLM004882,POL003371,2023-08-01,2023-07-31,2012-06-29,2013-06-29,1,Audi,Q5,Estate,fire,rear,moderate,broker,third_party_fire_theft,False,False,False,2,191053,68,1,19,2021,45003.45,1.871,37802.9,3367.8,0.0891,True,,,sent_to_garage,0.0619,0,0,0.0527,0,0.0575,0
CLM004887,POL000616,2023-03-13,2023-02-14,2014-10-29,2015-10-29,27,Nissan,Leaf,Hatchback,collision,front,minor,app,comprehensive,False,True,False,4,32432,29,0,19,2019,29614.63,0.981,20137.95,490.5,0.0244,True,,,sent_to_garage,0.1896,0,0,0.0025,0,0.1066,0
CLM004891,POL001271,2023-05-24,2023-05-04,2022-07-30,2023-07-30,20,BMW,1 Series,Van,vandalism,front,moderate,online,comprehensive,False,True,True,8,3796,37,1,15,2015,29305.45,1.71,10549.96,3420.0,0.3242,False,,,sent_to_garage,0.2271,0,0,0.0107,0,0.0831,0
CLM004894,POL001518,2022-01-01,2021-12-22,2014-11-26,2015-11-26,10,Vauxhall,Corsa,Hatchback,flood,front,severe,broker,comprehensive,True,False,False,4,7965,39,1,6,2018,13630.04,0.694,9268.43,3470.0,0.3744,False,,,sent_to_garage,0.1413,0,0,0.0877,0,0.117,0
CLM004898,POL002860,2023-04-16,2023-03-30,2013-05-17,2014-05-17,17,BMW,5 Series,Motorbike,collision,multiple,moderate,app,comprehensive,True,False,True,17,124641,35,0,15,2006,46257.65,1.916,4625.77,6706.0,1.4497,False,,,scrapped_by_model,0.9998,1,1,0.9995,1,0.9998,1
CLM004899,POL005019,2023-11-16,2023-11-08,2020-12-01,2021-12-01,8,Audi,A6,Van,fire,multiple,severe,online,third_party_fire_theft,False,False,True,1,172267,58,1,18,2022,45694.88,1.88,42039.29,15040.0,0.3578,True,,,sent_to_garage,0.6815,0,1,0.9732,0,0.9613,0
CLM004904,POL004960,2023-07-12,2023-07-12,2016-01-26,2017-01-25,0,Honda,HR-V,Motorbike,collision,multiple,moderate,phone,comprehensive,False,True,True,15,199265,25,1,7,2008,24924.89,0.899,2492.49,3146.5,1.2624,False,,,scrapped_by_model,0.9994,1,1,0.9993,1,0.9953,0
CLM004906,POL003231,2022-03-21,2022-02-20,2012-01-12,2013-01-11,29,Vauxhall,Corsa,Estate,flood,roof,minor,app,comprehensive,False,False,True,12,64016,31,1,1,2010,12493.82,0.705,1249.38,423.0,0.3386,False,,,sent_to_garage,0.0066,0,0,0.0317,0,0.0421,0
CLM004908,POL000688,2022-05-11,2022-05-10,2016-12-17,2017-12-17,1,BMW,X3,Estate,collision,rear,moderate,direct,comprehensive,False,True,True,11,108125,18,4,1,2011,48557.6,1.814,5826.91,3265.2,0.5604,False,,,sent_to_garage,0.007,0,1,0.8042,0,0.5404,0
CLM004909,POL003854,2022-05-30,2022-05-13,2022-01-24,2023-01-24,17,Ford,Fiesta,Van,flood,front,moderate,direct,comprehensive,False,True,True,13,178165,38,0,14,2009,11844.96,0.769,1184.5,1538.0,1.2984,False,,,sent_to_garage,0.9983,0,1,0.9969,1,0.9985,1
CLM004911,POL000681,2024-05-29,2024-05-20,2014-12-28,2015-12-28,9,Vauxhall,Mokka,Van,collision,multiple,moderate,phone,third_party,False,False,True,2,43325,27,1,14,2022,21768.19,0.791,18285.28,2768.5,0.1514,True,,,sent_to_garage,0.0774,0,0,0.049,0,0.1617,0
CLM004912,POL002630,2023-11-19,2023-10-22,2022-03-19,2023-03-19,28,Nissan,Qashqai,Hatchback,flood,front,moderate,online,comprehensive,True,True,False,20,112031,20,1,2,2003,,,,,,False,,,sent_to_garage,0.1463,0,0,0.1767,0,0.1863,0
CLM004915,POL001830,2024-08-04,2024-07-20,2023-03-16,2024-03-15,15,Toyota,Yaris,Sedan,vandalism,roof,minor,phone,third_party,True,False,False,7,103983,33,1,5,2017,15720.31,0.805,6916.94,483.0,0.0698,False,,,sent_to_garage,0.048,0,0,0.0423,0,0.0312,0
CLM004918,POL003772,2023-03-02,2023-02-10,2012-03-01,2013-03-01,20,Honda,HR-V,Hatchback,fire,rear,minor,direct,comprehensive,False,False,True,1,50684,26,0,15,2022,24054.92,0.919,22130.53,413.55,0.0187,True,,,sent_to_garage,0.081,0,1,0.913,0,0.5279,0
CLM004922,POL000909,2023-04-10,2023-03-16,2019-03-25,2020-03-24,25,Honda,CR-V,Van,collision,multiple,moderate,online,comprehensive,False,True,True,11,48850,59,2,20,2012,29079.62,0.898,3489.55,3143.0,0.9007,False,,,scrapped_by_model,0.9992,1,1,0.9817,0,0.9878,0
CLM004923,POL001558,2022-11-19,2022-11-08,2019-05-07,2020-05-06,11,Audi,Q5,Estate,collision,side,severe,phone,comprehensive,True,True,True,18,80553,29,0,11,2004,44051.94,1.823,4405.19,7292.0,1.6553,False,,,scrapped_by_model,1.0,1,1,0.9998,1,0.9998,1
CLM004925,POL002679,2023-10-05,2023-09-05,2020-03-03,2021-03-03,30,Ford,Mondeo,Hatchback,flood,front,moderate,phone,comprehensive,False,True,True,13,104747,52,0,12,2010,21695.99,0.829,2169.6,1658.0,0.7642,False,,,sent_to_garage,0.1564,0,0,0.0814,0,0.0836,0
CLM004927,POL001221,2023-10-27,2023-10-14,2014-06-07,2015-06-07,13,Toyota,Yaris,Motorbike,flood,rear,moderate,phone,third_party,False,False,False,12,73533,54,1,3,2011,14310.23,0.786,1431.02,1414.8,0.9887,False,,,scrapped_by_model,0.9995,1,1,0.9664,0,0.9576,0
CLM004930,POL001619,2023-08-03,2023-07-15,2013-09-02,2014-09-02,19,Hyundai,Tucson,SUV,theft_damage,rear,minor,online,third_party_fire_theft,False,True,True,13,132119,59,1,3,2010,28595.7,0.877,2859.57,394.65,0.138,False,,,sent_to_garage,0.2878,0,0,0.1874,0,0.0483,0
CLM004932,POL003557,2023-01-03,2022-12-18,2020-09-22,2021-09-22,16,Audi,A6,Sedan,theft_damage,multiple,minor,app,third_party_fire_theft,False,True,False,13,153136,44,0,9,2010,49883.94,1.928,4988.39,1542.4,0.3092,False,,,sent_to_garage,0.6686,0,1,0.9217,0,0.8401,0
CLM004939,POL003567,2022-10-23,2022-10-13,2015-02-19,2016-02-19,10,Nissan,Qashqai,Van,flood,roof,minor,app,third_party_fire_theft,True,True,False,10,82152,45,0,16,2012,27740.61,0.904,5548.12,542.4,0.0978,False,,,sent_to_garage,0.0442,0,0,0.0961,0,0.1424,0
CLM004942,POL000302,2022-08-06,2022-07-08,2012-12-15,2013-12-15,29,BMW,X5,SUV,collision,side,moderate,broker,comprehensive,True,False,True,10,156464,39,0,12,2012,61829.97,1.995,12365.99,2992.5,0.242,False,,,sent_to_garage,0.0613,0,1,0.7616,0,0.4125,0
CLM004945,POL003002,2022-05-09,2022-05-04,2019-01-21,2020-01-21,5,Volkswagen,Tiguan,Motorbike,theft_damage,front,moderate,app,comprehensive,False,True,True,16,89945,67,1,18,2006,35535.23,1.13,3553.52,2260.0,0.636,False,,,sent_to_garage,0.0707,0,0,0.0412,0,0.3022,0
CLM004947,POL003361,2023-01-26,2023-01-08,2015-01-19,2016-01-19,18,Volkswagen,Polo,Van,vandalism,side,moderate,broker,third_party_fire_theft,False,False,False,5,25539,32,2,1,2018,16399.97,0.892,9839.98,1338.0,0.136,False,,,sent_to_garage,0.0419,0,0,0.0299,0,0.046,0
CLM004952,POL004189,2022-03-14,2022-02-22,2017-01-18,2018-01-18,20,Mercedes,GLC,SUV,flood,roof,moderate,online,comprehensive,False,False,True,12,136763,46,1,14,2010,46734.53,1.897,4673.45,4742.5,1.0148,False,,,scrapped_by_model,0.9995,1,1,0.9976,1,0.999,1
CLM004957,POL004849,2022-10-21,2022-09-21,2017-05-27,2018-05-27,30,Ford,Fiesta,Van,fire,side,moderate,online,comprehensive,False,True,True,4,30104,57,0,18,2018,11585.15,0.758,7877.9,1137.0,0.1443,False,,,sent_to_garage,0.4256,0,0,0.0465,0,0.1062,0
CLM004958,POL001373,2024-09-10,2024-08-24,2017-03-27,2018-03-27,17,BMW,1 Series,Hatchback,theft_damage,side,severe,online,comprehensive,False,True,True,18,104331,35,0,15,2006,28603.14,1.724,2860.31,6896.0,2.0,False,,,scrapped_by_model,1.0,1,1,0.9993,1,0.9999,1
CLM004962,POL000899,2023-09-28,2023-09-16,2022-07-24,2023-07-24,12,Hyundai,i10,SUV,vandalism,roof,moderate,app,third_party,False,True,False,1,70649,46,1,5,2022,12337.01,0.77,11350.05,1925.0,0.1696,False,,,sent_to_garage,0.2192,0,0,0.0848,0,0.1244,0
CLM004963,POL002747,2024-08-29,2024-07-30,2017-11-17,2018-11-17,30,BMW,1 Series,Van,vandalism,multiple,moderate,direct,third_party,False,True,True,17,175151,43,1,12,2007,26966.96,1.662,2696.7,5817.0,2.0,False,,,scrapped_by_model,0.9993,1,1,0.9995,1,0.9999,1
CLM004965,POL001331,2023-05-26,2023-05-01,2020-08-25,2021-08-25,25,Nissan,Micra,SUV,fire,roof,moderate,phone,third_party_fire_theft,False,False,True,20,29871,43,2,16,2003,,,,,,False,,,sent_to_garage,0.4293,0,0,0.0609,0,0.181,0
CLM004967,POL002092,2022-10-31,2022-10-25,2014-07-05,2015-07-05,6,Volkswagen,Passat,SUV,flood,rear,moderate,direct,third_party,False,True,False,5,41886,40,0,2,2017,30460.32,1.037,18276.19,1866.6,0.1021,True,,,sent_to_garage,0.0951,0,0,0.0238,0,0.0509,0
CLM004968,POL001798,2023-04-16,2023-03-29,2021-05-31,2022-05-31,18,BMW,3 Series,Estate,collision,front,moderate,direct,comprehensive,True,False,True,9,62766,61,0,14,2014,33436.84,1.81,9362.32,3620.0,0.3867,False,,,sent_to_garage,0.0481,0,0,0.04,0,0.1023,0
CLM004969,POL000176,2022-06-07,2022-05-19,2019-02-12,2020-02-12,19,Ford,Transit,Motorbike,theft_damage,front,minor,broker,comprehensive,False,False,False,18,23679,31,2,9,2004,29451.42,0.976,2945.14,488.0,0.1657,False,,,sent_to_garage,0.1599,0,0,0.0133,0,0.0576,0
CLM004971,POL003539,2024-02-04,2024-01-26,2021-06-16,2022-06-16,9,BMW,3 Series,Hatchback,flood,front,moderate,online,comprehensive,True,False,False,17,78283,23,1,16,2007,33482.96,1.81,3348.3,3620.0,1.0811,False,,,scrapped_by_model,0.9996,1,1,0.9974,1,0.9991,1
CLM004973,POL001791,2023-08-14,2023-08-07,2021-04-17,2022-04-17,7,Toyota,RAV4,Van,fire,roof,severe,phone,third_party,False,False,True,19,79396,35,0,10,2004,32064.88,0.916,3206.49,5496.0,1.714,False,,,scrapped_by_model,1.0,1,1,0.9997,1,0.9999,1
CLM004977,POL002627,2023-10-25,2023-09-27,2018-11-16,2019-11-16,28,Honda,Civic,Estate,fire,side,minor,broker,comprehensive,False,True,False,19,184349,50,0,13,2004,21922.3,0.873,2192.23,349.2,0.1593,False,,,sent_to_garage,0.504,0,1,0.779,0,0.7974,0
CLM004978,POL001177,2023-12-04,2023-11-17,2020-09-02,2021-09-02,17,BMW,3 Series,Motorbike,fire,multiple,moderate,phone,comprehensive,False,True,True,15,71794,37,1,14,2008,33761.61,1.835,3376.16,6422.5,1.9023,False,,,scrapped_by_model,0.9998,1,1,0.999,1,0.9997,1
CLM004979,POL004585,2023-08-06,2023-07-17,2015-08-08,2016-08-07,20,Vauxhall,Corsa,Motorbike,fire,side,minor,online,comprehensive,True,True,False,8,71172,65,1,9,2015,13354.82,0.715,4807.74,286.0,0.0595,False,,,sent_to_garage,0.0277,0,0,0.056,0,0.1021,0
CLM004983,POL001755,2024-10-25,2024-09-26,2022-03-07,2023-03-07,29,Vauxhall,Astra,Estate,theft_damage,roof,minor,direct,comprehensive,False,False,False,12,127280,26,0,4,2012,17328.44,0.768,1732.84,460.8,0.2659,False,,,sent_to_garage,0.2675,0,0,0.1106,0,0.2113,0
CLM004987,POL003575,2024-02-21,2024-02-14,2018-05-04,2019-05-04,7,Hyundai,i10,Van,vandalism,front,moderate,phone,comprehensive,False,True,False,18,104096,58,0,18,2006,11961.88,0.737,1196.19,1474.0,1.2322,False,,,sent_to_garage,0.998,0,1,0.998,1,0.9922,0
CLM004988,POL001071,2023-05-23,2023-05-21,2018-11-20,2019-11-20,2,Vauxhall,Corsa,Van,fire,roof,minor,online,third_party,False,True,True,19,177721,32,2,12,2004,12779.96,0.718,1278.0,430.8,0.3371,False,,,sent_to_garage,0.4744,0,1,0.9402,0,0.7463,0
CLM004989,POL005192,2022-12-28,2022-12-15,2012-08-26,2013-08-26,13,Honda,Civic,Hatchback,fire,rear,severe,app,comprehensive,False,False,True,2,177944,32,1,11,2020,21472.41,0.876,18036.82,3942.0,0.2186,True,,,sent_to_garage,0.2495,0,0,0.2463,0,0.4333,0
CLM004992,POL004828,2024-04-08,2024-03-31,2021-05-19,2022-05-19,8,Volkswagen,Passat,Motorbike,fire,front,minor,broker,comprehensive,False,False,True,9,166818,31,0,17,2015,31227.19,1.052,8743.61,526.0,0.0602,False,,,sent_to_garage,0.3388,0,0,0.2343,0,0.3311,0
CLM004997,POL000951,2024-10-17,2024-10-10,2023-07-29,2024-07-28,7,Ford,Mondeo,Motorbike,fire,roof,moderate,app,third_party,False,True,True,20,47003,50,1,11,2004,20949.97,0.829,2095.0,2072.5,0.9893,False,,,scrapped_by_model,0.9996,1,1,0.9981,1,0.9984,1
CLM005001,POL001232,2024-03-15,2024-02-18,2021-12-01,2022-12-01,26,Audi,A4,Van,collision,multiple,minor,online,third_party_fire_theft,False,True,False,20,98815,48,0,6,2004,39722.18,1.764,3972.22,1411.2,0.3553,False,,,sent_to_garage,0.617,0,0,0.2662,0,0.5212,0
CLM005002,POL003744,2022-08-16,2022-08-02,2017-09-01,2018-09-01,14,Vauxhall,Insignia,SUV,flood,rear,minor,phone,third_party_fire_theft,False,True,False,10,175733,69,1,16,2012,24214.42,0.851,4842.88,382.95,0.0791,False,,,sent_to_garage,0.0996,0,1,0.869,0,0.5026,0
CLM005008,POL003675,2023-12-21,2023-12-04,2020-10-09,2021-10-09,17,Nissan,Leaf,Estate,collision,rear,severe,phone,third_party_fire_theft,False,True,True,3,15978,36,2,19,2020,29086.49,0.995,22105.73,4477.5,0.2025,True,,,sent_to_garage,0.4509,0,1,0.7996,0,0.7511,0
CLM005014,POL004101,2022-05-03,2022-04-13,2017-01-17,2018-01-17,20,Mercedes,GLC,SUV,vandalism,rear,moderate,direct,third_party_fire_theft,False,True,False,17,194577,66,1,15,2005,50067.29,1.963,5006.73,3533.4,0.7057,False,,,sent_to_garage,0.1457,0,0,0.1007,0,0.1988,0
CLM005015,POL001113,2024-08-19,2024-08-19,2014-05-05,2015-05-05,0,Audi,Q3,Motorbike,collision,front,moderate,app,third_party,False,True,True,10,2775,21,1,15,2014,36312.88,1.762,7262.58,3524.0,0.4852,False,,,sent_to_garage,0.0109,0,0,0.0654,0,0.0475,0
CLM005018,POL002749,2023-09-09,2023-08-16,2020-08-23,2021-08-23,24,Vauxhall,Corsa,SUV,collision,rear,minor,broker,comprehensive,True,False,False,19,170078,48,2,16,2004,12779.96,0.718,1278.0,323.1,0.2528,False,,,sent_to_garage,0.0379,0,0,0.1089,0,0.2764,0
CLM005020,POL002471,2022-02-21,2022-02-19,2019-10-01,2020-09-30,2,BMW,3 Series,Hatchback,fire,front,minor,online,comprehensive,False,False,False,4,91915,41,0,0,2018,33402.16,1.766,22713.47,883.0,0.0389,True,,,sent_to_garage,0.1008,0,0,0.0038,0,0.03,0
CLM005021,POL005192,2024-06-27,2024-05-30,2022-06-08,2023-06-08,28,Hyundai,i30,Van,flood,front,minor,direct,comprehensive,False,True,True,2,167482,52,0,20,2022,20805.79,0.841,17476.86,420.5,0.0241,False,,,sent_to_garage,0.1177,0,0,0.0336,0,0.0246,0
CLM005023,POL004965,2024-04-29,2024-04-16,2014-07-14,2015-07-14,13,Mercedes,C-Class,Estate,collision,multiple,moderate,phone,third_party,False,True,False,14,67104,57,3,12,2010,40081.83,1.896,4008.18,6636.0,1.6556,False,,,scrapped_by_model,0.9998,1,1,0.9992,1,0.9998,1
CLM005028,POL001819,2022-04-27,2022-04-17,2020-03-08,2021-03-08,10,Honda,CR-V,Sedan,fire,rear,severe,online,third_party_fire_theft,False,True,True,10,75786,49,0,10,2012,29079.62,0.898,5815.92,4041.0,0.6948,False,,,sent_to_garage,0.4023,0,1,0.9223,0,0.7987,0
CLM005032,POL004809,2022-09-22,2022-09-14,2014-07-09,2015-07-09,8,BMW,5 Series,Van,flood,roof,minor,broker,comprehensive,False,True,True,5,97022,48,0,10,2017,46873.57,1.898,28124.14,1138.8,0.0405,True,,,sent_to_garage,0.2084,0,0,0.0253,0,0.0943,0
CLM005033,POL000263,2024-09-10,2024-08-22,2013-10-20,2014-10-20,19,Volkswagen,Golf,Hatchback,flood,roof,moderate,app,third_party_fire_theft,False,True,True,4,139909,42,0,5,2020,24218.98,0.975,16468.91,2437.5,0.148,False,,,sent_to_garage,0.0476,0,0,0.1141,0,0.0826,0
CLM005041,POL001360,2024-10-03,2024-09-06,2020-07-20,2021-07-20,27,Hyundai,Tucson,Estate,theft_damage,roof,moderate,direct,comprehensive,False,True,True,13,35466,55,0,14,2011,27568.98,0.878,2756.9,2195.0,0.7962,False,,,sent_to_garage,0.076,0,0,0.1303,0,0.0501,0
CLM005043,POL001786,2023-11-29,2023-11-19,2023-10-21,2024-10-20,10,BMW,X5,SUV,theft_damage,side,moderate,direct,comprehensive,False,True,True,0,100751,31,1,5,2023,62679.64,2.033,62679.64,3049.5,0.0487,True,,,sent_to_garage,0.0636,0,0,0.1336,0,0.0413,0
CLM005046,POL006907,2024-06-12,2024-05-24,2020-01-02,2021-01-01,19,Ford,Transit,Sedan,theft_damage,multiple,moderate,app,comprehensive,False,True,True,3,165950,52,1,17,2021,30002.22,0.93,22801.69,3255.0,0.1428,True,,,sent_to_garage,0.4621,0,0,0.0256,0,0.1717,0
CLM005047,POL001297,2022-03-24,2022-03-06,2018-01-29,2019-01-29,18,Hyundai,Tucson,SUV,theft_damage,multiple,minor,app,third_party,False,True,True,10,103130,26,0,11,2012,27075.2,0.896,5415.04,716.8,0.1324,False,,,sent_to_garage,0.2517,0,1,0.8327,0,0.6734,0
CLM005054,POL000680,2022-06-04,2022-05-06,2019-07-13,2020-07-12,29,Audi,A3,Estate,flood,rear,moderate,online,comprehensive,True,True,True,7,169702,35,1,4,2015,30630.74,1.787,13477.53,3216.6,0.2387,False,,,sent_to_garage,0.1209,0,0,0.016,0,0.0916,0
CLM005057,POL003102,2022-09-03,2022-08-26,2019-12-12,2020-12-11,8,Ford,Focus,SUV,collision,front,minor,direct,comprehensive,True,True,True,11,159973,30,1,10,2011,17926.05,0.803,2151.13,401.5,0.1866,False,,,sent_to_garage,0.6666,0,0,0.0618,0,0.2262,0
CLM005059,POL003403,2022-06-20,2022-06-13,2018-06-19,2019-06-19,7,BMW,3 Series,Van,flood,rear,minor,app,comprehensive,False,False,False,0,43771,67,1,0,2022,35083.14,1.757,35083.14,790.65,0.0225,True,,,sent_to_garage,0.0772,0,0,0.0435,0,0.0199,0
CLM005061,POL000953,2023-11-15,2023-10-24,2016-10-30,2017-10-30,22,Audi,Q3,Estate,fire,roof,minor,direct,comprehensive,False,True,True,0,67758,47,0,17,2023,34932.13,1.745,34932.13,1047.0,0.03,True,,,sent_to_garage,0.1317,0,1,0.8413,0,0.3842,0
CLM005069,POL001560,2022-02-03,2022-01-05,2014-05-11,2015-05-11,29,Vauxhall,Insignia,SUV,fire,roof,moderate,broker,comprehensive,False,False,False,4,45405,61,0,8,2018,25662.01,0.869,17450.17,2172.5,0.1245,False,,,sent_to_garage,0.0748,0,0,0.1018,0,0.1774,0
CLM005072,POL001941,2024-07-31,2024-07-08,2017-07-10,2018-07-10,23,Volkswagen,Passat,Motorbike,flood,side,moderate,phone,comprehensive,False,False,False,8,55155,47,1,17,2016,30726.95,1.056,11061.7,1584.0,0.1432,False,,,sent_to_garage,0.1135,0,0,0.0442,0,0.194,0
CLM005078,POL000845,2023-09-09,2023-08-24,2020-12-29,2021-12-29,16,Vauxhall,Mokka,Sedan,vandalism,roof,moderate,broker,comprehensive,True,True,True,6,106009,32,0,16,2017,22804.26,0.814,11858.22,2035.0,0.1716,False,,,sent_to_garage,0.0127,0,0,0.0285,0,0.0573,0
CLM005092,POL004286,2022-10-27,2022-10-23,2019-12-01,2020-11-30,4,Hyundai,Tucson,Motorbike,flood,roof,moderate,broker,comprehensive,False,False,True,18,131698,50,0,19,2004,26936.31,0.857,2693.63,2142.5,0.7954,False,,,sent_to_garage,0.5673,0,0,0.091,0,0.2054,0
CLM005094,POL002058,2023-08-19,2023-08-14,2015-04-22,2016-04-21,5,Vauxhall,Corsa,Motorbike,fire,front,minor,app,third_party,True,False,False,17,28792,52,1,8,2006,13275.03,0.685,1327.5,342.5,0.258,False,,,sent_to_garage,0.4545,0,0,0.0861,0,0.1929,0
CLM005099,POL004676,2022-01-14,2022-01-10,2018-10-27,2019-10-27,4,Ford,Transit,Sedan,collision,side,minor,direct,comprehensive,False,False,True,10,109589,30,2,20,2012,30816.04,0.959,6163.21,383.6,0.0622,False,,,sent_to_garage,0.0853,0,0,0.0132,0,0.013,0
CLM005105,POL004662,2024-09-30,2024-09-03,2012-04-21,2013-04-21,27,Mercedes,A-Class,Sedan,fire,multiple,moderate,online,comprehensive,False,False,True,18,150629,17,0,2,2006,30292.18,1.818,3029.22,6363.0,2.0,False,,,scrapped_by_model,0.9993,1,1,0.9999,1,0.9999,1
CLM005110,POL004725,2024-06-05,2024-06-02,2012-05-25,2013-05-25,3,Volkswagen,Golf,Estate,theft_damage,side,minor,direct,comprehensive,False,True,True,11,4063,50,0,7,2013,25443.22,0.972,3053.19,388.8,0.1273,False,,,sent_to_garage,0.257,0,0,0.0094,0,0.2133,0
CLM005111,POL000970,2024-05-16,2024-04-26,2022-08-02,2023-08-02,20,Honda,HR-V,Van,vandalism,side,minor,online,comprehensive,False,True,True,4,108683,32,0,11,2020,23999.58,0.879,16319.71,351.6,0.0215,False,,,sent_to_garage,0.055,0,0,0.0315,0,0.0399,0
CLM005113,POL004255,2024-04-27,2024-04-04,2017-10-28,2018-10-28,23,Volkswagen,Polo,Sedan,collision,front,moderate,broker,comprehensive,True,True,True,7,443,30,1,19,2017,15661.17,0.913,6890.91,1826.0,0.265,False,,,sent_to_garage,0.0345,0,0,0.0036,0,0.0542,0
CLM005117,POL003397,2022-04-10,2022-03-20,2020-08-26,2021-08-26,21,Hyundai,i30,SUV,vandalism,roof,moderate,online,comprehensive,True,False,True,3,72965,51,1,12,2019,20776.12,0.835,15789.85,2087.5,0.1322,False,,,sent_to_garage,0.0529,0,0,0.0238,0,0.1314,0
CLM005125,POL003121,2023-12-30,2023-12-28,2014-03-07,2015-03-07,2,Audi,A6,Motorbike,flood,multiple,severe,app,third_party,True,False,False,17,190073,32,0,18,2006,47869.36,1.951,4786.94,15608.0,2.0,False,,,scrapped_by_model,1.0,1,1,0.9999,1,0.9995,1
CLM005126,POL000237,2022-09-18,2022-08-22,2016-08-06,2017-08-06,27,Honda,CR-V,Hatchback,vandalism,multiple,severe,phone,comprehensive,True,False,True,16,149691,39,1,12,2006,30230.58,0.937,3023.06,7496.0,2.0,False,,,scrapped_by_model,1.0,1,1,0.9999,1,0.9999,1
CLM005128,POL001208,2024-06-17,2024-05-29,2013-08-12,2014-08-12,19,Audi,A4,Motorbike,vandalism,multiple,minor,online,third_party_fire_theft,False,False,True,7,114830,59,1,4,2017,39115.81,1.769,17210.96,1415.2,0.0822,False,,,sent_to_garage,0.1365,0,0,0.0963,0,0.1075,0
CLM005135,POL004939,2023-01-15,2023-01-14,2021-09-17,2022-09-17,1,Vauxhall,Insignia,Van,theft_damage,roof,severe,app,comprehensive,True,False,False,6,186756,21,0,19,2017,24381.09,0.84,12678.17,5040.0,0.3975,False,,,sent_to_garage,0.2621,0,0,0.0811,0,0.148,0
CLM005138,POL000226,2024-11-28,2024-11-24,2024-05-05,2025-05-05,4,Volkswagen,Polo,Sedan,collision,roof,minor,broker,comprehensive,False,False,False,15,176863,32,2,9,2009,16770.89,0.906,1677.09,543.6,0.3241,False,,,sent_to_garage,0.4725,0,0,0.0842,0,0.1289,0
CLM005139,POL001285,2024-11-19,2024-10-20,2013-03-22,2014-03-22,30,Hyundai,i10,Van,collision,roof,moderate,broker,third_party,False,True,True,0,179685,28,0,2,2024,12452.01,0.751,12452.01,1877.5,0.1508,False,,,sent_to_garage,0.0813,0,1,0.8326,0,0.4402,0
CLM005142,POL003179,2022-02-10,2022-01-27,2016-12-11,2017-12-11,14,Nissan,Juke,Sedan,collision,rear,minor,phone,comprehensive,False,True,False,10,126529,39,0,6,2012,19294.85,0.838,3858.97,377.1,0.0977,False,,,sent_to_garage,0.4572,0,0,0.1422,0,0.1407,0
CLM005143,POL001802,2022-06-07,2022-06-04,2021-08-22,2022-08-22,3,BMW,5 Series,Sedan,collision,side,moderate,broker,comprehensive,False,False,True,3,107038,24,1,3,2019,46568.52,1.917,35392.08,2875.5,0.0812,True,,,sent_to_garage,0.018,0,1,0.6936,0,0.3124,0
CLM005144,POL005249,2024-03-22,2024-03-17,2016-08-03,2017-08-03,5,Toyota,Corolla,Hatchback,vandalism,rear,minor,broker,third_party,False,True,True,4,140584,17,0,13,2020,22632.35,0.853,15390.0,383.85,0.0249,False,,,sent_to_garage,0.2125,0,0,0.1815,0,0.2516,0
CLM005145,POL001871,2024-07-13,2024-06-28,2020-04-22,2021-04-22,15,Mercedes,A-Class,Estate,flood,roof,moderate,phone,comprehensive,True,False,True,10,66111,46,0,0,2014,28516.42,1.831,5703.28,4577.5,0.8026,False,,,sent_to_garage,0.4537,0,0,0.0818,0,0.1336,0
CLM005149,POL005050,2022-06-13,2022-05-21,2021-08-03,2022-08-03,23,Nissan,Qashqai,Van,fire,roof,moderate,phone,comprehensive,False,True,True,7,82096,40,0,13,2015,28820.41,0.919,12680.98,2297.5,0.1812,False,,,sent_to_garage,0.1853,0,1,0.6803,0,0.5847,0
CLM005153,POL002677,2022-05-21,2022-04-26,2015-07-21,2016-07-20,25,Vauxhall,Corsa,SUV,fire,multiple,minor,online,comprehensive,True,True,True,2,195080,34,1,5,2020,13388.98,0.704,11246.74,563.2,0.0501,False,,,sent_to_garage,0.2127,0,1,0.9279,0,0.7506,0
CLM005156,POL000022,2024-10-24,2024-10-24,2022-07-07,2023-07-07,0,Toyota,Yaris,Van,fire,roof,moderate,broker,comprehensive,False,True,True,4,117565,45,0,6,2020,15314.37,0.784,10413.77,1960.0,0.1882,False,,,sent_to_garage,0.2445,0,0,0.1872,0,0.1073,0
CLM005161,POL006552,2024-11-15,2024-11-12,2015-10-26,2016-10-25,3,Ford,Fiesta,Sedan,theft_damage,front,minor,direct,third_party,False,True,False,5,43711,56,0,0,2019,12293.71,0.771,7376.23,385.5,0.0523,False,,,sent_to_garage,0.0604,0,0,0.0235,0,0.008,0
CLM005168,POL004215,2022-10-04,2022-09-24,2020-10-23,2021-10-23,10,BMW,X3,Sedan,flood,side,minor,online,comprehensive,False,False,False,11,162397,37,3,5,2011,48557.6,1.814,5826.91,725.6,0.1245,False,,,sent_to_garage,0.0702,0,0,0.0197,0,0.0533,0
CLM005179,POL002848,2023-03-05,2023-03-02,2014-03-17,2015-03-17,3,Hyundai,Tucson,Estate,collision,side,minor,direct,comprehensive,True,False,False,18,187249,40,0,6,2005,29371.5,0.858,2937.15,343.2,0.1168,False,,,sent_to_garage,0.0583,0,1,0.8826,0,0.7428,0
CLM005180,POL002984,2022-12-08,2022-12-04,2017-02-22,2018-02-22,4,Toyota,Yaris,Sedan,flood,side,moderate,direct,comprehensive,False,True,False,1,149883,36,0,2,2021,14387.58,0.785,13236.57,1177.5,0.089,False,,,sent_to_garage,0.1111,0,0,0.0398,0,0.0535,0
CLM005183,POL000019,2024-02-19,2024-02-13,2014-01-30,2015-01-30,6,Honda,Civic,Sedan,theft_damage,rear,minor,app,comprehensive,False,False,True,5,157420,41,1,4,2019,22223.43,0.879,13334.06,395.55,0.0297,False,,,sent_to_garage,0.2035,0,0,0.183,0,0.3841,0
CLM005184,POL003806,2023-11-03,2023-10-19,2017-11-16,2018-11-16,15,Honda,HR-V,Sedan,collision,multiple,severe,direct,third_party_fire_theft,False,True,True,9,184363,58,1,13,2014,24190.35,0.88,6773.3,7040.0,1.0394,False,,,scrapped_by_model,0.9997,1,1,0.9997,1,0.9999,1
CLM005186,POL004891,2023-01-17,2023-01-14,2012-04-22,2013-04-22,3,Toyota,RAV4,Hatchback,fire,multiple,severe,direct,third_party_fire_theft,False,False,False,15,112174,57,0,10,2008,30577.82,0.888,3057.78,7104.0,2.0,False,,,scrapped_by_model,0.9999,1,1,0.9999,1,0.9992,1
CLM005187,POL000128,2023-03-17,2023-02-28,2015-02-21,2016-02-21,17,BMW,1 Series,Motorbike,fire,rear,moderate,broker,third_party_fire_theft,False,True,True,5,66208,34,2,1,2018,26649.94,1.66,15989.96,2988.0,0.1869,False,,,sent_to_garage,0.1505,0,0,0.021,0,0.0563,0
CLM005189,POL005054,2023-10-27,2023-10-04,2019-06-15,2020-06-14,23,Volkswagen,Tiguan,Motorbike,flood,rear,moderate,online,third_party_fire_theft,False,False,True,1,15512,75,1,13,2022,34161.22,1.088,31428.32,1958.4,0.0623,True,,,sent_to_garage,0.0665,0,0,0.0131,0,0.0495,0
CLM005191,POL003436,2022-10-04,2022-09-29,2019-02-19,2020-02-19,5,Toyota,Yaris,Van,flood,side,minor,phone,third_party,False,True,True,0,79693,60,2,5,2022,15720.04,0.798,15720.04,319.2,0.0203,False,,,sent_to_garage,0.2957,0,0,0.0417,0,0.147,0
CLM005192,POL003849,2022-09-22,2022-09-12,2014-01-19,2015-01-19,10,Toyota,Camry,Motorbike,collision,roof,minor,broker,comprehensive,False,True,True,17,67854,74,1,2,2005,30765.99,0.877,3076.6,526.2,0.171,False,,,sent_to_garage,0.0358,0,0,0.0133,0,0.0183,0
CLM005193,POL000692,2023-01-12,2022-12-17,2019-12-21,2020-12-20,26,Ford,Focus,Estate,collision,rear,moderate,direct,third_party,False,True,True,20,132778,27,0,10,2003,,,,,,False,,,sent_to_garage,0.2507,0,1,0.8115,0,0.4619,0
CLM005194,POL003812,2024-08-11,2024-08-10,2012-03-21,2013-03-21,1,Vauxhall,Astra,Motorbike,flood,side,minor,direct,third_party_fire_theft,True,False,True,18,91829,28,1,16,2006,18702.04,0.754,1870.2,301.6,0.1613,False,,,sent_to_garage,0.0593,0,0,0.057,0,0.1351,0
CLM005195,POL004972,2023-09-19,2023-08-25,2013-08-01,2014-08-01,25,Hyundai,i30,Van,flood,roof,moderate,phone,comprehensive,False,True,True,16,14410,44,1,7,2007,19061.79,0.815,1906.18,2037.5,1.0689,False,,,sent_to_garage,0.9976,0,1,0.9979,1,0.9997,1
CLM005199,POL004254,2023-09-16,2023-08-26,2016-08-26,2017-08-26,21,Honda,HR-V,Hatchback,fire,rear,moderate,direct,third_party,True,True,True,9,64557,56,2,17,2014,24190.35,0.88,6773.3,1584.0,0.2339,False,,,sent_to_garage,0.0602,0,1,0.6515,0,0.2889,0
CLM005202,POL000973,2022-08-22,2022-08-06,2020-04-16,2021-04-16,16,Toyota,RAV4,Hatchback,fire,side,minor,app,comprehensive,False,True,False,1,132509,49,0,1,2021,30930.9,0.918,28456.43,367.2,0.0129,True,,,sent_to_garage,0.3583,0,0,0.0116,0,0.0442,0
CLM005203,POL000962,2024-08-02,2024-07-13,2015-02-19,2016-02-19,20,Volkswagen,Golf,SUV,collision,side,minor,broker,comprehensive,False,True,False,6,125622,47,2,20,2018,25225.8,0.994,13117.42,397.6,0.0303,False,,,sent_to_garage,0.0608,0,0,0.0487,0,0.0605,0
CLM005204,POL002593,2024-03-16,2024-03-09,2019-08-25,2020-08-24,7,Mercedes,A-Class,SUV,vandalism,rear,moderate,direct,comprehensive,True,False,True,16,3628,35,0,10,2008,29677.45,1.846,2967.75,3322.8,1.1196,False,,,sent_to_garage,0.9983,0,1,0.9939,1,0.9985,1
CLM005206,POL000112,2024-04-09,2024-04-04,2017-01-25,2018-01-25,5,Audi,Q3,Sedan,flood,roof,severe,direct,third_party,False,False,False,5,5562,51,1,17,2019,34104.72,1.793,20462.83,10758.0,0.5257,True,,,sent_to_garage,0.3171,0,0,0.0889,0,0.1391,0
CLM005207,POL000295,2023-02-07,2023-02-03,2016-03-29,2017-03-29,4,Mercedes,C-Class,Hatchback,vandalism,rear,moderate,broker,comprehensive,False,False,True,2,54280,31,3,4,2021,40536.94,1.892,34051.03,3405.6,0.1,True,,,sent_to_garage,0.0532,0,0,0.0364,0,0.064,0
CLM005211,POL002548,2024-05-13,2024-04-27,2023-11-04,2024-11-03,16,Audi,Q5,Estate,flood,side,minor,phone,comprehensive,False,True,True,13,150898,24,0,5,2011,43270.67,1.838,4327.07,735.2,0.1699,False,,,sent_to_garage,0.1791,0,1,0.7215,0,0.5019,0
CLM005212,POL001384,2022-10-17,2022-10-02,2018-01-21,2019-01-21,15,Ford,Fiesta,Sedan,theft_damage,roof,minor,phone,third_party,False,True,True,10,132900,48,1,4,2012,12065.5,0.73,2413.1,438.0,0.1815,False,,,sent_to_garage,0.1307,0,0,0.0127,0,0.0275,0
CLM005216,POL002534,2024-02-23,2024-02-20,2023-02-21,2024-02-21,3,Toyota,Camry,Van,flood,front,moderate,direct,comprehensive,False,True,False,5,168593,41,0,6,2019,31228.66,0.885,18737.2,1770.0,0.0945,True,,,sent_to_garage,0.186,0,0,0.0738,0,0.1889,0
CLM005220,POL000693,2023-08-19,2023-08-07,2014-09-20,2015-09-20,12,Ford,Focus,SUV,flood,front,minor,online,third_party_fire_theft,True,False,False,9,148845,49,0,3,2014,18117.42,0.813,5072.88,406.5,0.0801,False,,,sent_to_garage,0.0942,0,0,0.131,0,0.1825,0
CLM005222,POL003167,2022-02-25,2022-02-24,2018-06-29,2019-06-29,1,Volkswagen,Passat,Sedan,flood,multiple,severe,online,comprehensive,False,True,True,11,33044,57,1,17,2011,29761.15,1.079,3571.34,8632.0,2.0,False,,,scrapped_by_model,0.999,1,1,0.9881,0,0.9939,0
CLM005223,POL000558,2024-04-10,2024-04-10,2014-03-25,2015-03-25,0,BMW,3 Series,Estate,collision,front,moderate,phone,comprehensive,False,True,False,16,11580,17,1,8,2008,33761.61,1.835,3376.16,3670.0,1.087,False,,,sent_to_garage,0.9973,0,1,0.9973,1,0.9979,1
CLM005225,POL002714,2024-09-05,2024-08-25,2021-10-28,2022-10-28,11,Ford,Focus,Hatchback,vandalism,front,moderate,broker,comprehensive,False,True,True,7,74075,49,1,4,2017,17155.47,0.797,7548.41,1594.0,0.2112,False,,,sent_to_garage,0.1361,0,0,0.0238,0,0.1785,0
CLM005227,POL000778,2022-10-15,2022-10-04,2021-03-16,2022-03-16,11,Volkswagen,Polo,Motorbike,theft_damage,rear,minor,app,comprehensive,True,True,True,1,39730,34,0,6,2021,16776.86,0.898,15434.71,404.1,0.0262,False,,,sent_to_garage,0.0734,0,0,0.0845,0,0.1375,0
CLM005228,POL000026,2022-04-28,2022-04-10,2020-12-08,2021-12-08,18,BMW,3 Series,Sedan,collision,rear,moderate,broker,comprehensive,False,True,True,0,145251,30,2,4,2022,35083.14,1.757,35083.14,3162.6,0.0901,True,,,sent_to_garage,0.119,0,0,0.2309,0,0.1443,0
CLM005229,POL001090,2023-06-06,2023-05-28,2013-05-28,2014-05-28,9,Hyundai,i10,Hatchback,vandalism,rear,minor,app,third_party_fire_theft,False,False,False,6,148662,36,1,5,2017,12500.87,0.766,6500.45,344.7,0.053,False,,,sent_to_garage,0.115,0,0,0.0738,0,0.0552,0
CLM005231,POL004519,2024-08-21,2024-08-13,2016-03-25,2017-03-25,8,Vauxhall,Astra,Van,flood,front,minor,direct,third_party,False,True,False,16,80342,34,1,16,2008,18347.57,0.735,1834.76,367.5,0.2003,False,,,sent_to_garage,0.2208,0,1,0.7333,0,0.474,0
CLM005232,POL005170,2023-02-23,2023-02-03,2019-11-03,2020-11-02,20,Ford,Focus,Sedan,theft_damage,roof,moderate,online,comprehensive,False,True,True,9,20217,65,0,12,2014,18117.42,0.813,5072.88,2032.5,0.4007,False,,,sent_to_garage,0.0854,0,0,0.0159,0,0.0917,0
CLM005235,POL004024,2023-05-10,2023-04-23,2019-02-19,2020-02-19,17,BMW,1 Series,Sedan,flood,roof,minor,direct,comprehensive,False,True,True,14,157033,26,0,5,2009,27442.66,1.699,2744.27,1019.4,0.3715,False,,,sent_to_garage,0.214,0,0,0.165,0,0.2367,0
CLM005240,POL003190,2024-11-07,2024-11-01,2019-09-17,2020-09-16,6,Vauxhall,Mokka,Hatchback,collision,roof,moderate,direct,comprehensive,False,False,True,19,43485,40,0,1,2005,22044.51,0.796,2204.45,1990.0,0.9027,False,,,scrapped_by_model,0.9998,1,1,0.9867,0,0.9931,0
CLM005242,POL001657,2022-07-01,2022-06-29,2018-01-21,2019-01-21,2,Volkswagen,Golf,Motorbike,collision,roof,minor,app,comprehensive,False,False,True,15,131160,61,0,8,2007,25438.26,1.013,2543.83,607.8,0.2389,False,,,sent_to_garage,0.0813,0,0,0.0711,0,0.0654,0
CLM005243,POL001728,2023-01-06,2022-12-15,2015-12-17,2016-12-16,22,Vauxhall,Insignia,Estate,flood,front,minor,app,comprehensive,False,False,True,7,54105,34,0,10,2016,24988.77,0.83,10995.06,415.0,0.0377,False,,,sent_to_garage,0.0511,0,0,0.0186,0,0.0686,0
CLM005244,POL001476,2023-01-01,2022-12-27,2012-01-22,2013-01-21,5,Audi,A4,Van,theft_damage,side,minor,online,comprehensive,True,True,True,7,167068,48,0,12,2016,38466.29,1.827,16925.17,730.8,0.0432,False,,,sent_to_garage,0.4888,0,1,0.5273,0,0.4473,0
CLM005246,POL003688,2022-12-01,2022-11-06,2013-06-30,2014-06-30,25,Mercedes,C-Class,Estate,vandalism,side,moderate,broker,third_party,False,True,True,11,13252,62,1,3,2011,40760.51,1.862,4891.26,2793.0,0.571,False,,,sent_to_garage,0.0585,0,0,0.0301,0,0.0394,0
CLM005250,POL004641,2024-06-15,2024-05-16,2015-02-25,2016-02-25,30,BMW,X5,Sedan,fire,side,severe,app,comprehensive,True,True,True,15,27058,45,0,17,2009,62520.11,2.042,6252.01,8168.0,1.3065,False,,,scrapped_by_model,0.9991,1,1,0.9964,1,0.9995,1
CLM005251,POL002707,2022-07-28,2022-07-26,2021-06-08,2022-06-08,2,Volkswagen,Golf,Hatchback,vandalism,rear,moderate,app,third_party_fire_theft,False,True,True,11,68145,63,1,18,2011,25304.74,1.021,3036.57,1837.8,0.6052,False,,,sent_to_garage,0.0419,0,0,0.0627,0,0.0925,0
CLM005255,POL004245,2023-01-07,2022-12-13,2013-10-23,2014-10-23,25,Audi,Q5,Van,flood,roof,severe,app,comprehensive,True,True,True,18,84141,17,0,13,2005,45386.83,1.84,4538.68,11040.0,2.0,False,,,scrapped_by_model,1.0,1,1,0.9949,1,0.9972,1
CLM005257,POL003400,2023-06-16,2023-06-14,2014-06-19,2015-06-19,2,Hyundai,Tucson,Motorbike,flood,multiple,minor,phone,comprehensive,False,False,False,9,136296,47,0,20,2014,27289.79,0.898,7641.14,718.4,0.094,False,,,sent_to_garage,0.4705,0,1,0.8207,0,0.6863,0
CLM005260,POL001096,2022-08-19,2022-07-26,2014-02-13,2015-02-13,24,Toyota,Camry,Sedan,fire,side,moderate,online,comprehensive,False,False,False,15,137045,51,0,9,2007,29042.78,0.901,2904.28,1351.5,0.4653,False,,,sent_to_garage,0.6189,0,0,0.2701,0,0.6279,0
CLM005261,POL003675,2022-05-17,2022-04-22,2020-03-07,2021-03-07,25,Vauxhall,Corsa,SUV,fire,rear,severe,direct,comprehensive,False,False,False,16,104513,57,0,6,2006,13275.03,0.685,1327.5,3082.5,2.0,False,,,scrapped_by_model,0.9999,1,1,0.9978,1,0.9995,1
CLM005264,POL005002,2022-07-23,2022-06-28,2020-08-05,2021-08-05,25,Volkswagen,Passat,Van,flood,multiple,moderate,broker,comprehensive,True,False,False,12,66550,46,2,2,2010,30403.62,1.04,3040.36,3640.0,1.1972,False,,,sent_to_garage,0.9985,0,1,0.9983,1,0.9997,1
CLM005265,POL002081,2023-02-02,2023-01-17,2014-11-29,2015-11-29,16,Toyota,Camry,Hatchback,theft_damage,rear,moderate,online,comprehensive,False,True,True,13,165560,17,2,5,2010,30259.34,0.88,3025.93,1584.0,0.5235,False,,,sent_to_garage,0.5164,0,0,0.0969,0,0.287,0
CLM005266,POL000281,2024-07-28,2024-07-23,2015-08-30,2016-08-29,5,Audi,A4,Van,theft_damage,rear,moderate,online,comprehensive,True,True,True,7,182850,72,0,8,2017,39115.81,1.769,17210.96,3184.2,0.185,False,,,sent_to_garage,0.0784,0,0,0.0166,0,0.0819,0
CLM005267,POL001852,2023-09-09,2023-08-27,2023-02-14,2024-02-14,13,Mercedes,A-Class,Van,collision,front,minor,phone,comprehensive,True,True,False,19,31385,76,1,12,2004,30766.62,1.774,3076.66,887.0,0.2883,False,,,sent_to_garage,0.4749,0,0,0.1436,0,0.2802,0
CLM005273,POL004660,2022-03-20,2022-03-01,2018-07-06,2019-07-06,19,Audi,Q5,Hatchback,vandalism,rear,moderate,direct,third_party,True,True,False,3,50100,31,0,13,2019,46496.38,1.814,35337.25,3265.2,0.0924,True,,,sent_to_garage,0.0688,0,1,0.6741,0,0.4376,0
CLM005275,POL002157,2022-04-24,2022-04-10,2015-12-20,2016-12-19,14,Mercedes,A-Class,Van,flood,rear,severe,direct,comprehensive,True,False,True,18,32511,45,1,20,2004,30766.62,1.774,3076.66,7983.0,2.0,False,,,scrapped_by_model,0.9999,1,1,0.9995,1,0.9999,1
CLM005276,POL004272,2023-01-30,2023-01-26,2017-01-05,2018-01-05,4,BMW,5 Series,Sedan,vandalism,side,moderate,app,comprehensive,False,True,False,5,176856,44,0,2,2018,44227.63,1.904,26536.58,2856.0,0.1076,True,,,sent_to_garage,0.0956,0,0,0.0772,0,0.1007,0
CLM005277,POL003261,2022-06-30,2022-06-19,2013-07-03,2014-07-03,11,Volkswagen,Passat,Hatchback,flood,multiple,moderate,online,comprehensive,False,False,True,9,158688,48,0,5,2013,29353.62,1.075,8219.01,3762.5,0.4578,False,,,sent_to_garage,0.1711,0,0,0.1394,0,0.2369,0
CLM005291,POL001876,2022-06-05,2022-05-16,2017-05-05,2018-05-05,20,Audi,Q5,Sedan,flood,side,minor,app,comprehensive,True,False,False,4,196198,29,0,5,2018,45735.54,1.807,31100.17,722.8,0.0232,True,,,sent_to_garage,0.7064,0,0,0.027,0,0.105,0
CLM005292,POL002532,2024-01-20,2024-01-15,2023-12-20,2024-12-19,5,Honda,CR-V,Hatchback,fire,roof,minor,app,third_party,True,True,True,0,162154,60,1,4,2024,29143.62,0.923,29143.62,553.8,0.019,True,,,sent_to_garage,0.3546,0,0,0.0626,0,0.1948,0
CLM005295,POL004306,2022-01-03,2021-12-06,2013-08-23,2014-08-23,28,Toyota,Camry,Hatchback,vandalism,front,severe,direct,third_party,False,True,True,5,102113,50,0,17,2017,29947.72,0.894,17968.63,4470.0,0.2488,True,,,sent_to_garage,0.5325,0,0,0.0611,0,0.2642,0
CLM005299,POL001482,2024-12-28,2024-11-30,2024-07-27,2025-07-27,28,Honda,Jazz,Estate,vandalism,side,moderate,phone,third_party,True,True,True,5,25105,42,1,8,2019,15434.98,0.868,9260.99,1302.0,0.1406,False,,,sent_to_garage,0.1857,0,0,0.0996,0,0.1736,0
CLM005304,POL001895,2022-11-05,2022-10-14,2015-04-30,2016-04-29,22,Nissan,Juke,Estate,theft_damage,multiple,minor,app,third_party_fire_theft,True,True,True,0,40074,45,1,7,2022,19627.69,0.838,19627.69,670.4,0.0342,True,,,sent_to_garage,0.2066,0,0,0.0976,0,0.2963,0
CLM005316,POL002237,2022-07-28,2022-07-17,2015-07-30,2016-07-29,11,BMW,5 Series,Sedan,collision,rear,minor,broker,comprehensive,False,True,False,14,110342,71,1,17,2008,45162.31,1.902,4516.23,855.9,0.1895,False,,,sent_to_garage,0.2087,0,0,0.1206,0,0.1096,0
CLM005318,POL005184,2024-07-13,2024-07-05,2018-07-08,2019-07-08,8,Nissan,Qashqai,Van,fire,roof,moderate,phone,third_party_fire_theft,True,False,True,19,53372,19,1,13,2005,29204.01,0.9,2920.4,2250.0,0.7704,False,,,sent_to_garage,0.3437,0,0,0.0765,0,0.1593,0
CLM005322,POL003582,2024-07-30,2024-07-20,2020-12-24,2021-12-24,10,Nissan,Qashqai,Sedan,fire,roof,minor,direct,third_party,False,True,False,6,164797,58,0,11,2018,27724.65,0.887,14416.82,532.2,0.0369,False,,,sent_to_garage,0.2329,0,0,0.0151,0,0.0797,0
CLM005328,POL005202,2022-04-25,2022-04-03,2016-06-26,2017-06-26,22,Volkswagen,Golf,Van,vandalism,multiple,minor,online,third_party,False,False,False,20,63640,23,0,1,2002,,,,,,False,,,sent_to_garage,0.2146,0,1,0.9162,0,0.7214,0
CLM005331,POL004325,2022-06-02,2022-05-09,2016-03-08,2017-03-08,24,Mercedes,GLC,Van,flood,front,moderate,direct,third_party_fire_theft,False,True,True,15,168160,42,0,3,2007,46587.94,2.006,4658.79,4012.0,0.8612,False,,,sent_to_garage,0.8614,0,1,0.9869,0,0.9837,0
CLM005336,POL004380,2022-04-10,2022-03-27,2020-04-21,2021-04-21,14,Hyundai,i20,Hatchback,fire,side,moderate,phone,comprehensive,True,True,True,0,4938,31,4,6,2022,15738.97,0.785,15738.97,1177.5,0.0748,False,,,sent_to_garage,0.0447,0,0,0.015,0,0.0166,0
CLM005340,POL001565,2024-01-09,2023-12-20,2019-01-28,2020-01-28,20,Toyota,Corolla,Estate,theft_damage,multiple,minor,broker,third_party_fire_theft,False,True,True,16,162484,38,0,19,2008,21788.88,0.849,2178.89,679.2,0.3117,False,,,sent_to_garage,0.4625,0,0,0.0916,0,0.1844,0
CLM005341,POL001919,2023-02-12,2023-01-30,2016-06-01,2017-06-01,13,Honda,HR-V,Van,collision,rear,moderate,online,comprehensive,True,False,True,6,86462,53,1,3,2017,24643.42,0.887,12814.58,1596.6,0.1246,False,,,sent_to_garage,0.0651,0,0,0.0321,0,0.0457,0
CLM005344,POL003289,2024-04-23,2024-04-09,2017-01-15,2018-01-15,14,Nissan,Juke,Estate,flood,side,minor,online,comprehensive,False,False,False,6,80439,23,0,8,2018,20641.11,0.837,10733.38,334.8,0.0312,False,,,sent_to_garage,0.2644,0,0,0.0433,0,0.0506,0
CLM005349,POL003762,2024-12-05,2024-11-11,2022-12-04,2023-12-04,24,Mercedes,E-Class,Estate,fire,roof,minor,online,third_party_fire_theft,False,False,True,1,160402,36,1,6,2023,51280.31,1.987,47177.89,1192.2,0.0253,True,,,sent_to_garage,0.2517,0,0,0.0676,0,0.1122,0
CLM005357,POL003364,2023-06-02,2023-05-10,2015-01-19,2016-01-19,23,Ford,Transit,Hatchback,vandalism,multiple,minor,direct,comprehensive,False,False,True,11,179396,39,1,13,2012,30816.04,0.959,3697.92,767.2,0.2075,False,,,sent_to_garage,0.2746,0,0,0.0888,0,0.2734,0
CLM005361,POL003640,2022-01-03,2021-12-29,2019-12-02,2020-12-01,5,Volkswagen,Tiguan,Estate,fire,side,minor,online,comprehensive,False,True,True,19,84001,32,2,8,2003,,,,,,False,,,sent_to_garage,0.4131,0,0,0.1593,0,0.1851,0
CLM005362,POL000437,2024-10-24,2024-09-26,2020-08-28,2021-08-28,28,Ford,Mondeo,SUV,vandalism,rear,severe,phone,comprehensive,False,False,False,5,113246,38,0,3,2019,21288.9,0.868,12773.34,3906.0,0.3058,False,,,sent_to_garage,0.1605,0,0,0.1447,0,0.1484,0
CLM005363,POL000803,2023-12-19,2023-12-09,2022-03-09,2023-03-09,10,Volkswagen,Tiguan,Motorbike,vandalism,roof,severe,direct,third_party_fire_theft,False,False,True,12,71537,49,1,4,2011,34842.91,1.101,3484.29,6606.0,1.8959,False,,,scrapped_by_model,0.9995,1,1,0.9991,1,0.9993,1
CLM005365,POL004995,2024-10-12,2024-09-16,2018-07-02,2019-07-02,26,BMW,3 Series,Hatchback,theft_damage,side,minor,app,third_party,True,False,False,16,159638,35,1,4,2008,33761.61,1.835,3376.16,734.0,0.2174,False,,,sent_to_garage,0.2891,0,1,0.4879,0,0.3157,0
CLM005367,POL002416,2024-08-27,2024-08-21,2019-04-26,2020-04-25,6,Mercedes,A-Class,Sedan,vandalism,front,minor,online,third_party_fire_theft,False,False,True,20,13487,40,1,13,2004,30766.62,1.774,3076.66,887.0,0.2883,False,,,sent_to_garage,0.2011,0,0,0.0173,0,0.142,0
CLM005374,POL003373,2022-09-13,2022-09-05,2016-12-04,2017-12-04,8,Mercedes,A-Class,Hatchback,theft_damage,side,minor,app,comprehensive,False,True,True,16,19953,27,3,18,2006,30292.18,1.818,3029.22,727.2,0.2401,False,,,sent_to_garage,0.3509,0,0,0.0335,0,0.2141,0
CLM005379,POL001222,2022-09-19,2022-08-28,2013-02-26,2014-02-26,22,Toyota,Corolla,Hatchback,collision,front,minor,online,third_party_fire_theft,False,True,True,17,54199,37,1,15,2005,22171.64,0.86,2217.16,430.0,0.1939,False,,,sent_to_garage,0.1035,0,0,0.0189,0,0.1372,0
CLM005383,POL004424,2024-04-28,2024-04-18,2022-11-24,2023-11-24,10,Mercedes,GLC,Van,vandalism,side,moderate,app,comprehensive,True,False,False,4,156049,55,2,3,2020,49299.71,1.955,33523.8,2932.5,0.0875,True,,,sent_to_garage,0.0996,0,1,0.816,0,0.4059,0
CLM005386,POL004400,2024-05-27,2024-04-27,2020-03-21,2021-03-21,30,BMW,1 Series,SUV,vandalism,roof,severe,phone,third_party,False,True,False,5,77045,53,1,3,2019,28922.4,1.73,17353.44,10380.0,0.5982,False,,,sent_to_garage,0.3793,0,0,0.0928,0,0.1535,0
CLM005389,POL002573,2022-03-27,2022-03-03,2014-01-08,2015-01-08,24,Nissan,Leaf,Sedan,vandalism,front,minor,online,comprehensive,True,False,True,9,168569,47,2,10,2013,31005.38,0.983,8681.51,491.5,0.0566,False,,,sent_to_garage,0.0974,0,0,0.026,0,0.2114,0
CLM005392,POL002190,2023-04-05,2023-03-08,2017-08-16,2018-08-16,28,Hyundai,i30,SUV,fire,side,minor,broker,comprehensive,False,True,True,4,197650,48,1,5,2019,20776.12,0.835,14127.76,334.0,0.0236,False,,,sent_to_garage,0.8292,0,0,0.0146,0,0.2138,0
CLM005394,POL002619,2022-03-23,2022-03-13,2017-05-11,2018-05-11,10,BMW,X5,Hatchback,flood,front,minor,phone,comprehensive,False,False,True,5,61773,43,0,15,2017,68230.73,2.046,40938.44,1023.0,0.025,True,,,sent_to_garage,0.0513,0,0,0.0732,0,0.0535,0
CLM005396,POL002325,2022-10-06,2022-09-12,2012-07-18,2013-07-18,24,Volkswagen,Passat,Motorbike,vandalism,multiple,minor,online,comprehensive,False,False,False,18,10188,41,1,16,2004,31492.74,1.063,3149.27,850.4,0.27,False,,,sent_to_garage,0.6846,0,0,0.2377,0,0.2376,0
CLM005397,POL001763,2024-01-31,2024-01-06,2015-06-17,2016-06-16,25,Nissan,Micra,Sedan,theft_damage,multiple,minor,phone,comprehensive,False,False,True,11,90522,65,1,9,2013,13515.78,0.779,1621.89,623.2,0.3842,False,,,sent_to_garage,0.051,0,0,0.0372,0,0.1596,0
CLM005398,POL001840,2022-12-14,2022-11-22,2014-01-23,2015-01-23,22,Nissan,Leaf,Estate,vandalism,roof,minor,online,comprehensive,False,True,True,16,67636,35,2,20,2006,31239.86,0.978,3123.99,586.8,0.1878,False,,,sent_to_garage,0.0666,0,0,0.0613,0,0.3151,0
CLM005399,POL003884,2024-04-15,2024-03-28,2017-01-31,2018-01-31,18,Nissan,Micra,Sedan,theft_damage,roof,minor,online,third_party_fire_theft,False,True,False,19,30919,38,0,17,2005,12489.51,0.78,1248.95,468.0,0.3747,False,,,sent_to_garage,0.0158,0,0,0.0362,0,0.052,0
CLM005404,POL000828,2022-06-20,2022-05-22,2016-02-14,2017-02-13,29,Toyota,RAV4,Hatchback,fire,front,moderate,online,comprehensive,False,False,True,10,128469,25,1,0,2012,33140.95,0.893,6628.19,1786.0,0.2695,False,,,sent_to_garage,0.7854,0,0,0.0417,0,0.3184,0
CLM005406,POL004119,2022-04-12,2022-04-06,2013-12-11,2014-12-11,6,Honda,HR-V,SUV,vandalism,side,moderate,app,third_party,False,True,True,1,57129,46,2,6,2021,24038.32,0.906,22115.25,1359.0,0.0615,True,,,sent_to_garage,0.1309,0,0,0.0344,0,0.101,0
CLM005408,POL000923,2022-01-11,2022-01-11,2018-05-04,2019-05-04,0,Volkswagen,Passat,Van,flood,multiple,minor,direct,comprehensive,False,True,True,19,192002,46,0,5,2003,,,,,,False,,,sent_to_garage,0.8968,0,1,0.9242,0,0.7783,0
CLM005412,POL004375,2023-06-16,2023-06-04,2022-07-21,2023-07-21,12,Audi,Q3,Sedan,flood,front,moderate,phone,third_party_fire_theft,False,False,True,7,118521,52,0,8,2016,36238.95,1.731,15945.14,3462.0,0.2171,False,,,sent_to_garage,0.3091,0,0,0.1487,0,0.2907,0
CLM005417,POL000177,2024-04-01,2024-03-23,2018-03-02,2019-03-02,9,Honda,HR-V,Estate,collision,side,moderate,app,third_party,False,True,True,6,29088,35,1,5,2018,25276.21,0.884,13143.63,1326.0,0.1009,False,,,sent_to_garage,0.103,0,0,0.0442,0,0.0612,0
CLM005425,POL005308,2023-11-10,2023-11-04,2014-10-03,2015-10-03,6,Vauxhall,Mokka,Motorbike,theft_damage,multiple,moderate,broker,comprehensive,False,True,False,11,55802,34,0,19,2012,22513.69,0.818,2701.64,2863.0,1.0597,False,,,scrapped_by_model,0.9992,1,1,0.988,0,0.9965,1
CLM005431,POL002018,2023-04-11,2023-03-31,2018-09-04,2019-09-04,11,Vauxhall,Astra,Estate,flood,front,moderate,direct,third_party,False,False,True,3,28406,26,0,17,2020,18199.39,0.752,13831.54,1504.0,0.1087,False,,,sent_to_garage,0.051,0,0,0.01,0,0.0677,0
CLM005435,POL004132,2023-11-20,2023-11-19,2013-08-28,2014-08-28,1,Mercedes,E-Class,Hatchback,fire,front,minor,broker,third_party,False,True,False,10,182838,23,1,5,2013,50384.69,1.974,10076.94,987.0,0.0979,False,,,sent_to_garage,0.5843,0,0,0.0829,0,0.1383,0
CLM005436,POL000519,2022-08-06,2022-07-20,2016-11-27,2017-11-27,17,Mercedes,GLC,Van,collision,roof,minor,online,third_party,True,True,False,8,103721,41,0,6,2014,48604.75,1.915,17497.71,1149.0,0.0657,False,,,sent_to_garage,0.2524,0,0,0.0197,0,0.0707,0
CLM005441,POL000730,2023-05-19,2023-04-28,2015-08-28,2016-08-27,21,BMW,X3,Estate,theft_damage,rear,severe,app,comprehensive,False,True,True,1,109093,53,1,12,2022,47348.12,1.829,43560.27,8230.5,0.1889,True,,,sent_to_garage,0.5557,0,0,0.075,0,0.1599,0
CLM005445,POL005902,2022-03-28,2022-02-27,2014-08-14,2015-08-14,29,Audi,A3,Van,theft_damage,roof,minor,app,third_party,False,False,True,1,4771,30,1,1,2021,29971.82,1.753,27574.07,1051.8,0.0381,True,,,sent_to_garage,0.0179,0,0,0.0373,0,0.0207,0
CLM005447,POL004668,2023-04-01,2023-03-13,2013-01-11,2014-01-11,19,Volkswagen,Passat,Van,theft_damage,multiple,minor,direct,comprehensive,True,True,False,2,83120,24,1,12,2021,30875.92,1.068,25935.77,854.4,0.0329,True,,,sent_to_garage,0.2043,0,0,0.1341,0,0.1642,0
CLM005448,POL001988,2024-10-03,2024-09-24,2018-04-30,2019-04-30,9,BMW,5 Series,SUV,vandalism,side,moderate,phone,third_party,False,False,False,4,117951,59,1,4,2020,46369.76,1.904,31531.44,2856.0,0.0906,True,,,sent_to_garage,0.0902,0,0,0.1231,0,0.154,0
CLM005451,POL000034,2024-05-29,2024-05-13,2018-12-11,2019-12-11,16,Hyundai,i20,Estate,collision,side,moderate,online,third_party_fire_theft,False,True,False,15,2851,43,0,20,2009,16459.03,0.799,1645.9,1198.5,0.7282,False,,,sent_to_garage,0.1674,0,0,0.0606,0,0.2156,0
CLM005454,POL000986,2023-11-02,2023-10-27,2014-10-22,2015-10-22,6,Hyundai,i10,Sedan,theft_damage,front,moderate,phone,comprehensive,False,True,True,0,30057,41,2,19,2023,12274.05,0.747,12274.05,1494.0,0.1217,False,,,sent_to_garage,0.1583,0,0,0.097,0,0.1673,0
CLM005459,POL001084,2024-05-18,2024-05-18,2013-01-31,2014-01-31,0,BMW,5 Series,Motorbike,theft_damage,side,severe,direct,comprehensive,True,True,True,8,7200,46,1,14,2016,44085.94,1.951,15870.94,7804.0,0.4917,False,,,sent_to_garage,0.1195,0,0,0.1155,0,0.0691,0
CLM005462,POL000626,2024-05-31,2024-05-19,2013-05-11,2014-05-11,12,Nissan,Leaf,Motorbike,theft_damage,front,moderate,app,comprehensive,False,True,True,8,26264,32,0,3,2016,29123.99,1.001,10484.64,2002.0,0.1909,False,,,sent_to_garage,0.1856,0,0,0.0514,0,0.1063,0
CLM005468,POL000799,2023-09-28,2023-09-23,2016-08-17,2017-08-17,5,Volkswagen,Polo,Hatchback,theft_damage,multiple,moderate,app,third_party,False,False,True,11,118048,27,1,11,2012,16741.14,0.915,2008.94,3202.5,1.5941,False,,,sent_to_garage,0.9986,0,0,0.1554,0,0.6145,0
CLM005470,POL000546,2023-01-09,2022-12-12,2022-08-23,2023-08-23,28,Hyundai,i20,Estate,fire,rear,minor,broker,comprehensive,False,False,True,17,140563,43,1,17,2006,15388.55,0.768,1538.86,345.6,0.2246,False,,,sent_to_garage,0.1461,0,0,0.1933,0,0.2613,0
CLM005471,POL003572,2024-03-30,2024-03-16,2023-11-27,2024-11-26,14,Hyundai,i20,Van,collision,roof,severe,online,third_party_fire_theft,True,True,True,2,135740,60,0,19,2022,15738.97,0.785,13220.73,4710.0,0.3563,False,,,sent_to_garage,0.3884,0,0,0.1038,0,0.3836,0
CLM005472,POL000356,2024-12-12,2024-11-12,2019-07-02,2020-07-01,30,Mercedes,E-Class,Motorbike,theft_damage,rear,moderate,direct,third_party_fire_theft,False,True,True,3,159124,36,0,18,2021,53065.16,1.998,40329.52,3596.4,0.0892,True,,,sent_to_garage,0.1045,0,0,0.0781,0,0.1395,0
CLM005476,POL000725,2024-07-02,2024-06-11,2012-01-03,2013-01-02,21,Vauxhall,Astra,Van,flood,front,minor,broker,comprehensive,False,False,True,17,80648,35,2,4,2007,17326.85,0.734,1732.68,367.0,0.2118,False,,,sent_to_garage,0.5202,0,0,0.0895,0,0.2006,0
CLM005479,POL003237,2022-08-09,2022-08-03,2018-02-02,2019-02-02,6,Toyota,RAV4,SUV,theft_damage,side,severe,app,third_party,False,False,True,6,99972,52,2,17,2016,32870.74,0.89,17092.78,3560.0,0.2083,False,,,sent_to_garage,0.1963,0,0,0.1368,0,0.148,0
CLM005480,POL006904,2022-06-08,2022-05-23,2014-11-12,2015-11-12,16,Mercedes,GLC,Van,collision,roof,moderate,direct,comprehensive,False,False,False,4,80742,48,0,9,2018,46684.46,1.943,31745.43,4857.5,0.153,True,,,sent_to_garage,0.1058,0,0,0.0406,0,0.2079,0
CLM005481,POL000147,2023-04-14,2023-04-05,2020-03-05,2021-03-05,9,Volkswagen,Polo,Sedan,theft_damage,multiple,moderate,app,comprehensive,False,False,False,15,27661,66,1,5,2008,16324.85,0.907,1632.48,3174.5,1.9446,False,,,scrapped_by_model,0.9991,1,1,0.9981,1,0.9924,0
CLM005482,POL000002,2023-12-11,2023-12-06,2018-04-17,2019-04-17,5,Vauxhall,Corsa,Van,fire,rear,minor,phone,third_party,False,True,True,17,193118,76,2,1,2006,13275.03,0.685,1327.5,308.25,0.2322,False,,,sent_to_garage,0.1374,0,0,0.0592,0,0.0891,0
CLM005483,POL001979,2023-11-22,2023-11-20,2023-04-22,2024-04-21,2,Honda,HR-V,SUV,fire,multiple,moderate,direct,comprehensive,False,False,True,14,126984,58,0,4,2009,26088.85,0.876,2608.89,3066.0,1.1752,False,,,scrapped_by_model,0.9993,1,1,0.9999,1,0.9992,1
CLM005489,POL002328,2023-09-18,2023-08-24,2021-03-02,2022-03-02,25,Honda,Jazz,Sedan,flood,side,minor,broker,comprehensive,False,False,False,0,50428,35,1,15,2023,15611.92,0.863,15611.92,345.2,0.0221,False,,,sent_to_garage,0.1288,0,0,0.0189,0,0.0596,0
CLM005490,POL004212,2023-08-05,2023-07-22,2022-09-20,2023-09-20,14,Nissan,Qashqai,Estate,theft_damage,side,minor,phone,third_party_fire_theft,True,True,False,5,103740,34,0,8,2018,27724.65,0.887,16634.79,354.8,0.0213,False,,,sent_to_garage,0.0453,0,0,0.0472,0,0.0374,0
CLM005491,POL001766,2023-04-27,2023-04-26,2019-03-31,2020-03-30,1,Hyundai,i20,Hatchback,fire,roof,minor,phone,comprehensive,False,True,False,13,117662,46,0,14,2010,15594.76,0.791,1559.48,474.6,0.3043,False,,,sent_to_garage,0.1633,0,1,0.8296,0,0.8375,0
CLM005493,POL001340,2022-04-05,2022-03-20,2015-12-13,2016-12-12,16,Toyota,RAV4,Sedan,vandalism,rear,minor,online,third_party,False,True,True,8,99192,63,2,20,2014,30782.95,0.893,11081.86,401.85,0.0363,False,,,sent_to_garage,0.0287,0,0,0.1797,0,0.0874,0
CLM005494,POL001827,2023-08-28,2023-07-31,2017-03-16,2018-03-16,28,Volkswagen,Golf,Motorbike,collision,side,moderate,app,third_party,False,True,True,11,31628,22,0,15,2012,23761.25,1.001,2851.35,1501.5,0.5266,False,,,sent_to_garage,0.2143,0,0,0.0568,0,0.0377,0
CLM005495,POL004859,2024-11-03,2024-10-17,2022-01-07,2023-01-07,17,Audi,A3,Sedan,vandalism,rear,minor,phone,third_party,True,True,False,0,19166,63,0,2,2024,31356.75,1.748,31356.75,786.6,0.0251,True,,,sent_to_garage,0.038,0,1,0.7092,0,0.57,0
CLM005497,POL005983,2022-12-28,2022-12-12,2012-07-16,2013-07-16,16,Volkswagen,Polo,Hatchback,flood,front,minor,broker,third_party_fire_theft,False,False,True,10,33776,22,0,7,2012,16741.14,0.915,3348.23,457.5,0.1366,False,,,sent_to_garage,0.1435,0,0,0.0318,0,0.0693,0
CLM005502,POL002862,2024-03-15,2024-03-01,2022-03-17,2023-03-17,14,Mercedes,C-Class,Van,theft_damage,rear,moderate,online,third_party_fire_theft,False,False,True,5,112855,48,1,8,2019,41897.67,1.852,25138.6,3333.6,0.1326,True,,,sent_to_garage,0.2846,0,0,0.0176,0,0.0691,0
CLM005510,POL003340,2024-05-10,2024-04-28,2014-10-14,2015-10-14,12,Mercedes,A-Class,SUV,fire,front,moderate,online,third_party,False,False,True,10,63129,58,1,2,2014,28516.42,1.831,5703.28,3662.0,0.6421,False,,,sent_to_garage,0.2632,0,0,0.0243,0,0.104,0
CLM005512,POL003034,2023-03-07,2023-02-11,2018-04-17,2019-04-17,24,Toyota,Camry,Van,vandalism,rear,moderate,broker,comprehensive,False,True,True,0,119021,41,0,11,2023,31252.01,0.887,31252.01,1596.6,0.0511,True,,,sent_to_garage,0.0257,0,0,0.1126,0,0.1113,0
CLM005515,POL000623,2024-01-31,2024-01-17,2020-08-02,2021-08-02,14,BMW,3 Series,Hatchback,flood,side,minor,app,comprehensive,False,True,True,11,164163,33,1,5,2013,33443.88,1.765,4013.27,706.0,0.1759,False,,,sent_to_garage,0.0994,0,0,0.0509,0,0.0777,0
CLM005522,POL001410,2023-05-10,2023-04-21,2020-07-05,2021-07-05,19,BMW,1 Series,Motorbike,theft_damage,rear,severe,direct,third_party_fire_theft,False,True,False,19,116063,52,1,0,2004,28543.93,1.708,2854.39,7686.0,2.0,False,,,scrapped_by_model,0.9999,1,1,0.9983,1,0.9988,1
CLM005525,POL001591,2023-04-01,2023-03-20,2016-10-26,2017-10-26,12,Volkswagen,Passat,Estate,vandalism,roof,minor,direct,comprehensive,True,False,True,19,181901,41,0,6,2004,31492.74,1.063,3149.27,637.8,0.2025,False,,,sent_to_garage,0.101,0,1,0.7527,0,0.3109,0
CLM005527,POL001730,2023-05-31,2023-05-13,2013-02-15,2014-02-15,18,Audi,Q5,Van,fire,front,severe,direct,third_party_fire_theft,False,False,True,3,38729,33,2,14,2020,44655.73,1.856,33938.35,9280.0,0.2734,True,,,sent_to_garage,0.2298,0,1,0.8527,0,0.7004,0
CLM005528,POL001120,2022-06-22,2022-06-09,2017-03-08,2018-03-08,13,Nissan,Micra,Motorbike,vandalism,multiple,moderate,online,comprehensive,False,False,True,20,59463,49,2,0,2002,,,,,,False,,,sent_to_garage,0.795,0,1,0.8853,0,0.7135,0
CLM005529,POL005776,2023-12-14,2023-11-26,2017-01-15,2018-01-15,18,Honda,Jazz,Estate,fire,multiple,minor,direct,third_party_fire_theft,False,True,False,7,91042,33,2,19,2016,15898.11,0.864,6995.17,691.2,0.0988,False,,,sent_to_garage,0.555,0,0,0.0977,0,0.2038,0
CLM005546,POL001638,2022-04-04,2022-03-15,2014-08-05,2015-08-05,20,Toyota,RAV4,Van,flood,rear,minor,direct,comprehensive,False,False,True,1,75133,67,1,8,2021,30930.9,0.918,28456.43,413.1,0.0145,True,,,sent_to_garage,0.024,0,0,0.0707,0,0.0541,0
CLM005551,POL001626,2022-12-04,2022-12-02,2022-08-09,2023-08-09,2,Mercedes,C-Class,SUV,flood,multiple,minor,broker,comprehensive,True,True,True,15,29376,56,2,1,2007,41179.0,1.938,4117.9,1550.4,0.3765,False,,,sent_to_garage,0.699,0,1,0.6938,0,0.6494,0
CLM005553,POL001978,2023-12-06,2023-11-29,2012-09-17,2013-09-17,7,Audi,A3,Hatchback,theft_damage,side,moderate,app,comprehensive,False,True,False,8,198529,38,2,8,2015,30630.74,1.787,11027.07,2680.5,0.2431,False,,,sent_to_garage,0.2133,0,1,0.9173,0,0.6311,0
CLM005560,POL000843,2022-11-26,2022-11-17,2019-05-07,2020-05-06,9,Nissan,Leaf,Estate,collision,roof,moderate,phone,comprehensive,True,False,False,11,157221,34,2,11,2011,29259.1,1.017,3511.09,2542.5,0.7241,False,,,sent_to_garage,0.0473,0,0,0.0233,0,0.0513,0
CLM005564,POL000987,2022-08-13,2022-07-17,2012-01-24,2013-01-23,27,Mercedes,A-Class,Sedan,theft_damage,multiple,moderate,online,comprehensive,True,False,False,10,142334,50,2,6,2012,30730.38,1.838,6146.08,6433.0,1.0467,False,,,scrapped_by_model,0.999,1,1,0.9978,1,0.9992,1
CLM005569,POL001097,2024-12-08,2024-11-17,2023-07-19,2024-07-18,21,Hyundai,i30,Motorbike,theft_damage,rear,moderate,direct,comprehensive,True,True,True,13,56538,55,0,0,2011,20771.41,0.806,2077.14,1450.8,0.6985,False,,,sent_to_garage,0.1756,0,0,0.0546,0,0.2812,0
CLM005574,POL004872,2022-05-23,2022-05-11,2015-11-06,2016-11-05,12,Audi,A4,Van,collision,side,moderate,direct,third_party,False,False,False,9,126317,44,0,18,2013,36680.93,1.845,10270.66,2767.5,0.2695,False,,,sent_to_garage,0.2726,0,0,0.3714,0,0.2826,0
CLM005575,POL001841,2023-09-21,2023-08-30,2018-06-13,2019-06-13,22,Honda,HR-V,Hatchback,theft_damage,rear,minor,online,third_party_fire_theft,False,True,False,3,162157,47,1,12,2020,23999.58,0.879,18239.68,395.55,0.0217,True,,,sent_to_garage,0.1296,0,0,0.0577,0,0.3756,0
CLM005576,POL000724,2023-01-06,2023-01-01,2016-03-13,2017-03-13,5,BMW,5 Series,Van,flood,side,moderate,broker,comprehensive,False,True,True,17,6428,63,0,20,2006,46257.65,1.916,4625.77,2874.0,0.6213,False,,,sent_to_garage,0.0552,0,0,0.035,0,0.1643,0
CLM005578,POL003822,2023-01-02,2022-12-08,2019-12-14,2020-12-13,25,Vauxhall,Insignia,Motorbike,flood,front,severe,app,comprehensive,False,True,False,8,1055,42,0,8,2015,26148.33,0.858,9413.4,4290.0,0.4557,False,,,sent_to_garage,0.0524,0,0,0.045,0,0.1194,0
CLM005583,POL001832,2022-10-12,2022-09-29,2022-01-02,2023-01-02,13,Volkswagen,Passat,Estate,fire,rear,moderate,app,third_party,False,True,True,1,73945,54,2,2,2021,30875.92,1.068,28405.85,1922.4,0.0677,True,,,sent_to_garage,0.1004,0,0,0.0214,0,0.0394,0
CLM005587,POL003212,2024-09-17,2024-08-30,2013-04-18,2014-04-18,18,Vauxhall,Mokka,Hatchback,theft_damage,rear,minor,direct,comprehensive,False,False,False,18,183973,53,5,9,2006,21106.96,0.819,2110.7,368.55,0.1746,False,,,sent_to_garage,0.2201,0,1,0.7248,0,0.7481,0
CLM005589,POL002765,2023-11-30,2023-11-06,2020-04-01,2021-04-01,24,Volkswagen,Golf,SUV,vandalism,front,severe,direct,third_party_fire_theft,False,True,False,5,14793,50,2,18,2018,25225.8,0.994,15135.48,4970.0,0.3284,False,,,sent_to_garage,0.322,0,0,0.0375,0,0.1176,0
CLM005593,POL003302,2022-07-23,2022-07-17,2017-11-09,2018-11-09,6,Vauxhall,Astra,SUV,flood,front,moderate,broker,third_party,True,True,True,0,18746,34,1,5,2022,18406.39,0.753,18406.39,1506.0,0.0818,True,,,sent_to_garage,0.0208,0,0,0.0189,0,0.0572,0
CLM005594,POL000054,2023-11-14,2023-10-16,2023-08-15,2024-08-14,29,Nissan,Leaf,Motorbike,flood,front,severe,online,comprehensive,False,False,False,12,54849,63,1,9,2011,29259.1,1.017,2925.91,5085.0,1.7379,False,,,scrapped_by_model,0.9996,1,1,0.9962,1,0.9992,1
CLM005602,POL000381,2024-05-22,2024-05-05,2014-10-19,2015-10-19,17,Toyota,Camry,Motorbike,collision,front,moderate,direct,comprehensive,False,True,True,17,101552,58,0,18,2007,29042.78,0.901,2904.28,1802.0,0.6205,False,,,sent_to_garage,0.0978,0,1,0.5829,0,0.5445,0
CLM005614,POL003680,2024-05-09,2024-05-04,2023-07-06,2024-07-05,5,Mercedes,GLC,SUV,collision,multiple,severe,phone,third_party_fire_theft,False,True,True,2,158042,41,2,7,2022,48735.32,1.97,40937.67,15760.0,0.385,True,,,sent_to_garage,0.8412,0,1,0.9634,0,0.9411,0
CLM005616,POL001281,2024-04-14,2024-03-20,2022-11-13,2023-11-13,25,Vauxhall,Mokka,Sedan,theft_damage,multiple,moderate,phone,third_party_fire_theft,True,True,True,14,143128,27,1,3,2010,22789.76,0.82,2278.98,2870.0,1.2593,False,,,scrapped_by_model,0.9992,1,1,0.9989,1,0.998,1
CLM005618,POL004719,2024-07-15,2024-07-09,2015-09-04,2016-09-03,6,Mercedes,A-Class,Van,fire,side,minor,phone,comprehensive,False,True,True,6,189068,50,0,12,2018,30824.72,1.8,16028.85,720.0,0.0449,False,,,sent_to_garage,0.2138,0,0,0.0361,0,0.1216,0
CLM005619,POL003420,2023-06-25,2023-06-04,2016-06-16,2017-06-16,21,Volkswagen,Tiguan,Van,fire,front,severe,phone,comprehensive,True,True,True,20,153566,50,1,16,2003,,,,,,False,,,scrapped_by_model,0.9989,1,1,0.9387,0,0.9851,0
CLM005622,POL001761,2022-06-14,2022-05-19,2021-03-27,2022-03-27,26,Honda,Civic,SUV,flood,multiple,minor,broker,third_party,False,True,True,20,183910,27,0,16,2002,,,,,,False,,,sent_to_garage,0.8226,0,0,0.0896,0,0.3626,0
CLM005627,POL004150,2023-10-20,2023-10-01,2019-08-06,2020-08-05,19,Audi,A6,SUV,theft_damage,roof,minor,online,third_party_fire_theft,False,False,True,18,198462,17,1,16,2005,48767.77,1.911,4876.78,1146.6,0.2351,False,,,sent_to_garage,0.135,0,0,0.0232,0,0.0911,0
CLM005629,POL000334,2023-11-13,2023-10-26,2020-07-19,2021-07-19,18,Mercedes,E-Class,Motorbike,collision,multiple,moderate,broker,comprehensive,False,False,True,6,152466,47,0,15,2017,53779.2,2.053,27965.18,7185.5,0.2569,True,,,sent_to_garage,0.1538,0,0,0.1354,0,0.2102,0
CLM005633,POL002376,2024-01-14,2024-01-14,2014-03-21,2015-03-21,0,Ford,Mondeo,Estate,fire,multiple,moderate,app,comprehensive,True,True,True,0,186865,49,1,11,2024,20991.55,0.85,20991.55,2975.0,0.1417,True,,,sent_to_garage,0.2862,0,0,0.0875,0,0.2134,0
CLM005634,POL000402,2024-07-29,2024-07-10,2014-04-14,2015-04-14,19,Audi,A4,Sedan,vandalism,front,moderate,online,third_party,False,True,True,9,82843,56,0,15,2015,37401.13,1.832,10472.32,3664.0,0.3499,False,,,sent_to_garage,0.1146,0,0,0.0701,0,0.1005,0
CLM005635,POL000640,2022-12-06,2022-11-29,2022-05-19,2023-05-19,7,Nissan,Leaf,Estate,fire,roof,minor,broker,third_party,False,False,True,13,15634,38,1,16,2009,31393.56,0.986,3139.36,591.6,0.1884,False,,,sent_to_garage,0.2835,0,0,0.0683,0,0.1161,0
CLM005636,POL003776,2023-08-11,2023-08-04,2017-06-27,2018-06-27,7,Ford,Fiesta,Sedan,collision,front,severe,online,comprehensive,False,False,False,6,88601,53,0,1,2017,11960.07,0.729,6219.24,3645.0,0.5861,False,,,sent_to_garage,0.2,0,1,0.9238,0,0.705,0
CLM005637,POL001483,2022-12-02,2022-11-05,2019-09-09,2020-09-08,27,Honda,Civic,SUV,collision,side,minor,app,comprehensive,False,False,True,17,99657,27,1,2,2005,21382.22,0.865,2138.22,346.0,0.1618,False,,,sent_to_garage,0.0448,0,0,0.0577,0,0.0609,0
CLM005639,POL000272,2024-04-13,2024-03-20,2012-05-22,2013-05-22,24,Ford,Transit,Hatchback,fire,rear,minor,phone,comprehensive,True,True,True,1,147666,45,1,10,2023,28895.47,0.96,26583.83,432.0,0.0163,True,,,sent_to_garage,0.2725,0,0,0.0676,0,0.081,0
CLM005643,POL004427,2022-05-22,2022-04-25,2013-12-15,2014-12-15,27,Nissan,Juke,Motorbike,theft_damage,roof,moderate,phone,third_party_fire_theft,True,True,False,19,170550,24,1,2,2003,,,,,,False,,,sent_to_garage,0.4048,0,1,0.7579,0,0.7597,0
CLM005651,POL004989,2024-12-10,2024-11-28,2015-10-18,2016-10-17,12,Ford,Transit,Sedan,vandalism,rear,moderate,online,third_party,False,True,True,18,177262,23,1,10,2006,29267.9,0.975,2926.79,1755.0,0.5996,False,,,sent_to_garage,0.2428,0,1,0.9307,0,0.6817,0
CLM005652,POL002513,2023-07-19,2023-06-22,2020-04-13,2021-04-13,27,Ford,Kuga,Van,collision,front,severe,online,third_party_fire_theft,False,True,False,0,113397,39,1,20,2023,28153.59,0.893,28153.59,4465.0,0.1586,True,,,sent_to_garage,0.6417,0,0,0.133,0,0.4027,0
CLM005654,POL002035,2023-11-04,2023-10-28,2018-07-28,2019-07-28,7,Toyota,RAV4,Estate,vandalism,rear,minor,broker,comprehensive,True,False,False,18,25144,43,0,15,2005,31406.24,0.918,3140.62,413.1,0.1315,False,,,sent_to_garage,0.2648,0,0,0.1011,0,0.1774,0
CLM005655,POL001631,2024-08-03,2024-08-01,2012-11-27,2013-11-27,2,Volkswagen,Tiguan,Van,vandalism,multiple,severe,online,third_party,True,True,True,0,26053,40,2,3,2024,35641.4,1.082,35641.4,8656.0,0.2429,True,,,sent_to_garage,0.4165,0,0,0.051,0,0.0907,0
CLM005658,POL004515,2022-09-08,2022-08-24,2017-01-07,2018-01-07,15,Ford,Mondeo,Estate,collision,multiple,minor,phone,comprehensive,False,False,True,14,89692,25,2,7,2008,21881.54,0.844,2188.15,675.2,0.3086,False,,,sent_to_garage,0.3551,0,1,0.8836,0,0.4101,0
CLM005663,POL002984,2022-08-25,2022-08-24,2022-06-04,2023-06-04,1,Toyota,Camry,SUV,flood,front,minor,online,third_party,False,False,True,20,194286,31,3,20,2002,,,,,,False,,,sent_to_garage,0.1843,0,0,0.1116,0,0.1575,0
CLM005669,POL003711,2023-11-20,2023-11-18,2017-11-26,2018-11-26,2,Hyundai,i10,Sedan,theft_damage,side,minor,app,comprehensive,False,True,True,3,74207,48,2,9,2020,11766.96,0.755,8942.89,302.0,0.0338,False,,,sent_to_garage,0.1211,0,0,0.0382,0,0.0299,0
CLM005674,POL003101,2024-05-28,2024-05-28,2023-03-21,2024-03-20,0,Hyundai,i20,SUV,collision,front,minor,direct,third_party_fire_theft,False,False,True,5,4781,60,2,2,2019,16460.47,0.775,9876.28,387.5,0.0392,False,,,sent_to_garage,0.0314,0,0,0.0171,0,0.0347,0
CLM005677,POL000932,2022-09-23,2022-09-10,2012-08-08,2013-08-08,13,Mercedes,GLC,Van,fire,front,moderate,broker,comprehensive,False,True,True,18,71732,44,0,18,2004,49343.38,1.944,4934.34,3888.0,0.7879,False,,,sent_to_garage,0.6331,0,1,0.8888,0,0.8977,0
CLM005680,POL002090,2024-12-19,2024-11-27,2018-11-17,2019-11-17,22,BMW,X3,SUV,fire,side,minor,phone,third_party_fire_theft,False,False,True,0,54039,23,1,7,2024,50093.41,1.843,50093.41,737.2,0.0147,True,,,sent_to_garage,0.0403,0,0,0.0124,0,0.011,0
CLM005681,POL004899,2024-06-08,2024-06-03,2018-01-31,2019-01-31,5,Nissan,Leaf,Hatchback,flood,side,moderate,app,comprehensive,True,True,False,12,54725,17,0,4,2012,30815.55,0.993,3081.56,1489.5,0.4834,False,,,sent_to_garage,0.0179,0,1,0.7792,0,0.2216,0
CLM005686,POL000086,2024-05-14,2024-04-20,2020-05-02,2021-05-02,24,Audi,Q3,Van,vandalism,rear,moderate,phone,third_party,False,False,True,7,132150,85,1,10,2017,35155.92,1.749,15468.6,3148.2,0.2035,False,,,sent_to_garage,0.5148,0,1,0.8693,0,0.763,0
CLM005687,POL000395,2022-08-06,2022-07-24,2017-10-10,2018-10-10,13,Vauxhall,Insignia,SUV,flood,multiple,severe,phone,comprehensive,True,True,False,15,109123,17,1,9,2007,24157.18,0.859,2415.72,6872.0,2.0,False,,,scrapped_by_model,0.9998,1,1,0.9978,1,0.9996,1
CLM005696,POL001644,2023-03-04,2023-03-02,2019-06-26,2020-06-25,2,Mercedes,A-Class,Estate,vandalism,side,moderate,phone,comprehensive,True,True,True,3,17995,35,0,9,2020,31390.74,1.838,23856.96,2757.0,0.1156,True,,,sent_to_garage,0.1086,0,0,0.0066,0,0.0702,0
CLM005699,POL004823,2022-09-01,2022-08-02,2019-05-30,2020-05-29,30,Toyota,RAV4,Hatchback,collision,front,moderate,phone,third_party_fire_theft,False,True,True,10,65079,33,0,12,2012,33140.95,0.893,6628.19,1786.0,0.2695,False,,,sent_to_garage,0.2108,0,0,0.1074,0,0.1374,0
CLM005701,POL004652,2022-04-05,2022-03-12,2017-12-08,2018-12-08,24,Nissan,Qashqai,Hatchback,theft_damage,roof,severe,app,comprehensive,False,True,False,14,151682,69,2,17,2008,29091.38,0.922,2909.14,5532.0,1.9016,False,,,scrapped_by_model,0.9999,1,1,0.9998,1,0.9998,1
CLM005702,POL000549,2022-05-25,2022-05-11,2015-08-24,2016-08-23,14,Toyota,Corolla,Van,fire,side,severe,app,comprehensive,False,True,False,1,152712,56,1,15,2021,21849.12,0.856,20101.19,3424.0,0.1703,True,,,sent_to_garage,0.6768,0,1,0.9318,0,0.7574,0
CLM005704,POL004284,2024-09-29,2024-09-10,2017-12-13,2018-12-13,19,Nissan,Qashqai,Estate,flood,front,moderate,online,comprehensive,True,True,True,16,64261,38,0,6,2008,29091.38,0.922,2909.14,1844.0,0.6339,False,,,sent_to_garage,0.2482,0,0,0.0618,0,0.0992,0
CLM005705,POL003029,2024-11-29,2024-11-09,2013-09-10,2014-09-10,20,Vauxhall,Insignia,Hatchback,theft_damage,front,minor,direct,third_party,False,True,False,8,196957,17,1,17,2016,24988.77,0.83,8995.96,415.0,0.0461,False,,,sent_to_garage,0.0259,0,0,0.0688,0,0.0398,0
CLM005709,POL000326,2024-09-11,2024-08-21,2020-08-07,2021-08-07,21,Audi,A4,SUV,fire,front,minor,online,comprehensive,False,True,False,18,123432,57,0,19,2006,37062.1,1.749,3706.21,874.5,0.236,False,,,sent_to_garage,0.5234,0,0,0.3973,0,0.553,0
CLM005710,POL003479,2024-05-22,2024-04-29,2017-02-22,2018-02-22,23,Honda,Civic,SUV,theft_damage,front,minor,direct,comprehensive,False,False,True,4,149527,31,1,11,2020,21472.41,0.876,14601.24,438.0,0.03,False,,,sent_to_garage,0.133,0,0,0.0263,0,0.0958,0
CLM005717,POL004666,2023-08-18,2023-08-06,2014-02-25,2015-02-25,12,Toyota,Yaris,Estate,vandalism,multiple,severe,direct,comprehensive,False,True,True,15,55179,55,0,11,2008,14335.85,0.814,1433.58,6512.0,2.0,False,,,scrapped_by_model,1.0,1,1,0.9999,1,0.9998,1
CLM005718,POL006726,2023-01-25,2023-01-23,2020-05-15,2021-05-15,2,Ford,Fiesta,Motorbike,flood,front,minor,direct,comprehensive,False,False,True,17,129690,42,1,1,2006,11513.01,0.771,1151.3,385.5,0.3348,False,,,sent_to_garage,0.2228,0,0,0.1462,0,0.1672,0
CLM005723,POL000388,2024-01-24,2024-01-03,2014-05-18,2015-05-18,21,BMW,X3,Hatchback,vandalism,front,moderate,broker,comprehensive,False,True,True,0,4432,25,0,15,2024,50093.41,1.843,50093.41,3686.0,0.0736,True,,,sent_to_garage,0.0389,0,0,0.0121,0,0.0287,0
CLM005724,POL005019,2023-12-02,2023-11-07,2023-04-25,2024-04-24,25,Toyota,Corolla,Van,collision,rear,moderate,online,comprehensive,True,True,True,9,58643,29,0,12,2014,22194.27,0.841,6214.4,1513.8,0.2436,False,,,sent_to_garage,0.0381,0,0,0.0785,0,0.0857,0
CLM005725,POL004520,2023-07-01,2023-06-26,2019-06-14,2020-06-13,5,Honda,Jazz,Estate,vandalism,multiple,minor,online,third_party_fire_theft,True,True,False,0,72593,39,1,12,2023,15611.92,0.863,15611.92,690.4,0.0442,False,,,sent_to_garage,0.191,0,0,0.0747,0,0.1951,0
CLM005732,POL005006,2023-12-10,2023-11-22,2017-06-17,2018-06-17,18,Toyota,Camry,Hatchback,theft_damage,multiple,minor,broker,comprehensive,True,True,False,1,60156,23,1,10,2022,28814.94,0.875,26509.74,700.0,0.0264,True,,,sent_to_garage,0.1914,0,1,0.8979,0,0.6671,0
CLM005735,POL000881,2022-07-20,2022-07-20,2017-04-13,2018-04-13,0,Nissan,Leaf,Motorbike,collision,rear,minor,phone,comprehensive,False,False,False,12,3182,17,0,5,2010,29789.87,0.996,2978.99,448.2,0.1505,False,,,sent_to_garage,0.0251,0,0,0.0561,0,0.0476,0
CLM005736,POL005728,2022-02-17,2022-02-11,2018-06-06,2019-06-06,6,Nissan,Micra,Van,theft_damage,roof,moderate,app,comprehensive,False,True,True,10,36005,57,0,17,2012,13625.8,0.779,2725.16,1947.5,0.7146,False,,,sent_to_garage,0.0568,0,0,0.0167,0,0.0668,0
CLM005742,POL003616,2024-02-11,2024-01-14,2023-06-27,2024-06-26,28,Ford,Kuga,Motorbike,fire,side,minor,online,comprehensive,True,True,False,16,78710,35,0,9,2008,28254.56,0.874,2825.46,349.6,0.1237,False,,,sent_to_garage,0.1845,0,1,0.791,0,0.7191,0
CLM005745,POL003841,2022-08-21,2022-08-01,2013-12-01,2014-12-01,20,Audi,A4,SUV,fire,side,minor,direct,comprehensive,True,False,False,0,27742,63,1,16,2022,36590.31,1.762,36590.31,704.8,0.0193,True,,,sent_to_garage,0.0501,0,0,0.0699,0,0.056,0
CLM005747,POL001035,2024-11-06,2024-10-18,2019-02-15,2020-02-15,19,Mercedes,E-Class,Sedan,collision,roof,moderate,phone,comprehensive,False,True,True,4,35205,34,2,17,2020,54074.39,2.057,36770.59,5142.5,0.1399,True,,,sent_to_garage,0.0333,0,0,0.0202,0,0.044,0
CLM005748,POL005763,2022-12-22,2022-12-04,2020-12-09,2021-12-09,18,Vauxhall,Corsa,SUV,theft_damage,multiple,minor,direct,comprehensive,False,False,True,1,193142,37,1,12,2021,12631.26,0.696,11620.76,556.8,0.0479,False,,,sent_to_garage,0.2061,0,0,0.2146,0,0.3243,0
CLM005753,POL004290,2023-07-22,2023-07-19,2017-05-14,2018-05-14,3,Nissan,Qashqai,Sedan,fire,rear,minor,online,comprehensive,True,False,False,16,22219,85,2,17,2007,29396.72,0.906,2939.67,407.7,0.1387,False,,,sent_to_garage,0.3275,0,1,0.7984,0,0.8634,0
CLM005754,POL004252,2023-03-14,2023-03-12,2013-04-24,2014-04-24,2,Volkswagen,Tiguan,SUV,vandalism,roof,minor,phone,comprehensive,False,False,False,3,13524,73,3,5,2020,34415.83,1.095,26156.03,657.0,0.0251,True,,,sent_to_garage,0.0714,0,0,0.0033,0,0.0078,0
CLM005759,POL001354,2022-07-18,2022-07-03,2016-07-31,2017-07-31,15,Toyota,Camry,Hatchback,fire,rear,severe,direct,third_party_fire_theft,False,False,True,10,195308,42,2,10,2012,31030.77,0.887,6206.15,3991.5,0.6432,False,,,sent_to_garage,0.1391,0,1,0.9477,0,0.8118,0
CLM005764,POL005294,2022-03-09,2022-02-27,2021-09-07,2022-09-07,10,Volkswagen,Golf,Estate,fire,front,moderate,broker,comprehensive,False,True,False,3,189564,50,0,3,2019,24437.06,1.023,18572.17,2046.0,0.1102,True,,,sent_to_garage,0.0668,0,0,0.0208,0,0.1693,0
CLM005768,POL003481,2023-10-19,2023-10-19,2014-10-18,2015-10-18,0,BMW,5 Series,Sedan,fire,side,moderate,direct,comprehensive,False,True,True,1,152392,34,0,17,2022,46057.02,1.866,42372.46,2799.0,0.0661,True,,,sent_to_garage,0.2552,0,0,0.0165,0,0.0954,0
CLM005770,POL004214,2024-04-08,2024-03-28,2012-12-14,2013-12-14,11,Mercedes,E-Class,Estate,theft_damage,rear,moderate,broker,third_party,False,False,True,8,108390,60,0,10,2016,53716.1,2.057,19337.8,3702.6,0.1915,True,,,sent_to_garage,0.1021,0,0,0.0152,0,0.1299,0
CLM005772,POL004946,2023-08-22,2023-08-08,2018-01-30,2019-01-30,14,Audi,A3,Hatchback,flood,multiple,severe,phone,comprehensive,False,False,False,3,122325,61,1,11,2020,30832.08,1.752,23432.38,14016.0,0.5981,True,,,sent_to_garage,0.8377,0,0,0.0999,0,0.2846,0
CLM005777,POL003997,2024-11-25,2024-11-05,2021-04-22,2022-04-22,20,Ford,Mondeo,Motorbike,vandalism,front,minor,broker,comprehensive,False,True,True,15,180393,61,2,8,2009,21563.33,0.857,2156.33,428.5,0.1987,False,,,sent_to_garage,0.1937,0,0,0.0446,0,0.1644,0
CLM005778,POL003100,2024-01-13,2023-12-18,2021-10-13,2022-10-13,26,BMW,1 Series,Motorbike,theft_damage,front,minor,online,comprehensive,True,False,True,12,33181,54,0,2,2012,26669.61,1.706,2666.96,853.0,0.3198,False,,,sent_to_garage,0.1888,0,0,0.0368,0,0.0481,0
CLM005781,POL006643,2022-11-08,2022-10-17,2016-09-22,2017-09-22,22,Volkswagen,Tiguan,SUV,flood,side,moderate,direct,comprehensive,False,False,True,9,96518,37,2,2,2013,33640.6,1.092,9419.37,1638.0,0.1739,False,,,sent_to_garage,0.0511,0,0,0.0115,0,0.0264,0
CLM005782,POL006618,2022-05-15,2022-05-11,2018-01-03,2019-01-03,4,Vauxhall,Corsa,Sedan,fire,rear,moderate,direct,comprehensive,True,False,False,19,137094,51,1,7,2003,,,,,,False,,,sent_to_garage,0.8411,0,0,0.1959,0,0.2096,0
CLM005784,POL004891,2023-06-11,2023-05-30,2013-03-13,2014-03-13,12,Volkswagen,Tiguan,Hatchback,theft_damage,side,severe,broker,third_party_fire_theft,True,True,True,18,6859,17,1,8,2005,35217.6,1.074,3521.76,4296.0,1.2198,False,,,scrapped_by_model,0.9999,1,1,0.9998,1,0.9998,1
CLM005791,POL004631,2023-09-13,2023-08-29,2017-11-17,2018-11-17,15,Hyundai,i20,Motorbike,vandalism,front,severe,app,third_party,False,False,False,2,155206,65,0,13,2021,15682.11,0.793,13172.97,3965.0,0.301,False,,,sent_to_garage,0.5919,0,0,0.2306,0,0.4996,0
CLM005798,POL005124,2023-02-10,2023-01-18,2013-04-14,2014-04-14,23,Honda,CR-V,SUV,vandalism,roof,severe,broker,comprehensive,False,False,True,13,192839,44,0,4,2010,29692.58,0.925,2969.26,5550.0,1.8692,False,,,scrapped_by_model,0.9999,1,1,1.0,1,0.9998,1
CLM005804,POL003187,2022-07-11,2022-06-26,2014-05-08,2015-05-08,15,Vauxhall,Mokka,Motorbike,vandalism,roof,minor,direct,comprehensive,False,True,True,12,55627,24,4,7,2010,22789.76,0.82,2278.98,492.0,0.2159,False,,,sent_to_garage,0.282,0,0,0.0223,0,0.0396,0
CLM005806,POL004105,2023-01-27,2022-12-28,2013-10-28,2014-10-28,30,Audi,Q3,Hatchback,collision,side,minor,online,comprehensive,False,False,False,6,37764,19,2,16,2017,35155.92,1.749,18281.08,699.6,0.0383,True,,,sent_to_garage,0.0781,0,0,0.0339,0,0.099,0
CLM005808,POL004689,2024-08-02,2024-07-28,2022-02-06,2023-02-06,5,Nissan,Juke,Van,collision,rear,minor,app,third_party,False,False,True,1,40189,42,4,1,2023,19261.78,0.847,17720.84,381.15,0.0215,True,,,sent_to_garage,0.0843,0,0,0.0319,0,0.0229,0
CLM005809,POL000354,2023-01-20,2023-01-01,2013-02-23,2014-02-23,19,BMW,X5,Sedan,fire,front,moderate,phone,third_party_fire_theft,False,False,True,3,131190,39,1,17,2020,66076.95,2.018,50218.48,4036.0,0.0804,True,,,sent_to_garage,0.27,0,0,0.0753,0,0.1427,0
CLM005812,POL000422,2024-01-02,2024-01-02,2018-08-19,2019-08-19,0,Ford,Mondeo,SUV,collision,roof,minor,broker,comprehensive,False,True,True,12,125363,45,0,14,2012,22898.88,0.86,2289.89,516.0,0.2253,False,,,sent_to_garage,0.1623,0,0,0.026,0,0.0517,0
CLM005814,POL004047,2022-11-19,2022-10-31,2018-05-06,2019-05-06,19,Nissan,Micra,Hatchback,vandalism,rear,minor,phone,comprehensive,True,True,True,5,132600,40,0,17,2017,13463.1,0.786,8077.86,353.7,0.0438,False,,,sent_to_garage,0.2722,0,0,0.0349,0,0.1724,0
CLM005816,POL004483,2022-04-26,2022-04-06,2016-02-02,2017-02-01,20,Volkswagen,Passat,Hatchback,theft_damage,side,moderate,broker,comprehensive,False,True,True,20,161881,64,0,7,2002,,,,,,False,,,sent_to_garage,0.5787,0,1,0.7331,0,0.4667,0
CLM005825,POL002068,2024-11-06,2024-10-15,2016-02-28,2017-02-27,22,BMW,3 Series,Sedan,collision,rear,moderate,phone,comprehensive,False,False,False,19,61986,36,0,0,2005,34078.32,1.827,3407.83,3288.6,0.965,False,,,scrapped_by_model,0.9991,1,1,0.9891,0,0.997,1
CLM005827,POL003878,2024-02-14,2024-02-13,2015-07-03,2016-07-02,1,Honda,Jazz,Estate,fire,multiple,moderate,phone,third_party_fire_theft,False,True,True,5,142701,47,0,1,2019,15434.98,0.868,9260.99,3038.0,0.328,False,,,sent_to_garage,0.3792,0,1,0.9728,0,0.8401,0
CLM005828,POL001402,2024-05-05,2024-04-05,2023-04-11,2024-04-10,30,Mercedes,GLC,Van,theft_damage,multiple,moderate,phone,comprehensive,True,False,True,4,167993,54,0,1,2020,49299.71,1.955,33523.8,6842.5,0.2041,True,,,sent_to_garage,0.2699,0,1,0.8831,0,0.8389,0
CLM005829,POL002967,2022-01-24,2022-01-22,2015-03-22,2016-03-21,2,Hyundai,Tucson,Motorbike,flood,rear,moderate,online,third_party_fire_theft,False,True,True,1,39265,65,0,6,2021,28152.0,0.886,25899.84,1594.8,0.0616,True,,,sent_to_garage,0.074,0,0,0.0206,0,0.0523,0
CLM005832,POL001685,2024-05-28,2024-05-16,2012-10-27,2013-10-27,12,Mercedes,E-Class,Van,vandalism,multiple,moderate,online,comprehensive,False,False,True,16,27822,44,1,6,2008,53740.48,1.959,5374.05,6856.5,1.2759,False,,,scrapped_by_model,0.9997,1,1,0.9966,1,0.9999,1
CLM005836,POL000545,2023-07-18,2023-07-06,2013-12-19,2014-12-19,12,Ford,Fiesta,Sedan,flood,multiple,minor,broker,third_party_fire_theft,False,False,True,3,45698,65,2,3,2020,11790.99,0.744,8961.15,595.2,0.0664,False,,,sent_to_garage,0.3142,0,0,0.0653,0,0.1866,0
CLM005837,POL004936,2024-01-21,2024-01-19,2023-03-21,2024-03-20,2,Volkswagen,Golf,Van,flood,rear,moderate,phone,third_party_fire_theft,True,False,False,9,38648,52,0,10,2015,25429.03,0.984,7120.13,1771.2,0.2488,False,,,sent_to_garage,0.1687,0,0,0.0634,0,0.0891,0
CLM005841,POL002129,2024-09-07,2024-09-06,2022-12-29,2023-12-29,1,Toyota,Corolla,Sedan,theft_damage,side,minor,broker,comprehensive,True,True,False,15,103794,51,3,3,2009,21162.28,0.831,2116.23,332.4,0.1571,False,,,sent_to_garage,0.1072,0,0,0.0868,0,0.1067,0
CLM005844,POL003204,2024-04-25,2024-03-28,2014-09-22,2015-09-22,28,Mercedes,GLC,Estate,flood,side,minor,broker,third_party_fire_theft,False,True,True,17,39723,22,0,1,2007,46587.94,2.006,4658.79,802.4,0.1722,False,,,sent_to_garage,0.4464,0,0,0.0304,0,0.0296,0
CLM005849,POL000566,2022-06-28,2022-06-23,2018-06-11,2019-06-11,5,Hyundai,i10,Motorbike,flood,side,severe,phone,comprehensive,False,False,True,3,91960,60,0,16,2019,11460.64,0.767,8710.09,3068.0,0.3522,False,,,sent_to_garage,0.4042,0,1,0.8099,0,0.5483,0
CLM005850,POL004435,2024-07-16,2024-06-17,2018-07-01,2019-07-01,29,Vauxhall,Insignia,Sedan,vandalism,rear,minor,app,comprehensive,False,False,False,20,106345,17,1,8,2004,26088.45,0.848,2608.85,381.6,0.1463,False,,,sent_to_garage,0.2122,0,1,0.8483,0,0.4663,0
CLM005853,POL000134,2023-12-30,2023-12-24,2018-01-02,2019-01-02,6,Honda,HR-V,Van,fire,side,minor,app,third_party,True,True,True,12,187839,27,2,20,2011,24238.72,0.91,2423.87,364.0,0.1502,False,,,sent_to_garage,0.778,0,0,0.025,0,0.2722,0
CLM005857,POL003284,2024-09-25,2024-09-23,2017-05-15,2018-05-15,2,Toyota,Camry,Sedan,vandalism,front,moderate,phone,third_party,False,False,True,3,81078,26,1,19,2021,29996.45,0.882,22797.3,1764.0,0.0774,True,,,sent_to_garage,0.1471,0,0,0.0351,0,0.0468,0
CLM005867,POL004666,2022-02-06,2022-02-06,2017-06-08,2018-06-08,0,Nissan,Qashqai,Hatchback,theft_damage,rear,moderate,phone,comprehensive,True,True,False,11,148138,27,1,11,2011,27936.16,0.9,3352.34,1620.0,0.4832,False,,,sent_to_garage,0.0597,0,0,0.0775,0,0.1146,0
CLM005868,POL004041,2022-09-06,2022-08-08,2017-08-26,2018-08-26,29,BMW,X5,Sedan,fire,multiple,moderate,direct,comprehensive,False,True,True,17,25403,38,1,20,2005,65344.45,2.052,6534.44,7182.0,1.0991,False,,,sent_to_garage,0.9832,0,1,0.999,1,0.9997,1
CLM005870,POL001102,2024-12-05,2024-11-28,2018-06-01,2019-06-01,7,Mercedes,E-Class,Estate,flood,front,moderate,app,comprehensive,False,False,True,9,346,64,1,8,2015,53909.98,2.025,15094.79,4050.0,0.2683,False,,,sent_to_garage,0.1421,0,0,0.0081,0,0.057,0
CLM005878,POL000997,2022-11-13,2022-11-01,2019-06-18,2020-06-17,12,Toyota,RAV4,Motorbike,collision,roof,moderate,direct,third_party,True,True,True,19,49322,27,0,8,2003,,,,,,False,,,sent_to_garage,0.1094,0,0,0.1515,0,0.1717,0
CLM005879,POL004024,2023-06-12,2023-05-24,2014-11-09,2015-11-09,19,Volkswagen,Tiguan,Estate,collision,side,moderate,broker,comprehensive,False,True,True,2,93175,43,0,18,2021,35982.03,1.123,30224.91,1684.5,0.0557,True,,,sent_to_garage,0.0284,0,0,0.0061,0,0.0417,0
CLM005882,POL001263,2022-02-02,2022-01-17,2012-01-06,2013-01-05,16,Nissan,Leaf,Hatchback,collision,front,minor,app,third_party,False,False,False,2,122158,49,1,19,2020,29086.49,0.995,24432.65,497.5,0.0204,True,,,sent_to_garage,0.2338,0,0,0.0175,0,0.0989,0
CLM005888,POL000893,2023-06-17,2023-06-11,2018-07-14,2019-07-14,6,Toyota,Corolla,SUV,theft_damage,roof,minor,broker,comprehensive,True,False,False,10,191147,41,3,11,2013,21799.32,0.836,4359.86,501.6,0.115,False,,,sent_to_garage,0.1601,0,1,0.898,0,0.2377,0
CLM005895,POL000156,2022-12-14,2022-12-13,2015-07-08,2016-07-07,1,BMW,1 Series,Motorbike,vandalism,rear,minor,online,third_party,False,False,True,12,130774,20,0,14,2010,28456.02,1.746,2845.6,785.7,0.2761,False,,,sent_to_garage,0.3339,0,0,0.0708,0,0.134,0
CLM005900,POL000346,2023-08-04,2023-07-08,2021-10-16,2022-10-16,27,Toyota,Camry,Motorbike,theft_damage,rear,severe,broker,comprehensive,False,True,False,7,34881,17,0,14,2016,29515.37,0.898,12986.76,4041.0,0.3112,False,,,sent_to_garage,0.8368,0,0,0.0084,0,0.1341,0
CLM005901,POL004706,2024-08-26,2024-08-10,2021-12-11,2022-12-11,16,Mercedes,C-Class,Hatchback,fire,rear,moderate,online,comprehensive,False,True,False,4,63793,61,1,15,2020,40606.68,1.942,27612.54,3495.6,0.1266,True,,,sent_to_garage,0.1303,0,0,0.0852,0,0.0641,0
CLM005907,POL003589,2023-05-17,2023-05-10,2020-11-20,2021-11-20,7,Vauxhall,Astra,Estate,flood,roof,moderate,app,third_party,False,True,False,11,119123,26,1,16,2012,17328.44,0.768,2079.41,1920.0,0.9233,False,,,sent_to_garage,0.9964,0,1,0.9645,0,0.9799,0
CLM005910,POL000755,2024-03-30,2024-02-29,2018-10-19,2019-10-19,30,Toyota,RAV4,Motorbike,collision,side,moderate,app,third_party,True,True,True,2,68215,29,0,16,2022,33565.23,0.903,28194.79,1354.5,0.048,True,,,sent_to_garage,0.0515,0,1,0.6962,0,0.3087,0
CLM005911,POL005916,2023-05-04,2023-05-01,2020-04-04,2021-04-04,3,Volkswagen,Tiguan,Hatchback,flood,roof,minor,phone,comprehensive,False,False,True,12,4367,33,1,16,2011,34842.91,1.101,3484.29,660.6,0.1896,False,,,sent_to_garage,0.0188,0,0,0.0027,0,0.0261,0
CLM005917,POL004506,2023-05-26,2023-05-03,2019-03-26,2020-03-25,23,Audi,A6,Motorbike,vandalism,side,minor,app,comprehensive,False,False,False,12,171297,34,0,11,2011,50360.68,1.904,5036.07,761.6,0.1512,False,,,sent_to_garage,0.0976,0,0,0.0136,0,0.0762,0
CLM005918,POL004389,2024-09-16,2024-08-24,2016-07-31,2017-07-31,23,BMW,5 Series,Hatchback,flood,side,moderate,broker,comprehensive,False,False,True,7,187424,38,1,11,2017,46873.57,1.898,20624.37,2847.0,0.138,True,,,sent_to_garage,0.1453,0,0,0.0067,0,0.0662,0
CLM005919,POL004906,2022-09-22,2022-09-10,2015-10-29,2016-10-28,12,Vauxhall,Astra,SUV,fire,rear,moderate,broker,comprehensive,False,False,False,14,56764,42,1,10,2008,18347.57,0.735,1834.76,1323.0,0.7211,False,,,sent_to_garage,0.5985,0,0,0.1452,0,0.3089,0
CLM005920,POL001654,2023-08-10,2023-07-23,2022-08-04,2023-08-04,18,Toyota,Camry,SUV,vandalism,rear,moderate,direct,comprehensive,False,False,False,8,27555,52,0,2,2015,29599.83,0.882,10655.94,1587.6,0.149,False,,,sent_to_garage,0.057,0,0,0.0612,0,0.0802,0
CLM005923,POL004218,2024-03-04,2024-02-24,2015-10-17,2016-10-16,9,Toyota,Camry,Sedan,theft_damage,front,moderate,phone,third_party,False,True,False,10,23423,36,1,6,2014,30788.71,0.857,6157.74,1714.0,0.2783,False,,,sent_to_garage,0.1014,0,0,0.0568,0,0.1182,0
CLM005926,POL000956,2023-02-15,2023-02-03,2016-07-05,2017-07-05,12,Volkswagen,Golf,SUV,flood,front,moderate,app,third_party,False,False,True,13,40752,26,0,4,2010,23872.41,0.984,2387.24,1968.0,0.8244,False,,,sent_to_garage,0.3777,0,0,0.1305,0,0.0823,0
CLM005928,POL004615,2022-11-29,2022-11-02,2013-10-02,2014-10-02,27,Volkswagen,Tiguan,Hatchback,vandalism,roof,minor,direct,comprehensive,False,True,True,9,78133,27,0,0,2013,33640.6,1.092,9419.37,655.2,0.0696,False,,,sent_to_garage,0.0169,0,0,0.0068,0,0.0453,0
CLM005929,POL004955,2023-12-12,2023-11-14,2020-09-11,2021-09-11,28,BMW,X5,Estate,theft_damage,front,minor,app,third_party,False,True,False,15,58202,26,0,4,2008,66415.44,2.054,6641.54,1027.0,0.1546,False,,,sent_to_garage,0.1137,0,0,0.0384,0,0.0429,0
CLM005932,POL001400,2022-08-02,2022-07-10,2017-10-07,2018-10-07,23,Ford,Fiesta,Sedan,collision,multiple,minor,online,comprehensive,False,True,True,11,118067,39,2,14,2011,11932.1,0.738,1431.85,590.4,0.4123,False,,,sent_to_garage,0.4796,0,0,0.0227,0,0.2652,0
CLM005933,POL001748,2023-12-03,2023-11-07,2018-09-23,2019-09-23,26,Vauxhall,Mokka,SUV,vandalism,front,minor,direct,third_party_fire_theft,True,True,True,1,58159,17,1,10,2022,21768.19,0.791,20026.73,395.5,0.0197,True,,,sent_to_garage,0.0659,0,0,0.032,0,0.1687,0
CLM005939,POL003702,2022-04-15,2022-04-01,2019-06-12,2020-06-11,14,Audi,A4,Estate,fire,front,severe,phone,comprehensive,False,True,True,8,128565,68,3,0,2014,37397.27,1.751,13463.02,8755.0,0.6503,False,,,sent_to_garage,0.7624,0,1,0.9238,0,0.9326,0
CLM005941,POL003912,2022-05-27,2022-05-21,2015-01-17,2016-01-17,6,BMW,1 Series,Van,collision,rear,moderate,phone,comprehensive,False,False,True,17,66718,31,1,16,2005,27159.37,1.731,2715.94,3115.8,1.1472,False,,,scrapped_by_model,0.9994,1,1,0.9983,1,0.9992,1
CLM005946,POL001492,2023-06-17,2023-06-09,2019-05-31,2020-05-30,8,Hyundai,i10,SUV,vandalism,rear,minor,phone,comprehensive,True,True,False,7,90377,61,0,16,2016,12339.49,0.737,5429.38,331.65,0.0611,False,,,sent_to_garage,0.0301,0,1,0.9129,0,0.5792,0
CLM005948,POL003769,2023-08-07,2023-07-11,2013-06-17,2014-06-17,27,Ford,Mondeo,Sedan,flood,front,moderate,app,comprehensive,False,True,True,19,187512,40,0,3,2004,20949.97,0.829,2095.0,1658.0,0.7914,False,,,sent_to_garage,0.2434,0,1,0.9237,0,0.808,0
CLM005949,POL002081,2023-03-20,2023-02-23,2015-01-30,2016-01-30,25,Mercedes,C-Class,Sedan,theft_damage,side,moderate,online,comprehensive,False,True,True,16,66771,25,0,5,2007,41179.0,1.938,4117.9,2907.0,0.7059,False,,,sent_to_garage,0.2545,0,0,0.0601,0,0.1098,0
CLM005951,POL001960,2023-10-15,2023-09-26,2013-07-04,2014-07-04,19,Mercedes,GLC,SUV,vandalism,multiple,moderate,phone,comprehensive,True,True,False,9,65036,17,0,10,2014,48604.75,1.915,13609.33,6702.5,0.4925,False,,,sent_to_garage,0.104,0,0,0.0357,0,0.0836,0
CLM005953,POL002586,2023-11-03,2023-10-22,2018-02-13,2019-02-13,12,Honda,Civic,Hatchback,flood,rear,minor,online,comprehensive,False,True,False,16,90489,44,1,11,2007,21089.16,0.863,2108.92,388.35,0.1841,False,,,sent_to_garage,0.2311,0,0,0.0873,0,0.1954,0
CLM005954,POL000258,2022-01-10,2021-12-23,2014-03-07,2015-03-07,18,Audi,Q3,Estate,collision,multiple,minor,broker,third_party_fire_theft,False,True,False,17,62747,40,0,14,2005,34213.03,1.712,3421.3,1369.6,0.4003,False,,,sent_to_garage,0.9407,0,1,0.9012,0,0.8598,0
CLM005955,POL002430,2023-05-17,2023-04-27,2021-12-07,2022-12-07,20,Honda,Jazz,Sedan,vandalism,roof,minor,app,comprehensive,False,True,True,3,44566,20,2,12,2020,16517.0,0.852,12552.92,511.2,0.0407,False,,,sent_to_garage,0.1488,0,1,0.6904,0,0.4762,0
CLM005960,POL001745,2023-04-01,2023-03-29,2012-03-31,2013-03-31,3,Hyundai,i10,Sedan,vandalism,side,severe,broker,comprehensive,True,False,False,13,7122,57,1,7,2010,11719.24,0.74,1171.92,2960.0,2.0,False,,,sent_to_garage,0.9946,0,1,0.9954,1,0.991,0
CLM005966,POL001359,2022-09-29,2022-09-01,2020-05-17,2021-05-17,28,Honda,Civic,Van,fire,roof,minor,broker,third_party_fire_theft,False,False,True,11,161158,62,0,13,2011,21887.2,0.874,2626.46,524.4,0.1997,False,,,sent_to_garage,0.6565,0,0,0.1357,0,0.1558,0
CLM005967,POL004364,2024-01-12,2023-12-31,2023-03-17,2024-03-16,12,BMW,X3,SUV,flood,roof,moderate,phone,comprehensive,False,False,True,18,77025,24,2,20,2006,46259.56,1.901,4625.96,4752.5,1.0274,False,,,sent_to_garage,0.9982,0,1,0.9924,1,0.998,1
CLM005969,POL003506,2024-12-16,2024-11-27,2014-10-30,2015-10-30,19,Honda,Civic,Van,flood,roof,minor,online,comprehensive,False,False,True,2,3295,41,0,1,2022,22134.69,0.874,18593.14,524.4,0.0282,True,,,sent_to_garage,0.0149,0,0,0.0138,0,0.0083,0
CLM005972,POL000265,2022-03-26,2022-03-16,2021-03-02,2022-03-02,10,Hyundai,i20,Estate,flood,front,minor,phone,comprehensive,True,True,False,3,184480,60,0,4,2019,16460.47,0.775,12509.96,387.5,0.031,False,,,sent_to_garage,0.1621,0,0,0.0756,0,0.0911,0
CLM005974,POL006641,2024-03-14,2024-03-14,2012-09-16,2013-09-16,0,Honda,CR-V,Van,vandalism,rear,minor,app,comprehensive,False,True,True,17,10556,35,1,9,2007,29011.02,0.946,2901.1,425.7,0.1467,False,,,sent_to_garage,0.0266,0,0,0.0326,0,0.0779,0
CLM005975,POL006081,2023-01-08,2022-12-13,2012-06-18,2013-06-18,26,Nissan,Qashqai,Hatchback,vandalism,side,minor,direct,third_party,True,True,False,18,88356,51,1,14,2005,29204.01,0.9,2920.4,360.0,0.1233,False,,,sent_to_garage,0.1121,0,0,0.1274,0,0.154,0
CLM005979,POL000906,2022-08-24,2022-08-03,2012-11-03,2013-11-03,21,Nissan,Micra,SUV,flood,front,moderate,phone,comprehensive,False,True,False,7,20489,34,0,9,2015,13192.64,0.793,5804.76,1586.0,0.2732,False,,,sent_to_garage,0.2161,0,0,0.0205,0,0.0596,0
CLM005981,POL002829,2022-09-21,2022-08-26,2022-09-11,2023-09-11,26,BMW,3 Series,Estate,flood,multiple,severe,phone,comprehensive,False,False,False,12,25233,57,1,1,2010,36473.4,1.764,3647.34,14112.0,2.0,False,,,scrapped_by_model,0.9992,1,1,0.9977,1,0.9998,1
CLM005983,POL004673,2022-01-28,2022-01-02,2019-05-07,2020-05-06,26,Ford,Focus,Motorbike,flood,rear,moderate,broker,comprehensive,False,True,True,3,183530,50,0,2,2019,18636.13,0.787,14163.46,1416.6,0.1,False,,,sent_to_garage,0.0452,0,0,0.0038,0,0.0726,0
CLM005990,POL002729,2023-03-23,2023-03-19,2020-11-18,2021-11-18,4,Nissan,Juke,Estate,theft_damage,multiple,minor,app,third_party,False,False,True,12,197369,29,1,10,2011,19715.37,0.849,1971.54,679.2,0.3445,False,,,sent_to_garage,0.472,0,1,0.8907,0,0.6074,0
CLM005993,POL005963,2023-09-13,2023-09-08,2019-07-18,2020-07-17,5,Nissan,Micra,Hatchback,vandalism,rear,severe,phone,third_party_fire_theft,False,False,False,6,184255,17,0,17,2017,13463.1,0.786,7000.81,3537.0,0.5052,False,,,sent_to_garage,0.5217,0,0,0.0311,0,0.2098,0
CLM005994,POL005127,2023-12-26,2023-12-07,2012-01-23,2013-01-22,19,Ford,Mondeo,Sedan,fire,roof,moderate,direct,comprehensive,False,True,True,8,32671,43,0,9,2015,21888.6,0.838,7879.9,2095.0,0.2659,False,,,sent_to_garage,0.2262,0,1,0.8299,0,0.5315,0
CLM005998,POL004608,2023-07-23,2023-06-27,2017-02-28,2018-02-28,26,Toyota,Yaris,Van,vandalism,side,moderate,phone,comprehensive,True,True,True,19,48723,34,2,18,2004,15234.4,0.778,1523.44,1167.0,0.766,False,,,sent_to_garage,0.2765,0,1,0.6493,0,0.6642,0
CLM005999,POL004864,2022-01-16,2022-01-05,2012-12-02,2013-12-02,11,Volkswagen,Golf,SUV,theft_damage,side,moderate,direct,comprehensive,True,False,True,20,45816,58,2,12,2002,,,,,,False,,,sent_to_garage,0.4914,0,0,0.0677,0,0.1846,0
CLM006004,POL000884,2022-05-03,2022-04-09,2012-05-09,2013-05-09,24,Nissan,Juke,Motorbike,theft_damage,side,moderate,direct,comprehensive,False,True,True,20,1359,30,1,17,2002,,,,,,False,,,sent_to_garage,0.0504,0,0,0.0336,0,0.0798,0
CLM006005,POL000345,2024-04-08,2024-03-21,2015-07-05,2016-07-04,18,Audi,Q3,Hatchback,vandalism,rear,minor,phone,comprehensive,False,True,True,12,15808,17,1,18,2012,34648.87,1.769,3464.89,796.05,0.2297,False,,,sent_to_garage,0.135,0,0,0.0672,0,0.1203,0
CLM006006,POL002816,2023-01-29,2022-12-30,2014-11-26,2015-11-26,30,Honda,HR-V,SUV,theft_damage,rear,minor,direct,comprehensive,True,False,True,18,106570,40,1,0,2005,23752.67,0.884,2375.27,397.8,0.1675,False,,,sent_to_garage,0.0806,0,1,0.889,0,0.6126,0
CLM006009,POL004421,2024-08-13,2024-07-21,2019-04-02,2020-04-01,23,Vauxhall,Astra,SUV,vandalism,side,moderate,phone,comprehensive,False,False,True,12,72152,42,2,13,2012,17328.44,0.768,1732.84,1152.0,0.6648,False,,,sent_to_garage,0.2872,0,0,0.0668,0,0.1453,0
CLM006011,POL004292,2023-07-21,2023-07-02,2012-06-12,2013-06-12,19,Vauxhall,Astra,Motorbike,theft_damage,side,moderate,direct,comprehensive,False,True,True,11,126448,41,1,16,2012,17328.44,0.768,2079.41,1152.0,0.554,False,,,sent_to_garage,0.3553,0,0,0.0425,0,0.0756,0
CLM006018,POL004649,2022-10-26,2022-10-23,2019-06-08,2020-06-07,3,Honda,Jazz,Sedan,fire,side,minor,app,comprehensive,False,True,True,13,77929,31,0,1,2009,15866.67,0.841,1586.67,336.4,0.212,False,,,sent_to_garage,0.0825,0,0,0.0456,0,0.0383,0
CLM006021,POL006293,2023-05-27,2023-05-20,2020-01-08,2021-01-07,7,Mercedes,GLC,Motorbike,flood,front,severe,broker,third_party,True,True,True,3,123629,31,1,13,2020,49299.71,1.955,37467.78,9775.0,0.2609,True,,,sent_to_garage,0.6404,0,1,0.9555,0,0.7622,0
CLM006023,POL000751,2024-07-30,2024-07-23,2013-03-27,2014-03-27,7,Nissan,Qashqai,SUV,collision,side,minor,broker,comprehensive,False,True,False,11,36086,18,0,4,2013,28146.06,0.918,3377.53,367.2,0.1087,False,,,sent_to_garage,0.0206,0,0,0.0831,0,0.0846,0
CLM006025,POL004736,2023-12-21,2023-12-20,2022-02-09,2023-02-09,1,Volkswagen,Passat,Sedan,collision,side,moderate,online,third_party,False,True,True,2,154067,45,0,20,2021,30875.92,1.068,25935.77,1602.0,0.0618,True,,,sent_to_garage,0.1855,0,0,0.1506,0,0.0893,0
CLM006026,POL004919,2024-11-17,2024-11-03,2022-08-12,2023-08-12,14,Honda,Civic,Estate,vandalism,multiple,minor,direct,third_party_fire_theft,True,True,True,5,178246,36,0,17,2019,22223.43,0.879,13334.06,703.2,0.0527,False,,,sent_to_garage,0.1265,0,1,0.8488,0,0.6812,0
CLM006029,POL005217,2023-07-09,2023-06-15,2022-03-05,2023-03-05,24,Volkswagen,Polo,SUV,vandalism,rear,minor,direct,third_party_fire_theft,True,False,False,17,119726,38,1,17,2006,15692.06,0.905,1569.21,407.25,0.2595,False,,,sent_to_garage,0.0409,0,1,0.7297,0,0.4422,0
CLM006031,POL002082,2022-10-08,2022-09-11,2022-07-24,2023-07-24,27,Volkswagen,Passat,Estate,fire,front,minor,online,comprehensive,True,False,True,15,125311,36,2,20,2007,28903.1,1.042,2890.31,521.0,0.1803,False,,,sent_to_garage,0.4087,0,1,0.8372,0,0.5208,0
CLM006033,POL000703,2023-10-30,2023-10-16,2017-03-08,2018-03-08,14,Nissan,Qashqai,SUV,collision,side,moderate,app,third_party_fire_theft,False,False,True,16,22789,54,0,15,2007,29396.72,0.906,2939.67,1359.0,0.4623,False,,,sent_to_garage,0.2795,0,0,0.0743,0,0.1587,0
CLM006034,POL000117,2022-03-16,2022-02-16,2013-08-20,2014-08-20,28,Audi,Q5,SUV,collision,side,severe,broker,third_party_fire_theft,False,True,True,1,180645,48,1,2,2021,45003.45,1.871,41403.17,7484.0,0.1808,True,,,sent_to_garage,0.2957,0,1,0.9092,0,0.8636,0
CLM006042,POL000032,2024-01-08,2023-12-12,2021-05-20,2022-05-20,27,Nissan,Qashqai,SUV,flood,side,minor,online,third_party,False,True,False,19,68092,45,1,12,2005,29204.01,0.9,2920.4,360.0,0.1233,False,,,sent_to_garage,0.05,0,0,0.0603,0,0.1198,0
CLM006043,POL004401,2022-09-28,2022-09-10,2013-06-10,2014-06-10,18,BMW,X5,Sedan,flood,roof,minor,direct,comprehensive,False,True,True,6,8836,65,0,20,2016,66828.41,1.953,34750.77,1171.8,0.0337,True,,,sent_to_garage,0.0153,0,0,0.0988,0,0.0198,0
CLM006045,POL002986,2023-06-26,2023-06-13,2015-04-10,2016-04-09,13,Volkswagen,Golf,Sedan,collision,rear,severe,online,comprehensive,False,False,True,7,3823,46,1,20,2016,25881.95,0.991,11388.06,4459.5,0.3916,False,,,sent_to_garage,0.4388,0,1,0.8803,0,0.7536,0
CLM006051,POL002439,2022-02-26,2022-02-26,2018-01-26,2019-01-26,0,BMW,3 Series,Hatchback,flood,side,moderate,phone,third_party_fire_theft,True,True,True,0,108208,17,2,19,2022,35083.14,1.757,35083.14,2635.5,0.0751,True,,,sent_to_garage,0.0671,0,0,0.0106,0,0.0141,0
CLM006059,POL004564,2024-01-04,2024-01-01,2016-03-24,2017-03-24,3,Vauxhall,Astra,Motorbike,flood,multiple,moderate,online,comprehensive,False,True,False,4,157070,63,2,14,2020,18199.39,0.752,12375.59,2632.0,0.2127,False,,,sent_to_garage,0.5048,0,0,0.0214,0,0.1291,0
CLM006065,POL001878,2022-06-21,2022-06-07,2019-04-24,2020-04-23,14,Audi,A3,Hatchback,theft_damage,multiple,minor,broker,comprehensive,False,False,False,20,125809,32,0,10,2002,,,,,,False,,,sent_to_garage,0.2693,0,1,0.9547,0,0.6205,0
CLM006067,POL002749,2024-05-14,2024-04-15,2023-04-29,2024-04-28,29,Mercedes,C-Class,Motorbike,flood,multiple,minor,app,comprehensive,False,True,True,7,145737,26,0,20,2017,38387.24,1.951,16890.39,1560.8,0.0924,False,,,sent_to_garage,0.1292,0,0,0.0615,0,0.1355,0
CLM006071,POL005187,2023-05-18,2023-04-23,2013-03-04,2014-03-04,25,Volkswagen,Golf,Sedan,vandalism,roof,moderate,broker,third_party,False,False,True,14,93862,85,3,3,2009,25598.58,1.018,2559.86,2545.0,0.9942,False,,,scrapped_by_model,0.9993,1,1,0.9995,1,0.9972,1
CLM006072,POL000285,2022-04-08,2022-04-08,2013-01-18,2014-01-18,0,BMW,X3,Van,vandalism,front,severe,direct,third_party,False,True,False,20,4629,52,1,11,2002,,,,,,False,,,sent_to_garage,0.9842,0,1,0.8603,0,0.9609,0
CLM006073,POL000073,2023-07-16,2023-07-07,2019-03-15,2020-03-14,9,Mercedes,GLC,Hatchback,fire,front,severe,broker,comprehensive,True,True,True,0,54384,31,3,3,2023,47686.85,1.918,47686.85,9590.0,0.2011,True,,,sent_to_garage,0.2292,0,1,0.8814,0,0.8036,0
CLM006074,POL001034,2024-05-19,2024-05-03,2023-12-09,2024-12-08,16,Audi,Q5,Hatchback,collision,multiple,minor,direct,comprehensive,True,True,True,8,152128,64,3,10,2016,43370.99,1.882,15613.56,1505.6,0.0964,False,,,sent_to_garage,0.0972,0,0,0.0964,0,0.0839,0
CLM006075,POL004579,2023-07-04,2023-06-14,2012-08-12,2013-08-12,20,Mercedes,A-Class,SUV,flood,roof,minor,direct,third_party,False,True,False,20,83455,42,0,2,2003,,,,,,False,,,sent_to_garage,0.4215,0,1,0.9057,0,0.4865,0
CLM006077,POL003534,2023-07-19,2023-07-08,2018-12-12,2019-12-12,11,Hyundai,i10,SUV,flood,roof,minor,direct,comprehensive,False,True,True,1,150404,32,1,16,2022,12337.01,0.77,11350.05,462.0,0.0407,False,,,sent_to_garage,0.0771,0,1,0.8665,0,0.3568,0
CLM006080,POL004835,2024-11-26,2024-11-10,2017-09-21,2018-09-21,16,Mercedes,C-Class,Van,theft_damage,multiple,moderate,app,third_party_fire_theft,False,True,True,7,104427,39,0,11,2017,38387.24,1.951,16890.39,6828.5,0.4043,False,,,sent_to_garage,0.3152,0,1,0.8395,0,0.6857,0
CLM006082,POL000187,2024-10-11,2024-10-09,2014-11-01,2015-11-01,2,BMW,3 Series,Motorbike,fire,multiple,severe,direct,third_party_fire_theft,False,False,True,7,100283,30,1,9,2017,36312.52,1.838,15977.51,14704.0,0.9203,False,,,scrapped_by_model,0.9991,1,1,0.9959,1,0.9934,0
CLM006087,POL002776,2023-11-20,2023-11-09,2020-03-10,2021-03-10,11,Nissan,Micra,Estate,vandalism,front,minor,broker,third_party_fire_theft,False,True,True,9,169302,39,0,12,2014,12428.43,0.795,3479.96,397.5,0.1142,False,,,sent_to_garage,0.3433,0,1,0.6627,0,0.407,0
CLM006088,POL001364,2022-06-27,2022-06-19,2020-09-20,2021-09-20,8,Vauxhall,Insignia,Motorbike,vandalism,side,moderate,broker,third_party_fire_theft,False,False,False,0,108894,41,1,3,2022,24511.17,0.853,24511.17,1279.5,0.0522,True,,,sent_to_garage,0.1254,0,0,0.1046,0,0.073,0
CLM006090,POL004118,2024-08-26,2024-07-30,2021-02-14,2022-02-14,27,Toyota,Yaris,SUV,fire,side,moderate,direct,comprehensive,False,True,False,20,65314,54,0,18,2004,15234.4,0.778,1523.44,1167.0,0.766,False,,,sent_to_garage,0.0465,0,0,0.1761,0,0.2268,0
CLM006092,POL000658,2023-01-03,2022-12-31,2021-12-23,2022-12-23,3,Honda,CR-V,Van,collision,front,minor,phone,comprehensive,False,False,False,3,150288,49,2,6,2020,30163.2,0.91,22924.03,455.0,0.0198,True,,,sent_to_garage,0.2618,0,0,0.1342,0,0.1051,0
CLM006097,POL000368,2022-02-10,2022-02-04,2016-08-30,2017-08-30,6,BMW,1 Series,SUV,vandalism,roof,severe,direct,comprehensive,False,True,True,19,3260,28,0,19,2003,,,,,,False,,,sent_to_garage,0.9929,0,1,0.9216,0,0.9665,0
CLM006098,POL003036,2024-10-19,2024-09-30,2022-04-23,2023-04-23,19,Volkswagen,Golf,Sedan,flood,roof,moderate,online,comprehensive,True,False,False,4,11178,33,2,0,2020,24218.98,0.975,16468.91,2437.5,0.148,False,,,sent_to_garage,0.0305,0,0,0.0165,0,0.0155,0
CLM006104,POL004716,2023-06-23,2023-06-15,2023-04-25,2024-04-24,8,Ford,Mondeo,Hatchback,flood,side,moderate,app,third_party_fire_theft,False,False,True,12,45696,51,0,14,2011,21159.61,0.874,2115.96,1311.0,0.6196,False,,,sent_to_garage,0.1135,0,1,0.772,0,0.4599,0
CLM006113,POL001475,2023-03-14,2023-03-07,2018-11-23,2019-11-23,7,Ford,Fiesta,Estate,flood,multiple,moderate,app,third_party,False,False,True,1,104257,32,0,13,2022,11555.91,0.749,10631.44,2621.5,0.2466,False,,,sent_to_garage,0.282,0,0,0.0327,0,0.0921,0
CLM006117,POL002184,2023-08-01,2023-07-15,2017-10-25,2018-10-25,17,Toyota,Yaris,Van,collision,front,minor,direct,third_party_fire_theft,False,True,True,15,126256,55,0,1,2008,14335.85,0.814,1433.58,407.0,0.2839,False,,,sent_to_garage,0.2103,0,0,0.1292,0,0.125,0
CLM006123,POL003879,2024-04-19,2024-03-20,2013-02-21,2014-02-21,30,Honda,Jazz,Sedan,collision,multiple,minor,online,comprehensive,False,True,True,19,66687,32,0,3,2005,15937.93,0.846,1593.79,676.8,0.4246,False,,,sent_to_garage,0.4332,0,0,0.0395,0,0.1086,0
CLM006124,POL001930,2024-06-21,2024-06-21,2019-04-04,2020-04-03,0,Audi,Q5,Estate,vandalism,roof,severe,online,comprehensive,False,False,False,3,49509,52,0,2,2021,45003.45,1.871,34202.62,11226.0,0.3282,True,,,sent_to_garage,0.1116,0,0,0.0248,0,0.1266,0
CLM006128,POL000031,2024-08-25,2024-08-13,2021-10-13,2022-10-13,12,Toyota,RAV4,Hatchback,fire,rear,minor,app,comprehensive,True,True,True,7,175119,58,0,7,2017,32600.53,0.911,14344.23,409.95,0.0286,False,,,sent_to_garage,0.2098,0,0,0.05,0,0.3278,0
CLM006129,POL003020,2024-07-07,2024-07-01,2014-08-18,2015-08-18,6,Toyota,Camry,Sedan,vandalism,front,severe,online,comprehensive,True,True,True,19,12953,49,1,15,2005,30765.99,0.877,3076.6,4385.0,1.4253,False,,,scrapped_by_model,0.9998,1,1,0.9987,1,0.9994,1
CLM006134,POL001488,2023-01-12,2023-01-07,2017-06-20,2018-06-20,5,Volkswagen,Passat,Hatchback,flood,rear,moderate,app,third_party_fire_theft,False,False,False,9,75132,38,1,2,2014,29205.29,1.039,8177.48,1870.2,0.2287,False,,,sent_to_garage,0.1073,0,0,0.0156,0,0.1033,0
CLM006135,POL001859,2022-08-29,2022-08-02,2012-12-03,2013-12-03,27,Vauxhall,Insignia,Hatchback,vandalism,rear,minor,online,comprehensive,False,True,True,6,128095,38,3,18,2016,24988.77,0.83,12994.16,373.5,0.0287,False,,,sent_to_garage,0.3894,0,0,0.0486,0,0.1219,0
CLM006136,POL001395,2023-06-12,2023-05-28,2014-12-23,2015-12-23,15,Nissan,Micra,Van,theft_damage,side,minor,broker,third_party_fire_theft,False,False,True,18,122538,31,0,5,2005,12489.51,0.78,1248.95,312.0,0.2498,False,,,sent_to_garage,0.468,0,0,0.0346,0,0.0625,0
CLM006143,POL000542,2023-12-31,2023-12-11,2015-09-04,2016-09-03,20,Toyota,Yaris,Motorbike,vandalism,rear,minor,broker,comprehensive,True,False,True,19,97136,19,0,11,2004,15234.4,0.778,1523.44,350.1,0.2298,False,,,sent_to_garage,0.0745,0,0,0.0879,0,0.136,0
CLM006145,POL003457,2022-08-25,2022-08-18,2016-09-07,2017-09-07,7,Toyota,Yaris,Van,flood,multiple,severe,broker,third_party,False,True,False,7,59492,50,1,13,2015,15351.93,0.785,6754.85,6280.0,0.9297,False,,,scrapped_by_model,0.9999,1,1,0.9987,1,0.9992,1
CLM006147,POL004367,2024-06-30,2024-06-29,2022-08-02,2023-08-02,1,Volkswagen,Tiguan,Hatchback,vandalism,rear,minor,online,third_party_fire_theft,True,False,False,19,56866,43,1,5,2005,35217.6,1.074,3521.76,483.3,0.1372,False,,,sent_to_garage,0.0341,0,1,0.8003,0,0.488,0
CLM006151,POL004544,2022-05-06,2022-05-02,2015-06-09,2016-06-08,4,BMW,1 Series,Sedan,flood,rear,moderate,online,third_party,False,True,False,4,137791,63,0,5,2018,26649.94,1.66,18121.96,2988.0,0.1649,True,,,sent_to_garage,0.0912,0,0,0.1463,0,0.1207,0
CLM006152,POL004072,2023-10-20,2023-09-25,2023-08-14,2024-08-13,25,Volkswagen,Passat,Sedan,theft_damage,front,minor,broker,comprehensive,False,False,True,14,199896,49,0,17,2009,28553.01,1.047,2855.3,523.5,0.1833,False,,,sent_to_garage,0.5462,0,0,0.0388,0,0.0766,0
CLM006155,POL002386,2022-07-08,2022-06-12,2016-11-26,2017-11-26,26,Volkswagen,Golf,Estate,fire,side,minor,phone,comprehensive,False,True,True,14,39267,39,1,18,2008,25684.3,1.022,2568.43,408.8,0.1592,False,,,sent_to_garage,0.5127,0,1,0.7914,0,0.7244,0
CLM006156,POL000548,2023-01-13,2022-12-29,2022-07-26,2023-07-26,15,Ford,Transit,SUV,fire,rear,minor,direct,comprehensive,False,False,False,12,2807,57,0,1,2011,30056.58,0.94,3005.66,423.0,0.1407,False,,,sent_to_garage,0.0367,0,0,0.0033,0,0.0084,0
CLM006157,POL002549,2024-05-15,2024-04-18,2017-02-22,2018-02-22,27,Audi,A6,Van,theft_damage,multiple,minor,phone,third_party,False,True,True,16,55343,45,0,20,2008,48854.85,1.939,4885.48,1551.2,0.3175,False,,,sent_to_garage,0.1124,0,1,0.7272,0,0.6538,0
CLM006158,POL000244,2022-07-04,2022-06-28,2017-03-15,2018-03-15,6,Nissan,Qashqai,Motorbike,flood,roof,severe,app,comprehensive,False,True,True,9,117001,24,1,5,2013,28146.06,0.918,7880.9,5508.0,0.6989,False,,,sent_to_garage,0.4276,0,1,0.9272,0,0.7625,0
CLM006159,POL000023,2024-04-13,2024-03-18,2016-11-05,2017-11-05,26,Hyundai,i20,SUV,fire,side,moderate,phone,third_party,True,True,True,11,26298,42,0,3,2013,16737.0,0.79,2008.44,1185.0,0.59,False,,,sent_to_garage,0.0476,0,0,0.0357,0,0.0695,0
CLM006160,POL005287,2024-12-10,2024-11-10,2014-09-18,2015-09-18,30,Hyundai,i10,Van,vandalism,multiple,severe,online,comprehensive,False,False,True,20,59177,41,1,0,2004,11695.05,0.76,1169.5,6080.0,2.0,False,,,scrapped_by_model,0.9999,1,1,0.9998,1,0.9964,1
CLM006161,POL003893,2024-05-06,2024-04-13,2022-06-01,2023-06-01,23,BMW,5 Series,Sedan,vandalism,rear,minor,broker,comprehensive,False,False,True,4,40431,17,0,17,2020,46369.76,1.904,31531.44,856.8,0.0272,True,,,sent_to_garage,0.0704,0,0,0.0196,0,0.0113,0
CLM006165,POL005035,2024-07-21,2024-06-28,2021-09-11,2022-09-11,23,Audi,A6,Van,fire,rear,moderate,online,comprehensive,True,False,True,0,131656,17,0,17,2024,49731.03,1.871,49731.03,3367.8,0.0677,True,,,sent_to_garage,0.6365,0,0,0.0049,0,0.105,0
CLM006167,POL003403,2022-10-08,2022-09-20,2014-07-23,2015-07-23,18,Ford,Focus,Hatchback,theft_damage,front,minor,broker,third_party_fire_theft,True,False,True,4,186894,77,1,3,2018,17486.25,0.796,11890.65,398.0,0.0335,False,,,sent_to_garage,0.0189,0,1,0.8062,0,0.5503,0
CLM006172,POL002399,2022-07-23,2022-07-18,2015-12-31,2016-12-30,5,Audi,Q5,Van,collision,side,minor,phone,third_party_fire_theft,True,True,False,15,27902,41,0,17,2007,46622.56,1.813,4662.26,725.2,0.1555,False,,,sent_to_garage,0.3919,0,0,0.0773,0,0.2206,0
CLM006177,POL003991,2022-11-16,2022-11-02,2017-12-16,2018-12-16,14,Honda,CR-V,Hatchback,flood,front,moderate,app,third_party_fire_theft,False,True,True,2,139950,47,1,17,2020,30163.2,0.91,25337.09,1820.0,0.0718,True,,,sent_to_garage,0.2961,0,0,0.0426,0,0.1144,0
CLM006178,POL002029,2023-10-05,2023-09-22,2020-12-10,2021-12-10,13,Vauxhall,Insignia,Motorbike,fire,roof,moderate,phone,comprehensive,False,True,False,8,181736,28,1,3,2015,26148.33,0.858,9413.4,2145.0,0.2279,False,,,sent_to_garage,0.311,0,1,0.7809,0,0.5819,0
CLM006180,POL002433,2023-06-14,2023-06-03,2014-09-06,2015-09-06,11,Toyota,RAV4,Van,theft_damage,side,moderate,broker,comprehensive,False,False,False,17,160470,38,1,5,2006,31981.25,0.879,3198.12,1318.5,0.4123,False,,,sent_to_garage,0.4941,0,1,0.8358,0,0.6714,0
CLM006184,POL003731,2022-03-19,2022-02-28,2016-02-24,2017-02-23,19,Honda,Jazz,Hatchback,theft_damage,side,minor,direct,third_party,True,True,True,16,65944,34,1,3,2006,15282.27,0.859,1528.23,343.6,0.2248,False,,,sent_to_garage,0.1053,0,0,0.019,0,0.0525,0
CLM006185,POL001121,2024-03-07,2024-02-22,2020-03-08,2021-03-08,14,Volkswagen,Tiguan,Van,vandalism,side,moderate,phone,third_party_fire_theft,False,True,False,17,147910,39,1,5,2007,35044.56,1.096,3504.46,1644.0,0.4691,False,,,sent_to_garage,0.758,0,0,0.1007,0,0.2965,0
CLM006188,POL001483,2022-11-06,2022-10-25,2016-04-13,2017-04-13,12,Vauxhall,Insignia,SUV,fire,side,moderate,phone,comprehensive,True,True,False,0,166696,49,3,20,2022,24511.17,0.853,24511.17,1279.5,0.0522,True,,,sent_to_garage,0.1006,0,0,0.0274,0,0.0874,0
CLM006198,POL000840,2023-01-13,2022-12-20,2018-10-02,2019-10-02,24,Nissan,Qashqai,Sedan,theft_damage,side,moderate,online,comprehensive,False,True,True,15,48861,52,0,1,2008,29091.38,0.922,2909.14,1383.0,0.4754,False,,,sent_to_garage,0.0894,0,0,0.0647,0,0.1596,0
CLM006201,POL002857,2024-10-20,2024-10-19,2024-09-17,2025-09-17,1,Audi,Q3,Motorbike,fire,roof,minor,direct,third_party,True,True,True,12,80966,32,3,1,2012,34648.87,1.769,3464.89,1061.4,0.3063,False,,,sent_to_garage,0.0218,0,0,0.1128,0,0.1,0
CLM006203,POL003156,2022-10-20,2022-09-22,2015-01-22,2016-01-22,28,Vauxhall,Astra,Van,vandalism,side,severe,online,third_party_fire_theft,False,True,True,12,164437,34,2,4,2010,17107.21,0.728,1710.72,2912.0,1.7022,False,,,scrapped_by_model,0.9991,1,1,0.9984,1,0.9974,1
CLM006205,POL000831,2024-02-24,2024-02-08,2017-12-26,2018-12-26,16,Honda,Civic,Hatchback,collision,side,moderate,broker,comprehensive,True,True,False,11,169441,32,2,2,2013,22820.29,0.864,2738.43,1296.0,0.4733,False,,,sent_to_garage,0.0977,0,0,0.0113,0,0.0367,0
CLM006208,POL001638,2022-06-17,2022-06-06,2020-02-07,2021-02-06,11,BMW,3 Series,Estate,flood,side,moderate,phone,third_party_fire_theft,False,False,True,1,46091,43,1,18,2021,33422.39,1.786,30748.6,2679.0,0.0871,True,,,sent_to_garage,0.1876,0,1,0.8046,0,0.4114,0
CLM006212,POL004235,2022-09-15,2022-08-26,2017-06-27,2018-06-27,20,Ford,Kuga,Motorbike,collision,side,minor,app,third_party,False,False,False,5,172429,17,0,19,2017,26992.7,0.903,16195.62,361.2,0.0223,False,,,sent_to_garage,0.2409,0,0,0.0237,0,0.025,0
CLM006214,POL003381,2023-09-21,2023-09-18,2012-04-12,2013-04-12,3,Vauxhall,Corsa,Sedan,collision,rear,moderate,app,comprehensive,False,True,False,15,176561,50,2,18,2008,13544.47,0.679,1354.45,1222.2,0.9024,False,,,scrapped_by_model,0.9992,1,1,0.9627,0,0.9872,0
CLM006218,POL003928,2023-03-15,2023-02-25,2012-11-27,2013-11-27,18,Audi,A6,Estate,fire,rear,severe,broker,third_party,False,True,True,18,64026,19,0,11,2005,48767.77,1.911,4876.78,8599.5,1.7634,False,,,scrapped_by_model,1.0,1,1,0.9995,1,0.9999,1
CLM006221,POL002511,2022-10-02,2022-09-16,2018-07-25,2019-07-25,16,Hyundai,i10,SUV,theft_damage,side,minor,direct,comprehensive,True,False,True,12,193010,64,1,19,2010,11719.24,0.74,1171.92,296.0,0.2526,False,,,sent_to_garage,0.0099,0,0,0.0227,0,0.0133,0
CLM006225,POL002879,2024-12-25,2024-12-13,2012-07-08,2013-07-08,12,BMW,1 Series,Van,vandalism,front,severe,online,third_party,False,False,False,18,59534,22,1,10,2006,28603.14,1.724,2860.31,8620.0,2.0,False,,,scrapped_by_model,0.9999,1,1,0.9994,1,0.9999,1
CLM006227,POL002742,2024-12-19,2024-11-19,2023-04-17,2024-04-16,30,Volkswagen,Golf,Hatchback,vandalism,rear,severe,app,third_party,False,False,True,0,73886,27,3,7,2024,24092.05,1.004,24092.05,4518.0,0.1875,True,,,sent_to_garage,0.3701,0,0,0.1187,0,0.1753,0
CLM006232,POL002767,2023-07-10,2023-07-09,2022-11-28,2023-11-28,1,BMW,5 Series,Sedan,vandalism,front,moderate,app,comprehensive,False,False,True,18,44707,20,0,4,2005,47158.07,1.934,4715.81,3868.0,0.8202,False,,,sent_to_garage,0.9082,0,1,0.9808,0,0.9403,0
CLM006236,POL000425,2024-07-11,2024-07-07,2013-07-22,2014-07-22,4,Mercedes,E-Class,Motorbike,fire,side,moderate,phone,third_party,False,False,False,12,135039,55,0,8,2012,54437.51,1.977,5443.75,2965.5,0.5448,False,,,sent_to_garage,0.2399,0,0,0.1129,0,0.115,0
CLM006239,POL004733,2024-01-29,2023-12-30,2023-05-09,2024-05-08,30,Volkswagen,Polo,Motorbike,fire,front,severe,online,comprehensive,False,True,False,14,171962,33,1,19,2010,15964.01,0.914,1596.4,4570.0,2.0,False,,,scrapped_by_model,0.9995,1,1,0.9997,1,0.9996,1
CLM006241,POL003615,2022-08-12,2022-07-21,2012-06-21,2013-06-21,22,Ford,Fiesta,SUV,fire,multiple,minor,direct,comprehensive,False,True,False,0,112112,19,1,20,2022,11555.91,0.749,11555.91,599.2,0.0519,False,,,sent_to_garage,0.1996,0,0,0.0286,0,0.0447,0
CLM006247,POL005416,2023-06-26,2023-06-26,2013-12-18,2014-12-18,0,Hyundai,i20,Van,theft_damage,front,moderate,direct,third_party_fire_theft,False,True,False,19,53289,38,1,4,2004,16391.63,0.795,1639.16,1590.0,0.97,False,,,scrapped_by_model,0.9995,1,1,0.9922,1,0.9886,0
CLM006248,POL005966,2024-05-19,2024-05-13,2020-12-30,2021-12-30,6,Honda,Civic,Van,flood,multiple,severe,direct,comprehensive,True,True,True,18,196020,33,0,0,2006,22553.28,0.86,2255.33,6880.0,2.0,False,,,scrapped_by_model,1.0,1,1,0.9999,1,0.9999,1
CLM006249,POL003480,2023-05-30,2023-05-07,2012-01-28,2013-01-27,23,Vauxhall,Corsa,SUV,collision,front,minor,app,comprehensive,False,False,True,9,183102,34,1,9,2014,13154.85,0.686,3683.36,343.0,0.0931,False,,,sent_to_garage,0.1093,0,0,0.1135,0,0.2212,0
CLM006250,POL002139,2024-05-27,2024-05-12,2020-10-29,2021-10-29,15,Ford,Mondeo,Hatchback,flood,multiple,severe,app,comprehensive,False,False,True,12,100097,27,1,17,2012,22898.88,0.86,2289.89,6880.0,2.0,False,,,scrapped_by_model,0.9996,1,1,0.9974,1,0.9998,1
CLM006251,POL004706,2024-12-26,2024-12-05,2019-01-16,2020-01-16,21,Ford,Mondeo,Van,vandalism,roof,minor,phone,third_party_fire_theft,False,True,True,12,133838,43,0,4,2012,22898.88,0.86,2289.89,516.0,0.2253,False,,,sent_to_garage,0.1404,0,1,0.6535,0,0.5557,0
CLM006253,POL002425,2023-09-13,2023-08-28,2019-03-06,2020-03-05,16,Vauxhall,Astra,Motorbike,collision,multiple,minor,app,third_party_fire_theft,False,True,True,7,28410,58,0,12,2016,17630.56,0.757,7757.45,605.6,0.0781,False,,,sent_to_garage,0.188,0,0,0.0476,0,0.1393,0
CLM006255,POL005154,2023-09-24,2023-09-18,2023-02-17,2024-02-17,6,Nissan,Juke,Van,collision,front,minor,phone,third_party_fire_theft,True,True,True,1,68607,31,0,11,2022,19627.69,0.838,18057.47,419.0,0.0232,True,,,sent_to_garage,0.2,0,0,0.052,0,0.1433,0
CLM006259,POL002723,2022-11-04,2022-11-02,2021-01-13,2022-01-13,2,Honda,CR-V,Motorbike,vandalism,multiple,minor,direct,comprehensive,False,True,True,10,22825,64,0,14,2012,29079.62,0.898,5815.92,718.4,0.1235,False,,,sent_to_garage,0.3645,0,0,0.133,0,0.3577,0
CLM006264,POL003978,2023-03-11,2023-03-11,2020-05-30,2021-05-30,0,BMW,X5,Sedan,collision,multiple,moderate,direct,third_party,True,False,False,3,75942,48,1,12,2020,66076.95,2.018,50218.48,7063.0,0.1406,True,,,sent_to_garage,0.028,0,1,0.8864,0,0.6898,0
CLM006267,POL000422,2024-07-23,2024-07-22,2017-02-06,2018-02-06,1,Hyundai,i30,Sedan,fire,rear,severe,app,third_party_fire_theft,False,True,True,1,97140,17,0,17,2023,19664.33,0.804,18091.18,3618.0,0.2,True,,,sent_to_garage,0.2517,0,0,0.0257,0,0.1322,0
CLM006272,POL001250,2024-05-17,2024-05-12,2016-05-05,2017-05-05,5,Nissan,Micra,SUV,theft_damage,side,minor,online,comprehensive,False,True,False,17,134229,47,0,4,2007,12917.67,0.803,1291.77,321.2,0.2487,False,,,sent_to_garage,0.0563,0,1,0.8919,0,0.6811,0
CLM006280,POL000336,2023-06-07,2023-05-29,2013-06-11,2014-06-11,9,Nissan,Juke,Sedan,fire,rear,minor,phone,comprehensive,False,False,True,2,143808,35,0,15,2021,19481.85,0.863,16364.75,388.35,0.0237,False,,,sent_to_garage,0.3881,0,0,0.1503,0,0.2064,0
CLM006282,POL001516,2022-04-22,2022-04-03,2019-07-20,2020-07-19,19,BMW,5 Series,Hatchback,vandalism,roof,moderate,phone,comprehensive,False,True,True,0,48479,55,2,1,2022,46057.02,1.866,46057.02,4665.0,0.1013,True,,,sent_to_garage,0.0372,0,0,0.057,0,0.0433,0
CLM006283,POL002200,2023-05-29,2023-05-01,2018-09-20,2019-09-20,28,Mercedes,C-Class,Hatchback,collision,rear,minor,broker,third_party,False,False,False,20,22941,31,0,7,2003,,,,,,False,,,sent_to_garage,0.3167,0,0,0.106,0,0.1003,0
CLM006285,POL004736,2023-09-04,2023-08-30,2016-01-07,2017-01-06,5,Honda,Jazz,Sedan,theft_damage,side,moderate,online,third_party_fire_theft,False,False,False,11,64868,29,0,1,2012,15430.25,0.869,1851.63,1303.5,0.704,False,,,sent_to_garage,0.1245,0,0,0.0638,0,0.1178,0
CLM006287,POL002850,2022-03-01,2022-02-20,2019-10-17,2020-10-16,9,Ford,Fiesta,Sedan,flood,multiple,minor,direct,third_party,False,True,True,8,196204,45,0,9,2014,12309.71,0.743,4431.5,594.4,0.1341,False,,,sent_to_garage,0.2603,0,1,0.9684,0,0.712,0
CLM006288,POL006072,2022-10-01,2022-09-29,2017-02-12,2018-02-12,2,Ford,Kuga,Estate,collision,roof,minor,online,comprehensive,True,True,True,6,39976,27,0,16,2016,28913.62,0.921,15035.08,552.6,0.0368,False,,,sent_to_garage,0.0893,0,0,0.0046,0,0.0828,0
CLM006289,POL001889,2023-08-10,2023-07-25,2020-02-14,2021-02-13,16,Nissan,Micra,Van,fire,multiple,severe,phone,comprehensive,False,True,True,8,198045,39,0,18,2015,13192.64,0.793,4749.35,6344.0,1.3358,False,,,scrapped_by_model,0.9998,1,1,0.9999,1,1.0,1
CLM006294,POL006548,2024-09-03,2024-08-09,2016-11-09,2017-11-09,25,Audi,A6,Motorbike,collision,roof,minor,phone,comprehensive,False,True,True,19,15189,44,0,17,2005,48767.77,1.911,4876.78,1146.6,0.2351,False,,,sent_to_garage,0.0238,0,0,0.0457,0,0.0599,0
CLM006297,POL004543,2022-04-20,2022-04-13,2018-06-05,2019-06-05,7,Mercedes,GLC,Hatchback,vandalism,side,moderate,broker,comprehensive,False,True,True,0,91170,17,2,17,2022,48735.32,1.97,48735.32,2955.0,0.0606,True,,,sent_to_garage,0.0361,0,0,0.0116,0,0.0296,0
CLM006302,POL002821,2022-08-21,2022-07-30,2014-05-21,2015-05-21,22,Audi,A6,Hatchback,theft_damage,rear,moderate,broker,third_party_fire_theft,True,False,True,9,106279,46,2,4,2013,50148.17,1.885,14041.49,3393.0,0.2416,False,,,sent_to_garage,0.0398,0,0,0.0272,0,0.1058,0
CLM006304,POL000914,2022-12-28,2022-12-24,2022-05-27,2023-05-27,4,Vauxhall,Insignia,Hatchback,collision,rear,minor,broker,third_party_fire_theft,False,False,False,4,198139,41,0,20,2018,25662.01,0.869,17450.17,391.05,0.0224,False,,,sent_to_garage,0.1807,0,1,0.863,0,0.7847,0
CLM006310,POL004006,2024-03-07,2024-02-21,2021-06-22,2022-06-22,15,Vauxhall,Corsa,Van,collision,multiple,minor,app,comprehensive,False,True,False,20,75975,38,1,5,2004,12779.96,0.718,1278.0,574.4,0.4495,False,,,sent_to_garage,0.0675,0,1,0.919,0,0.6447,0
CLM006312,POL004777,2023-05-02,2023-04-23,2021-10-05,2022-10-05,9,Nissan,Micra,SUV,fire,front,severe,direct,comprehensive,False,False,False,10,3148,27,1,14,2013,13515.78,0.779,2703.16,3895.0,1.4409,False,,,sent_to_garage,0.9977,0,1,0.996,1,0.9988,1
CLM006318,POL003990,2023-12-25,2023-11-25,2015-02-09,2016-02-09,30,Vauxhall,Corsa,Estate,flood,side,moderate,phone,comprehensive,False,False,False,18,80347,46,1,16,2005,12413.14,0.698,1241.31,1047.0,0.8435,False,,,sent_to_garage,0.5925,0,1,0.9871,0,0.9075,0
CLM006319,POL002760,2022-04-30,2022-04-20,2013-01-04,2014-01-04,10,Honda,CR-V,Van,fire,rear,moderate,app,comprehensive,True,True,False,20,26043,75,0,10,2002,,,,,,False,,,sent_to_garage,0.5371,0,1,0.7904,0,0.6777,0
CLM006323,POL004886,2022-03-21,2022-03-18,2016-09-28,2017-09-28,3,BMW,3 Series,Hatchback,flood,side,minor,app,comprehensive,False,True,False,6,98854,17,1,12,2016,34362.97,1.8,17868.74,720.0,0.0403,True,,,sent_to_garage,0.2395,0,0,0.0107,0,0.2338,0
CLM006326,POL001041,2023-06-13,2023-05-14,2016-09-13,2017-09-13,30,Hyundai,i20,SUV,fire,roof,moderate,broker,third_party,False,False,False,16,87256,42,0,7,2007,16004.6,0.78,1600.46,1950.0,1.2184,False,,,scrapped_by_model,0.9995,1,1,0.9997,1,0.9999,1
CLM006333,POL002876,2022-08-18,2022-08-01,2012-08-28,2013-08-28,17,Audi,A3,Hatchback,flood,rear,moderate,broker,comprehensive,False,True,True,4,101727,42,0,6,2018,29234.39,1.714,19879.39,3085.2,0.1552,True,,,sent_to_garage,0.071,0,0,0.0536,0,0.0998,0
CLM006339,POL000853,2022-04-10,2022-04-10,2019-10-10,2020-10-09,0,Vauxhall,Insignia,Hatchback,collision,rear,minor,broker,comprehensive,True,True,False,12,54283,41,0,14,2010,25633.76,0.869,2563.38,391.05,0.1526,False,,,sent_to_garage,0.1088,0,0,0.0256,0,0.1113,0
CLM006341,POL004930,2023-02-03,2023-01-29,2013-12-03,2014-12-03,5,Audi,A4,Motorbike,fire,side,minor,phone,third_party_fire_theft,False,True,False,20,190513,37,1,2,2003,,,,,,False,,,sent_to_garage,0.113,0,1,0.9029,0,0.4985,0
CLM006342,POL005114,2024-12-06,2024-11-14,2016-05-19,2017-05-19,22,Volkswagen,Tiguan,Van,fire,front,minor,phone,comprehensive,False,False,False,4,90075,48,0,11,2020,34415.83,1.095,23402.76,547.5,0.0234,True,,,sent_to_garage,0.07,0,0,0.0203,0,0.1143,0
CLM006346,POL003603,2023-08-25,2023-07-28,2020-11-13,2021-11-13,28,Mercedes,A-Class,Hatchback,flood,side,moderate,phone,comprehensive,False,True,True,18,165463,44,0,19,2005,30980.37,1.846,3098.04,2769.0,0.8938,False,,,sent_to_garage,0.9935,0,1,0.9977,1,0.9961,1
CLM006355,POL001545,2024-06-05,2024-05-13,2016-09-03,2017-09-03,23,Vauxhall,Astra,Van,theft_damage,front,severe,app,comprehensive,False,True,False,14,149739,74,1,6,2010,17107.21,0.728,1710.72,3640.0,2.0,False,,,scrapped_by_model,0.9996,1,1,0.9979,1,0.9966,1
CLM006359,POL002869,2024-10-30,2024-10-29,2015-07-10,2016-07-09,1,Mercedes,E-Class,Hatchback,vandalism,rear,moderate,online,comprehensive,False,True,True,11,117096,33,0,6,2013,50384.69,1.974,6046.16,3553.2,0.5877,False,,,sent_to_garage,0.0276,0,0,0.1092,0,0.0619,0
CLM006360,POL002666,2024-08-18,2024-07-23,2022-07-30,2023-07-30,26,Nissan,Micra,Sedan,collision,front,moderate,direct,comprehensive,True,True,True,14,6999,36,1,12,2010,13120.84,0.767,1312.08,1534.0,1.1691,False,,,sent_to_garage,0.9871,0,1,0.9965,1,0.9992,1
CLM006364,POL000729,2024-05-11,2024-05-02,2014-11-01,2015-11-01,9,BMW,1 Series,Motorbike,collision,side,minor,broker,comprehensive,True,False,True,7,64616,17,0,4,2017,27908.67,1.729,12279.81,691.6,0.0563,False,,,sent_to_garage,0.1167,0,0,0.0287,0,0.128,0
CLM006367,POL002443,2022-02-08,2022-02-08,2016-08-24,2017-08-24,0,Volkswagen,Tiguan,Estate,collision,rear,moderate,app,third_party,False,False,False,10,116216,54,1,12,2012,34343.99,1.07,6868.8,1926.0,0.2804,False,,,sent_to_garage,0.065,0,0,0.032,0,0.0814,0
CLM006375,POL001606,2022-10-31,2022-10-28,2019-03-14,2020-03-13,3,Toyota,RAV4,Motorbike,flood,roof,minor,direct,comprehensive,False,False,False,2,95368,38,2,12,2020,32080.28,0.882,26947.44,529.2,0.0196,True,,,sent_to_garage,0.1744,0,0,0.0242,0,0.0736,0
CLM006379,POL001646,2022-08-02,2022-07-26,2015-12-10,2016-12-09,7,Audi,Q3,SUV,fire,multiple,moderate,online,comprehensive,False,True,False,2,49819,60,1,18,2020,36483.56,1.786,30646.19,6251.0,0.204,True,,,sent_to_garage,0.6884,0,0,0.0271,0,0.1907,0
CLM006380,POL002614,2022-10-11,2022-09-16,2022-05-20,2023-05-20,25,Mercedes,C-Class,Motorbike,vandalism,side,minor,phone,comprehensive,False,True,True,5,199604,54,1,19,2017,38387.24,1.951,23032.34,780.4,0.0339,True,,,sent_to_garage,0.1904,0,0,0.066,0,0.0238,0
CLM006381,POL003986,2023-02-25,2023-01-27,2021-11-24,2022-11-24,29,Mercedes,C-Class,Motorbike,collision,roof,severe,direct,third_party_fire_theft,True,True,False,6,94850,44,1,16,2017,38387.24,1.951,19961.36,11706.0,0.5864,True,,,sent_to_garage,0.2373,0,0,0.0273,0,0.1397,0
CLM006384,POL004253,2024-10-21,2024-10-18,2016-06-20,2017-06-20,3,Honda,Jazz,Sedan,flood,rear,moderate,online,third_party,False,False,False,16,72346,70,2,13,2008,16531.39,0.866,1653.14,1558.8,0.9429,False,,,sent_to_garage,0.9954,0,0,0.0621,0,0.0977,0
CLM006385,POL000979,2022-07-25,2022-07-10,2013-04-22,2014-04-22,15,Volkswagen,Passat,Hatchback,flood,rear,moderate,app,third_party_fire_theft,False,False,False,19,37789,74,0,17,2003,,,,,,False,,,sent_to_garage,0.0747,0,0,0.0946,0,0.0913,0
CLM006391,POL000772,2023-04-09,2023-04-06,2017-03-08,2018-03-08,3,Audi,Q3,SUV,collision,multiple,moderate,online,comprehensive,True,False,False,10,143593,44,1,14,2013,33331.3,1.74,6666.26,6090.0,0.9136,False,,,scrapped_by_model,0.9994,1,1,0.9979,1,0.9991,1
CLM006393,POL001801,2024-12-02,2024-11-28,2022-02-02,2023-02-02,4,Volkswagen,Golf,SUV,flood,roof,moderate,online,comprehensive,False,False,False,19,47948,25,0,4,2005,23842.43,0.992,2384.24,2480.0,1.0402,False,,,sent_to_garage,0.9966,0,1,0.9712,0,0.9936,0
CLM006394,POL000753,2023-11-01,2023-10-31,2015-09-11,2016-09-10,1,Toyota,RAV4,Estate,vandalism,front,severe,phone,comprehensive,False,False,False,10,4664,37,0,13,2013,30891.56,0.905,6178.31,4525.0,0.7324,False,,,sent_to_garage,0.0205,0,0,0.118,0,0.068,0
CLM006396,POL004286,2023-07-06,2023-07-04,2014-07-09,2015-07-09,2,Hyundai,Tucson,Estate,vandalism,roof,minor,online,comprehensive,False,True,True,7,56358,59,2,12,2016,28997.95,0.858,12759.1,514.8,0.0403,False,,,sent_to_garage,0.1026,0,0,0.0259,0,0.0781,0
CLM006401,POL000910,2024-10-14,2024-09-30,2019-07-20,2020-07-19,14,Honda,Civic,Hatchback,vandalism,roof,minor,app,comprehensive,False,False,True,1,121757,44,1,14,2023,21495.53,0.881,19775.89,528.6,0.0267,True,,,sent_to_garage,0.0435,0,0,0.0579,0,0.1308,0
CLM006402,POL001173,2023-06-14,2023-05-20,2017-04-03,2018-04-03,25,Vauxhall,Astra,Estate,vandalism,side,minor,app,comprehensive,False,True,False,11,59384,29,2,16,2012,17328.44,0.768,2079.41,307.2,0.1477,False,,,sent_to_garage,0.7268,0,0,0.0136,0,0.068,0
CLM006407,POL005938,2022-08-14,2022-07-15,2018-04-07,2019-04-07,30,Toyota,Corolla,Van,fire,roof,minor,phone,comprehensive,True,True,False,13,141087,70,2,20,2009,21162.28,0.831,2116.23,498.6,0.2356,False,,,sent_to_garage,0.8402,0,0,0.0885,0,0.3522,0
CLM006409,POL003666,2023-04-23,2023-04-02,2022-01-06,2023-01-06,21,Ford,Transit,Motorbike,theft_damage,front,minor,direct,comprehensive,True,False,True,7,6330,63,0,8,2016,28868.27,0.969,12702.04,484.5,0.0381,False,,,sent_to_garage,0.0495,0,0,0.005,0,0.0064,0
CLM006413,POL002451,2024-07-01,2024-07-01,2017-01-30,2018-01-30,0,Hyundai,i20,Motorbike,collision,front,moderate,online,comprehensive,False,False,True,7,169390,21,2,17,2017,15350.09,0.776,6754.04,1552.0,0.2298,False,,,sent_to_garage,0.4197,0,0,0.0452,0,0.1932,0
CLM006416,POL000890,2024-01-10,2023-12-13,2022-02-01,2023-02-01,28,Hyundai,i10,Sedan,flood,rear,minor,phone,third_party,False,False,True,13,10193,24,1,17,2011,11705.67,0.734,1170.57,330.3,0.2822,False,,,sent_to_garage,0.0332,0,1,0.8065,0,0.7498,0
CLM006419,POL004958,2022-05-17,2022-05-10,2021-08-29,2022-08-29,7,Hyundai,Tucson,Estate,fire,multiple,severe,online,comprehensive,False,False,False,0,119524,65,1,15,2022,28308.94,0.887,28308.94,7096.0,0.2507,True,,,sent_to_garage,0.862,0,0,0.0754,0,0.2165,0
CLM006420,POL003902,2024-02-18,2024-02-18,2021-12-16,2022-12-16,0,Mercedes,C-Class,Van,fire,side,minor,broker,third_party,True,True,True,2,178640,17,1,20,2022,39724.31,1.847,33368.42,738.8,0.0221,True,,,sent_to_garage,0.3799,0,0,0.0532,0,0.0556,0
CLM006422,POL002981,2022-07-16,2022-07-12,2016-04-20,2017-04-20,4,Toyota,Yaris,Sedan,fire,front,minor,direct,third_party,True,False,False,5,8756,46,1,14,2017,15720.31,0.805,9432.19,402.5,0.0427,False,,,sent_to_garage,0.1802,0,0,0.1273,0,0.1004,0
CLM006423,POL003781,2023-03-22,2023-03-05,2012-04-07,2013-04-07,17,Honda,HR-V,Hatchback,vandalism,side,minor,phone,comprehensive,False,True,False,0,103265,49,2,18,2023,25635.68,0.917,25635.68,366.8,0.0143,True,,,sent_to_garage,0.0642,0,0,0.1002,0,0.0257,0
CLM006425,POL000453,2022-09-18,2022-08-31,2021-04-04,2022-04-04,18,Nissan,Qashqai,Van,flood,multiple,moderate,direct,comprehensive,True,True,True,14,125534,30,3,8,2008,29091.38,0.922,2909.14,3227.0,1.1093,False,,,sent_to_garage,0.9985,0,1,0.9973,1,0.9997,1
CLM006430,POL000771,2023-06-16,2023-05-20,2016-12-26,2017-12-26,27,Honda,Civic,SUV,vandalism,front,severe,online,third_party_fire_theft,False,True,True,3,36194,56,1,10,2020,21472.41,0.876,16319.03,4380.0,0.2684,False,,,sent_to_garage,0.3669,0,0,0.0725,0,0.2138,0
CLM006433,POL000616,2023-12-22,2023-12-14,2014-08-24,2015-08-24,8,Honda,HR-V,Hatchback,flood,rear,moderate,direct,comprehensive,False,False,True,11,133096,17,1,11,2012,24285.23,0.878,2914.23,1580.4,0.5423,False,,,sent_to_garage,0.1035,0,0,0.0743,0,0.2151,0
CLM006434,POL005177,2024-06-04,2024-05-15,2015-09-25,2016-09-24,20,Nissan,Micra,Hatchback,fire,multiple,minor,app,comprehensive,False,False,True,7,37236,58,1,8,2017,13463.1,0.786,5923.76,628.8,0.1061,False,,,sent_to_garage,0.2588,0,1,0.8878,0,0.4678,0
CLM006443,POL004732,2023-11-30,2023-11-04,2022-10-07,2023-10-07,26,Mercedes,E-Class,Hatchback,vandalism,roof,severe,direct,comprehensive,False,True,True,14,28707,78,0,13,2009,52181.47,2.05,5218.15,12300.0,2.0,False,,,scrapped_by_model,0.9993,1,1,0.9971,1,0.9993,1
CLM006444,POL004590,2022-01-03,2021-12-10,2021-07-30,2022-07-30,24,Toyota,Camry,Estate,theft_damage,side,minor,app,third_party,False,True,False,11,57005,52,1,8,2011,28752.35,0.866,3450.28,346.4,0.1004,False,,,sent_to_garage,0.0147,0,0,0.0769,0,0.2019,0
CLM006449,POL003861,2023-06-10,2023-06-08,2019-03-03,2020-03-02,2,Nissan,Qashqai,Van,theft_damage,side,minor,broker,comprehensive,True,False,True,8,69257,28,2,5,2015,28820.41,0.919,10375.35,367.6,0.0354,False,,,sent_to_garage,0.141,0,0,0.0049,0,0.1038,0
CLM006453,POL002772,2024-11-09,2024-10-12,2021-09-12,2022-09-12,28,Audi,A4,Motorbike,fire,rear,minor,app,comprehensive,True,True,False,1,123477,67,2,3,2023,38502.67,1.788,35422.46,804.6,0.0227,True,,,sent_to_garage,0.229,0,1,0.9135,0,0.7122,0
CLM006455,POL003768,2023-10-26,2023-10-02,2022-07-27,2023-07-27,24,Honda,Jazz,Estate,flood,side,minor,broker,comprehensive,False,True,True,1,127392,73,1,14,2022,15831.17,0.862,14564.68,344.8,0.0237,False,,,sent_to_garage,0.2378,0,0,0.0287,0,0.0863,0
CLM006460,POL004026,2022-08-12,2022-07-21,2013-11-10,2014-11-10,22,Toyota,Yaris,Hatchback,flood,side,severe,online,third_party,False,False,True,15,120477,18,0,15,2007,14607.83,0.817,1460.78,3268.0,2.0,False,,,scrapped_by_model,0.9999,1,1,0.9996,1,0.9997,1
CLM006461,POL001271,2022-10-23,2022-09-29,2012-10-10,2013-10-10,24,Mercedes,E-Class,Van,fire,roof,severe,online,comprehensive,True,False,True,5,166475,17,1,11,2017,53779.2,2.053,32267.52,12318.0,0.3817,True,,,sent_to_garage,0.8935,0,0,0.0733,0,0.2341,0
CLM006463,POL004039,2022-07-09,2022-07-05,2018-08-28,2019-08-28,4,Audi,A3,Sedan,flood,roof,moderate,broker,comprehensive,True,True,False,9,77364,17,2,16,2013,29038.48,1.741,8130.77,4352.5,0.5353,False,,,sent_to_garage,0.0553,0,0,0.0211,0,0.0497,0
CLM006465,POL003140,2022-08-28,2022-08-27,2022-07-02,2023-07-02,1,BMW,3 Series,Hatchback,flood,roof,severe,online,third_party,True,False,True,11,87907,59,3,4,2011,34246.52,1.763,4109.58,10578.0,2.0,False,,,scrapped_by_model,0.9989,1,1,0.99,0,0.9927,0
CLM006466,POL004830,2022-01-19,2021-12-26,2021-07-27,2022-07-27,24,Volkswagen,Tiguan,Van,fire,multiple,moderate,direct,third_party,False,True,True,0,196381,34,2,19,2022,34161.22,1.088,34161.22,3808.0,0.1115,True,,,sent_to_garage,0.3447,0,1,0.9199,0,0.8621,0
CLM006470,POL004892,2022-09-27,2022-09-08,2020-04-20,2021-04-20,19,Nissan,Juke,SUV,theft_damage,side,severe,broker,third_party,False,False,True,3,125620,39,0,5,2019,19721.62,0.833,14988.43,3332.0,0.2223,False,,,sent_to_garage,0.5769,0,0,0.1127,0,0.4504,0
CLM006471,POL002268,2024-03-22,2024-03-05,2015-11-01,2016-10-31,17,Toyota,Camry,SUV,vandalism,front,moderate,direct,comprehensive,False,False,True,10,60476,35,0,11,2014,30788.71,0.857,6157.74,1714.0,0.2783,False,,,sent_to_garage,0.0974,0,0,0.0699,0,0.0635,0
CLM006473,POL006564,2022-01-01,2021-12-19,2012-12-18,2013-12-18,13,Vauxhall,Mokka,Van,fire,roof,minor,online,third_party_fire_theft,True,True,True,12,132559,74,1,13,2010,22789.76,0.82,2278.98,492.0,0.2159,False,,,sent_to_garage,0.2616,0,0,0.0267,0,0.0674,0
CLM006476,POL000257,2022-01-08,2021-12-20,2019-04-01,2020-03-31,19,Hyundai,i30,Sedan,theft_damage,multiple,severe,app,third_party_fire_theft,True,True,True,6,97534,41,2,8,2016,20487.99,0.822,10653.75,6576.0,0.6172,False,,,sent_to_garage,0.5163,0,1,0.9644,0,0.782,0
CLM006485,POL006188,2024-09-16,2024-09-10,2016-08-31,2017-08-31,6,Nissan,Leaf,Motorbike,fire,rear,moderate,online,comprehensive,False,False,False,14,161610,26,0,3,2010,29789.87,0.996,2978.99,1792.8,0.6018,False,,,sent_to_garage,0.6559,0,1,0.966,0,0.8146,0
CLM006486,POL005018,2024-12-04,2024-11-20,2021-06-20,2022-06-20,14,Toyota,Corolla,Van,flood,front,severe,direct,comprehensive,False,True,False,13,179140,41,1,11,2011,21841.39,0.856,2184.14,4280.0,1.9596,False,,,scrapped_by_model,0.9988,1,1,1.0,1,0.9999,1
CLM006489,POL000116,2022-08-03,2022-07-15,2012-12-15,2013-12-15,19,Vauxhall,Corsa,Estate,fire,front,minor,phone,comprehensive,False,False,True,17,120116,48,1,5,2005,12413.14,0.698,1241.31,349.0,0.2812,False,,,sent_to_garage,0.053,0,0,0.2575,0,0.2024,0
CLM006492,POL003754,2024-04-14,2024-03-21,2023-04-23,2024-04-22,24,Honda,CR-V,Sedan,collision,side,minor,broker,third_party,True,True,True,4,28856,30,1,7,2020,30163.2,0.91,20510.98,364.0,0.0177,True,,,sent_to_garage,0.0172,0,0,0.0195,0,0.0177,0
CLM006494,POL000907,2024-09-01,2024-08-11,2021-11-14,2022-11-14,21,Mercedes,E-Class,SUV,theft_damage,rear,moderate,direct,comprehensive,True,False,False,17,5782,31,4,18,2007,50011.02,1.947,5001.1,3504.6,0.7008,False,,,sent_to_garage,0.2231,0,0,0.0158,0,0.159,0
CLM006498,POL002666,2023-12-04,2023-11-06,2016-04-28,2017-04-28,28,Hyundai,i10,Sedan,fire,multiple,minor,phone,third_party,False,False,False,6,136656,65,0,18,2017,12500.87,0.766,6500.45,612.8,0.0943,False,,,sent_to_garage,0.3859,0,1,0.9231,0,0.4926,0
CLM006502,POL001847,2022-11-08,2022-10-31,2015-06-02,2016-06-01,8,Toyota,RAV4,Motorbike,flood,rear,minor,broker,comprehensive,False,True,False,20,93803,46,0,5,2002,,,,,,False,,,sent_to_garage,0.0791,0,1,0.4347,0,0.2509,0
CLM006509,POL003325,2024-06-01,2024-05-05,2018-11-12,2019-11-12,27,Honda,Jazz,Motorbike,theft_damage,rear,severe,online,comprehensive,True,False,True,7,158719,44,0,13,2017,15255.74,0.858,6712.53,3861.0,0.5752,False,,,sent_to_garage,0.6561,0,1,0.818,0,0.8887,0
CLM006510,POL003249,2022-05-03,2022-04-07,2013-02-27,2014-02-27,26,Hyundai,i20,Motorbike,vandalism,rear,minor,app,third_party_fire_theft,False,True,True,0,183060,45,1,4,2022,15738.97,0.785,15738.97,353.25,0.0224,False,,,sent_to_garage,0.1245,0,0,0.0722,0,0.0476,0
CLM006516,POL002651,2022-04-09,2022-03-24,2020-12-09,2021-12-09,16,BMW,1 Series,Estate,fire,roof,minor,online,comprehensive,True,False,True,10,12254,33,0,20,2012,26669.61,1.706,5333.92,1023.6,0.1919,False,,,sent_to_garage,0.0269,0,0,0.0173,0,0.1167,0
CLM006519,POL001190,2022-01-20,2022-01-14,2018-12-01,2019-12-01,6,Ford,Transit,SUV,vandalism,side,minor,app,comprehensive,False,True,True,11,97122,64,0,8,2011,30056.58,0.94,3606.79,376.0,0.1042,False,,,sent_to_garage,0.0622,0,0,0.0471,0,0.0581,0
CLM006520,POL001717,2024-01-28,2024-01-06,2016-06-11,2017-06-11,22,Toyota,Corolla,Hatchback,flood,side,severe,phone,comprehensive,True,True,True,2,3478,33,1,7,2022,21693.45,0.851,18222.5,3404.0,0.1868,True,,,sent_to_garage,0.0238,0,1,0.9104,0,0.5252,0
CLM006525,POL001934,2023-09-27,2023-09-05,2013-06-10,2014-06-10,22,Vauxhall,Astra,Van,vandalism,front,moderate,broker,comprehensive,False,True,True,9,29601,50,2,1,2014,18219.23,0.74,5101.38,1480.0,0.2901,False,,,sent_to_garage,0.0826,0,0,0.0478,0,0.0352,0
CLM006529,POL002897,2022-01-02,2021-12-25,2020-06-24,2021-06-24,8,Honda,CR-V,Motorbike,fire,front,moderate,online,comprehensive,True,True,True,16,11257,57,0,0,2006,30230.58,0.937,3023.06,1874.0,0.6199,False,,,sent_to_garage,0.5928,0,0,0.0779,0,0.1873,0
CLM006533,POL003979,2023-10-14,2023-09-21,2017-01-12,2018-01-12,23,Hyundai,i30,Sedan,collision,multiple,minor,online,third_party_fire_theft,True,False,True,20,193582,52,0,6,2003,,,,,,False,,,sent_to_garage,0.4336,0,1,0.9406,0,0.7066,0
CLM006535,POL002534,2022-10-19,2022-09-27,2014-09-27,2015-09-27,22,Nissan,Qashqai,Hatchback,flood,rear,severe,online,third_party,False,True,True,11,147999,31,0,9,2011,27936.16,0.9,3352.34,4050.0,1.2081,False,,,scrapped_by_model,0.9993,1,1,0.9992,1,0.9994,1
CLM006539,POL002856,2024-11-19,2024-11-11,2018-12-11,2019-12-11,8,Vauxhall,Astra,Sedan,fire,side,moderate,phone,comprehensive,False,True,False,20,43863,45,2,14,2004,18405.33,0.759,1840.53,1138.5,0.6186,False,,,sent_to_garage,0.9206,0,1,0.8733,0,0.7569,0
CLM006540,POL004195,2023-01-13,2022-12-23,2022-06-27,2023-06-27,21,Hyundai,i20,Estate,collision,rear,minor,phone,third_party,False,True,True,18,68664,25,1,4,2005,16398.96,0.77,1639.9,346.5,0.2113,False,,,sent_to_garage,0.0454,0,0,0.0464,0,0.1097,0
CLM006541,POL005039,2022-05-01,2022-04-25,2021-07-17,2022-07-17,6,Toyota,Yaris,Sedan,fire,front,moderate,broker,comprehensive,True,False,False,12,54878,36,0,7,2010,15297.18,0.816,1529.72,1632.0,1.0669,False,,,scrapped_by_model,0.9989,1,1,0.9965,1,0.9991,1
CLM006546,POL004776,2024-01-14,2024-01-10,2021-08-21,2022-08-21,4,Toyota,Corolla,Estate,fire,side,moderate,broker,third_party,True,True,True,9,183764,48,0,16,2015,20979.33,0.846,5874.21,1269.0,0.216,False,,,sent_to_garage,0.4026,0,0,0.0808,0,0.2096,0
CLM006547,POL000201,2022-02-18,2022-02-06,2012-11-02,2013-11-02,12,Hyundai,i20,Hatchback,flood,multiple,moderate,app,comprehensive,False,False,True,18,111188,58,0,1,2004,16391.63,0.795,1639.16,2782.5,1.6975,False,,,scrapped_by_model,0.9996,1,1,0.9989,1,0.9992,1
CLM006551,POL004876,2023-10-18,2023-10-06,2012-03-31,2013-03-31,12,BMW,3 Series,Van,vandalism,rear,minor,online,third_party,False,True,False,5,168533,44,0,20,2018,33402.16,1.766,20041.3,794.7,0.0397,True,,,sent_to_garage,0.6341,0,0,0.0215,0,0.2439,0
CLM006552,POL001357,2024-07-12,2024-07-03,2014-05-21,2015-05-21,9,Vauxhall,Mokka,Motorbike,flood,multiple,minor,phone,third_party,False,True,False,0,95285,29,0,9,2024,21800.11,0.805,21800.11,644.0,0.0295,True,,,sent_to_garage,0.6227,0,0,0.0601,0,0.2014,0
CLM006555,POL000904,2023-05-06,2023-04-29,2013-06-05,2014-06-05,7,Audi,A6,Van,flood,roof,minor,app,comprehensive,True,True,True,18,94668,41,0,9,2005,48767.77,1.911,4876.78,1146.6,0.2351,False,,,sent_to_garage,0.0944,0,0,0.0327,0,0.0725,0
CLM006556,POL002152,2024-10-16,2024-09-24,2021-07-10,2022-07-10,22,Nissan,Leaf,Sedan,flood,roof,moderate,broker,comprehensive,False,False,True,6,143667,33,1,14,2018,29685.7,1.015,15436.56,2537.5,0.1644,False,,,sent_to_garage,0.1851,0,0,0.0793,0,0.0797,0
CLM006566,POL003899,2024-12-22,2024-11-23,2020-04-19,2021-04-19,29,Toyota,Corolla,Van,fire,rear,minor,phone,comprehensive,True,True,True,7,87905,17,1,2,2017,22159.41,0.853,9750.14,383.85,0.0394,False,,,sent_to_garage,0.0986,0,0,0.066,0,0.0761,0
CLM006570,POL005073,2024-10-03,2024-09-09,2014-03-20,2015-03-20,24,Volkswagen,Tiguan,Motorbike,theft_damage,multiple,minor,online,comprehensive,False,True,True,19,13150,39,0,14,2005,35217.6,1.074,3521.76,859.2,0.244,False,,,sent_to_garage,0.8285,0,1,0.7288,0,0.688,0
CLM006574,POL003425,2024-02-19,2024-02-06,2012-07-12,2013-07-12,13,Honda,Jazz,Sedan,collision,front,minor,app,third_party,False,True,True,16,198012,17,1,18,2008,16531.39,0.866,1653.14,433.0,0.2619,False,,,sent_to_garage,0.4748,0,0,0.0228,0,0.0558,0
CLM006576,POL003528,2024-09-14,2024-08-20,2013-12-30,2014-12-30,25,Audi,Q3,Estate,flood,rear,moderate,direct,comprehensive,True,True,False,5,72688,47,1,0,2019,34104.72,1.793,20462.83,3227.4,0.1577,True,,,sent_to_garage,0.0579,0,0,0.0135,0,0.0675,0
CLM006577,POL002505,2024-07-27,2024-06-27,2019-12-21,2020-12-20,30,Volkswagen,Tiguan,Estate,theft_damage,front,moderate,broker,comprehensive,True,True,True,3,158300,66,1,15,2021,35982.03,1.123,27346.34,2246.0,0.0821,True,,,sent_to_garage,0.0235,0,1,0.8151,0,0.3813,0
CLM006579,POL006080,2023-10-24,2023-09-28,2018-11-26,2019-11-26,26,Ford,Transit,SUV,fire,rear,severe,phone,comprehensive,False,True,False,1,191752,33,0,1,2022,28541.81,0.935,26258.47,4207.5,0.1602,True,,,sent_to_garage,0.5939,0,0,0.0522,0,0.0943,0
CLM006580,POL005888,2024-12-29,2024-12-03,2012-12-10,2013-12-10,26,Hyundai,i10,Motorbike,collision,front,moderate,broker,comprehensive,True,True,False,7,95484,48,4,5,2017,12500.87,0.766,5500.38,1532.0,0.2785,False,,,sent_to_garage,0.0398,0,0,0.0353,0,0.0565,0
CLM006582,POL003398,2022-11-27,2022-11-12,2015-11-17,2016-11-16,15,Ford,Mondeo,Estate,fire,roof,severe,online,comprehensive,True,False,False,18,122476,17,0,16,2004,20949.97,0.829,2095.0,4974.0,2.0,False,,,scrapped_by_model,1.0,1,1,0.9992,1,0.9999,1
CLM006591,POL001436,2024-05-27,2024-05-02,2016-03-10,2017-03-10,25,Honda,Jazz,Sedan,flood,multiple,moderate,broker,comprehensive,False,True,True,6,146737,23,0,17,2018,16517.0,0.833,8588.84,2915.5,0.3395,False,,,sent_to_garage,0.2933,0,0,0.0674,0,0.1411,0
CLM006593,POL002456,2023-03-14,2023-03-05,2015-02-03,2016-02-03,9,Hyundai,i30,Hatchback,theft_damage,multiple,moderate,online,third_party_fire_theft,False,True,True,10,197501,60,0,4,2013,19491.4,0.807,3898.28,2824.5,0.7246,False,,,sent_to_garage,0.6033,0,1,0.9356,0,0.8269,0
CLM006597,POL001381,2023-05-21,2023-05-21,2012-10-12,2013-10-12,0,BMW,X3,Motorbike,fire,roof,severe,app,comprehensive,True,True,True,18,25672,47,0,3,2005,46005.57,1.898,4600.56,11388.0,2.0,False,,,scrapped_by_model,0.9999,1,1,0.9953,1,0.9984,1
CLM006601,POL000099,2023-03-23,2023-02-22,2018-08-14,2019-08-14,29,Hyundai,i20,Hatchback,flood,rear,moderate,direct,comprehensive,False,True,True,4,49362,30,1,3,2019,16460.47,0.775,11193.12,1395.0,0.1246,False,,,sent_to_garage,0.0217,0,1,0.7879,0,0.3311,0
CLM006604,POL000903,2024-01-16,2024-01-12,2023-07-21,2024-07-20,4,Ford,Fiesta,SUV,vandalism,multiple,moderate,broker,comprehensive,False,True,True,6,183677,32,2,1,2018,11585.15,0.758,6024.28,2653.0,0.4404,False,,,sent_to_garage,0.1983,0,0,0.0077,0,0.0405,0
CLM006605,POL004135,2024-01-23,2024-01-16,2014-03-06,2015-03-06,7,Nissan,Juke,Van,theft_damage,rear,minor,broker,comprehensive,False,True,True,13,95503,53,0,4,2011,19715.37,0.849,1971.54,382.05,0.1938,False,,,sent_to_garage,0.917,0,0,0.0248,0,0.3348,0
CLM006606,POL000597,2024-09-11,2024-09-05,2015-03-19,2016-03-18,6,Volkswagen,Passat,SUV,fire,multiple,moderate,online,third_party,False,False,True,7,95127,35,2,15,2017,30460.32,1.037,13402.54,3629.5,0.2708,False,,,sent_to_garage,0.493,0,1,0.7107,0,0.5609,0
CLM006608,POL001249,2024-01-06,2023-12-22,2013-04-08,2014-04-08,15,Ford,Transit,Sedan,fire,front,moderate,direct,comprehensive,True,False,False,13,166671,35,0,20,2011,30056.58,0.94,3005.66,1880.0,0.6255,False,,,sent_to_garage,0.5923,0,0,0.0342,0,0.0491,0
CLM006614,POL000631,2024-06-28,2024-06-10,2018-09-18,2019-09-18,18,Hyundai,i10,Estate,collision,multiple,severe,direct,third_party_fire_theft,False,False,True,11,515,33,2,6,2013,11669.63,0.766,1400.36,6128.0,2.0,False,,,sent_to_garage,0.9934,0,1,0.9991,1,0.9995,1
CLM006615,POL006427,2024-01-08,2024-01-02,2014-07-10,2015-07-10,6,Honda,CR-V,Estate,fire,side,moderate,online,comprehensive,False,True,True,16,168719,55,1,15,2008,29995.92,0.92,2999.59,1380.0,0.4601,False,,,sent_to_garage,0.8505,0,1,0.7375,0,0.8158,0
CLM006621,POL004566,2022-10-06,2022-09-06,2022-05-23,2023-05-23,30,Ford,Transit,Motorbike,flood,rear,minor,app,comprehensive,False,True,True,4,95792,17,1,19,2018,30298.15,0.971,20602.74,436.95,0.0212,True,,,sent_to_garage,0.0606,0,0,0.0122,0,0.0795,0
CLM006624,POL002417,2022-02-18,2022-02-08,2019-04-13,2020-04-12,10,Mercedes,GLC,Motorbike,fire,rear,moderate,direct,comprehensive,False,False,True,8,144204,42,0,9,2014,48604.75,1.915,17497.71,3447.0,0.197,False,,,sent_to_garage,0.1884,0,1,0.6869,0,0.4027,0
CLM006628,POL003293,2023-01-01,2022-12-26,2018-05-25,2019-05-25,6,Mercedes,C-Class,Sedan,fire,multiple,minor,broker,third_party,True,True,True,8,196182,46,3,20,2015,38857.31,1.859,13988.63,1487.2,0.1063,False,,,sent_to_garage,0.5071,0,1,0.9299,0,0.6776,0
CLM006633,POL004974,2022-11-29,2022-11-16,2022-10-29,2023-10-29,13,Mercedes,GLC,Motorbike,theft_damage,multiple,minor,phone,comprehensive,False,True,True,20,30160,37,0,20,2002,,,,,,False,,,sent_to_garage,0.8095,0,0,0.0386,0,0.2071,0
CLM006635,POL004475,2024-08-08,2024-08-04,2016-10-08,2017-10-08,4,Vauxhall,Astra,Sedan,vandalism,front,minor,broker,comprehensive,False,False,False,3,181340,17,1,11,2021,17813.1,0.758,13537.96,379.0,0.028,False,,,sent_to_garage,0.0616,0,0,0.0279,0,0.0911,0
CLM006638,POL003967,2022-11-04,2022-10-25,2013-05-17,2014-05-17,10,Toyota,RAV4,Sedan,collision,side,severe,online,third_party,False,False,False,10,85082,17,0,3,2012,33140.95,0.893,6628.19,3572.0,0.5389,False,,,sent_to_garage,0.2364,0,1,0.9172,0,0.8046,0
CLM006643,POL001164,2023-11-05,2023-10-16,2023-10-08,2024-10-07,20,Ford,Kuga,Estate,collision,side,moderate,app,third_party_fire_theft,True,False,True,6,52194,48,0,0,2017,26992.7,0.903,14036.2,1354.5,0.0965,False,,,sent_to_garage,0.0444,0,0,0.0243,0,0.0181,0
CLM006646,POL000565,2023-01-02,2022-12-08,2012-06-06,2013-06-06,25,Ford,Mondeo,Sedan,flood,roof,moderate,broker,comprehensive,False,False,True,5,191720,33,0,18,2018,21573.1,0.854,12943.86,2135.0,0.1649,False,,,sent_to_garage,0.0306,0,0,0.0264,0,0.0447,0
CLM006648,POL000146,2024-11-07,2024-10-25,2019-07-09,2020-07-08,13,Mercedes,C-Class,SUV,collision,rear,minor,phone,comprehensive,False,True,False,8,112176,29,0,19,2016,38753.9,1.882,13951.4,846.9,0.0607,False,,,sent_to_garage,0.1197,0,0,0.0123,0,0.0194,0
CLM006654,POL002966,2024-03-03,2024-02-20,2024-02-17,2025-02-16,12,Hyundai,i20,Estate,theft_damage,multiple,minor,direct,comprehensive,True,False,True,3,54602,43,2,15,2021,15682.11,0.793,11918.4,634.4,0.0532,False,,,sent_to_garage,0.6331,0,1,0.8617,0,0.51,0
CLM006657,POL003387,2024-11-10,2024-10-23,2014-10-19,2015-10-19,18,BMW,5 Series,Van,theft_damage,side,minor,direct,comprehensive,True,True,False,3,192604,61,1,3,2021,45598.13,1.876,34654.58,750.4,0.0217,True,,,sent_to_garage,0.0649,0,0,0.2032,0,0.0575,0
CLM006659,POL004450,2023-03-14,2023-03-12,2021-04-14,2022-04-14,2,Honda,Civic,SUV,vandalism,side,minor,broker,comprehensive,False,True,True,8,177815,49,0,18,2015,21535.98,0.892,7752.95,356.8,0.046,False,,,sent_to_garage,0.0657,0,0,0.1259,0,0.0911,0
CLM006661,POL001878,2022-03-10,2022-03-08,2017-09-14,2018-09-14,2,Volkswagen,Passat,Sedan,flood,front,moderate,phone,third_party_fire_theft,False,False,False,19,23353,54,2,17,2003,,,,,,False,,,sent_to_garage,0.6492,0,0,0.1201,0,0.2324,0
CLM006663,POL000767,2023-12-06,2023-11-07,2022-02-26,2023-02-26,29,Volkswagen,Polo,Estate,flood,roof,minor,direct,third_party,False,False,True,16,57501,24,1,10,2007,15211.7,0.888,1521.17,532.8,0.3503,False,,,sent_to_garage,0.1116,0,0,0.0379,0,0.2234,0
CLM006673,POL002880,2024-11-13,2024-11-08,2021-10-11,2022-10-11,5,Audi,A4,SUV,theft_damage,side,minor,phone,comprehensive,False,True,True,2,77967,46,2,6,2022,36590.31,1.762,30735.86,704.8,0.0229,True,,,sent_to_garage,0.0581,0,0,0.0546,0,0.0671,0
CLM006675,POL003857,2024-03-11,2024-03-08,2013-05-19,2014-05-19,3,Nissan,Micra,Hatchback,vandalism,side,moderate,direct,third_party,False,False,True,10,190274,46,1,15,2014,12428.43,0.795,2485.69,1192.5,0.4797,False,,,sent_to_garage,0.1471,0,0,0.0427,0,0.1157,0
CLM006676,POL000775,2023-10-19,2023-09-28,2012-09-04,2013-09-04,21,Mercedes,GLC,Estate,collision,front,minor,app,third_party,False,False,True,2,1279,51,1,4,2021,46477.48,1.929,39041.08,964.5,0.0247,True,,,sent_to_garage,0.013,0,0,0.0227,0,0.0116,0
CLM006678,POL005036,2022-04-24,2022-03-30,2019-12-04,2020-12-03,25,Ford,Mondeo,Van,vandalism,roof,moderate,app,comprehensive,True,False,True,7,22566,36,0,5,2015,21888.6,0.838,9630.98,2095.0,0.2175,False,,,sent_to_garage,0.033,0,0,0.0245,0,0.0671,0
CLM006681,POL003730,2023-10-01,2023-09-30,2020-05-19,2021-05-19,1,Hyundai,i30,Sedan,vandalism,rear,severe,online,third_party_fire_theft,True,False,True,2,78736,55,0,7,2021,19282.05,0.843,16196.92,3793.5,0.2342,False,,,sent_to_garage,0.0859,0,1,0.8317,0,0.5758,0
CLM006687,POL005513,2023-07-31,2023-07-11,2015-07-29,2016-07-28,20,Ford,Mondeo,Estate,collision,side,severe,app,third_party_fire_theft,False,True,True,7,57602,17,0,12,2016,21112.06,0.871,9289.31,3484.0,0.3751,False,,,sent_to_garage,0.5842,0,0,0.0328,0,0.2685,0
CLM006689,POL003151,2022-10-31,2022-10-19,2015-09-04,2016-09-03,12,Volkswagen,Golf,Estate,theft_damage,front,severe,broker,third_party_fire_theft,False,True,False,14,186611,56,1,8,2008,25684.3,1.022,2568.43,5110.0,1.9895,False,,,scrapped_by_model,0.9994,1,1,0.9996,1,0.9996,1
CLM006691,POL002548,2024-03-26,2024-03-05,2020-04-09,2021-04-09,21,Mercedes,A-Class,Estate,fire,side,moderate,broker,third_party,False,True,True,2,46784,43,3,10,2022,31134.44,1.786,26152.93,2679.0,0.1024,True,,,sent_to_garage,0.1292,0,0,0.1331,0,0.1192,0
CLM006692,POL000332,2023-08-18,2023-08-10,2022-05-17,2023-05-17,8,Toyota,Yaris,Estate,vandalism,side,severe,direct,third_party_fire_theft,False,False,True,18,169882,52,3,2,2005,14258.14,0.778,1425.81,3112.0,2.0,False,,,scrapped_by_model,0.9999,1,1,0.9991,1,0.9998,1
CLM006694,POL004620,2023-06-15,2023-05-26,2013-07-06,2014-07-06,20,BMW,5 Series,Hatchback,collision,front,severe,broker,comprehensive,False,False,True,10,40568,48,1,9,2013,43796.56,1.885,8759.31,9425.0,1.076,False,,,scrapped_by_model,0.9996,1,1,0.9991,1,0.9999,1
CLM006696,POL001578,2023-01-18,2022-12-27,2022-08-12,2023-08-12,22,Volkswagen,Passat,Estate,vandalism,multiple,minor,broker,third_party_fire_theft,False,False,True,18,102786,50,0,12,2005,30285.64,1.043,3028.56,834.4,0.2755,False,,,sent_to_garage,0.7199,0,0,0.1866,0,0.4041,0
CLM006699,POL004076,2024-04-10,2024-04-05,2021-06-04,2022-06-04,5,Mercedes,GLC,Motorbike,theft_damage,multiple,severe,phone,third_party_fire_theft,False,False,True,0,177571,69,1,12,2024,49065.15,1.911,49065.15,15288.0,0.3116,True,,,sent_to_garage,0.9482,0,1,0.9589,0,0.9704,0
CLM006700,POL003144,2022-07-06,2022-06-26,2014-07-02,2015-07-02,10,Volkswagen,Polo,Van,collision,roof,minor,online,third_party,False,True,True,18,15517,38,1,18,2004,15506.56,0.874,1550.66,524.4,0.3382,False,,,sent_to_garage,0.1583,0,0,0.009,0,0.0989,0
CLM006702,POL003518,2022-08-24,2022-08-12,2019-05-07,2020-05-06,12,Vauxhall,Corsa,Estate,collision,rear,moderate,phone,comprehensive,False,False,False,17,4012,70,1,20,2005,12413.14,0.698,1241.31,1256.4,1.0122,False,,,sent_to_garage,0.983,0,1,0.9778,0,0.9518,0
CLM006703,POL006298,2023-12-13,2023-11-29,2016-01-16,2017-01-15,14,Ford,Transit,Hatchback,collision,rear,minor,app,third_party_fire_theft,False,True,True,10,51456,34,1,0,2013,29620.97,0.927,5924.19,417.15,0.0704,False,,,sent_to_garage,0.015,0,0,0.0093,0,0.0063,0
CLM006704,POL000692,2024-01-02,2023-12-09,2013-08-24,2014-08-24,24,Vauxhall,Insignia,Sedan,theft_damage,front,severe,online,third_party_fire_theft,False,True,True,11,47834,22,0,16,2013,24921.04,0.838,2990.52,4190.0,1.4011,False,,,scrapped_by_model,0.9995,1,1,0.9978,1,0.9986,1
CLM006705,POL002589,2022-08-26,2022-08-21,2012-07-29,2013-07-29,5,Toyota,Corolla,Van,vandalism,side,minor,broker,third_party_fire_theft,False,True,True,3,158284,41,1,7,2019,22335.35,0.841,16974.87,336.4,0.0198,False,,,sent_to_garage,0.237,0,1,0.8291,0,0.8358,0
CLM006706,POL002791,2022-08-04,2022-07-18,2013-12-16,2014-12-16,17,Vauxhall,Corsa,Motorbike,theft_damage,roof,severe,online,comprehensive,False,False,True,13,99593,33,0,6,2009,12594.82,0.68,1259.48,4080.0,2.0,False,,,scrapped_by_model,0.9991,1,1,0.9998,1,0.9996,1
CLM006707,POL000942,2023-01-23,2023-01-03,2013-08-27,2014-08-27,20,BMW,3 Series,Hatchback,fire,side,severe,phone,third_party_fire_theft,False,True,True,16,114591,42,2,13,2007,33482.96,1.81,3348.3,7240.0,2.0,False,,,scrapped_by_model,0.9999,1,1,0.9999,1,1.0,1
CLM006708,POL003002,2022-08-17,2022-08-04,2012-02-13,2013-02-12,13,Mercedes,E-Class,Motorbike,fire,front,moderate,app,comprehensive,False,False,False,15,156834,23,0,1,2007,50011.02,1.947,5001.1,3894.0,0.7786,False,,,sent_to_garage,0.6287,0,1,0.9742,0,0.9713,0
CLM006710,POL000889,2023-03-28,2023-03-19,2021-04-14,2022-04-14,9,BMW,X3,Motorbike,collision,side,moderate,direct,third_party,False,True,True,20,27322,39,1,11,2003,,,,,,False,,,sent_to_garage,0.1457,0,1,0.7937,0,0.4832,0
CLM006723,POL002363,2023-09-14,2023-09-01,2021-10-17,2022-10-17,13,Honda,CR-V,Sedan,collision,rear,moderate,broker,third_party,False,True,True,11,195368,67,1,16,2012,29079.62,0.898,3489.55,1616.4,0.4632,False,,,sent_to_garage,0.0589,0,0,0.026,0,0.08,0
CLM006728,POL001554,2024-09-23,2024-09-05,2023-09-29,2024-09-28,18,BMW,1 Series,Estate,fire,side,severe,direct,third_party_fire_theft,False,True,False,19,103419,28,0,19,2005,27159.37,1.731,2715.94,6924.0,2.0,False,,,scrapped_by_model,1.0,1,1,0.9994,1,1.0,1
CLM006731,POL004553,2023-07-16,2023-07-10,2018-11-11,2019-11-11,6,Volkswagen,Polo,Sedan,fire,roof,moderate,online,comprehensive,True,True,True,17,94617,56,2,6,2006,15692.06,0.905,1569.21,2262.5,1.4418,False,,,sent_to_garage,0.9984,0,1,0.9908,0,0.9903,0
CLM006733,POL004823,2024-01-27,2024-01-07,2018-06-12,2019-06-12,20,Hyundai,i20,Motorbike,vandalism,front,minor,direct,comprehensive,True,False,True,6,87649,29,1,18,2018,16600.86,0.77,8632.45,385.0,0.0446,False,,,sent_to_garage,0.0308,0,0,0.0163,0,0.0552,0
CLM006738,POL003371,2022-01-24,2022-01-23,2021-02-15,2022-02-15,1,Audi,A4,Sedan,collision,front,moderate,app,comprehensive,False,True,True,15,2338,55,0,5,2007,36552.02,1.845,3655.2,3690.0,1.0095,False,,,sent_to_garage,0.9979,0,0,0.1482,0,0.1108,0
CLM006743,POL000343,2023-11-24,2023-11-16,2014-12-09,2015-12-09,8,Mercedes,C-Class,Sedan,vandalism,rear,severe,broker,third_party,False,True,False,18,78444,42,0,20,2005,39699.92,1.885,3969.99,8482.5,2.0,False,,,scrapped_by_model,1.0,1,1,0.9998,1,0.9999,1
CLM006745,POL000536,2022-03-22,2022-03-10,2014-10-29,2015-10-29,12,Toyota,RAV4,SUV,vandalism,rear,minor,broker,third_party,False,True,False,3,94429,23,1,18,2019,30434.33,0.884,23130.09,397.8,0.0172,True,,,sent_to_garage,0.0073,0,1,0.7926,0,0.6933,0
CLM006747,POL003450,2022-11-06,2022-10-18,2016-11-09,2017-11-09,19,BMW,3 Series,SUV,flood,front,severe,phone,comprehensive,True,False,True,1,12775,51,0,20,2021,33422.39,1.786,30748.6,8930.0,0.2904,True,,,sent_to_garage,0.6856,0,1,0.8215,0,0.7809,0
CLM006748,POL002970,2022-02-04,2022-01-22,2016-06-03,2017-06-03,13,Honda,Civic,Hatchback,vandalism,rear,minor,app,comprehensive,False,False,True,4,99261,50,0,13,2018,20958.47,0.856,14251.76,385.2,0.027,False,,,sent_to_garage,0.075,0,0,0.0191,0,0.0889,0
CLM006750,POL003908,2024-06-03,2024-06-03,2018-09-03,2019-09-03,0,Vauxhall,Astra,SUV,vandalism,multiple,minor,broker,comprehensive,False,False,True,0,63773,34,1,12,2024,17854.69,0.751,17854.69,600.8,0.0336,True,,,sent_to_garage,0.0419,0,0,0.0309,0,0.2077,0
CLM006752,POL001531,2024-03-01,2024-02-14,2018-07-19,2019-07-19,16,Volkswagen,Passat,Van,theft_damage,roof,minor,app,third_party,False,False,True,8,77753,20,1,3,2016,30726.95,1.056,11061.7,633.6,0.0573,False,,,sent_to_garage,0.058,0,0,0.0133,0,0.2183,0
CLM006753,POL004390,2023-05-24,2023-05-09,2012-09-09,2013-09-09,15,Honda,CR-V,Estate,fire,side,moderate,app,comprehensive,False,False,False,2,165064,31,0,8,2021,29537.19,0.913,24811.24,1369.5,0.0552,True,,,sent_to_garage,0.434,0,0,0.0554,0,0.2982,0
CLM006755,POL002476,2024-12-19,2024-11-28,2021-05-13,2022-05-13,21,Vauxhall,Insignia,Motorbike,flood,multiple,minor,phone,third_party,False,True,True,9,183088,51,1,19,2015,26148.33,0.858,7321.53,686.4,0.0938,False,,,sent_to_garage,0.157,0,0,0.1135,0,0.1849,0
CLM006756,POL000461,2022-09-07,2022-08-24,2015-09-11,2016-09-10,14,Toyota,RAV4,Hatchback,fire,side,severe,direct,third_party_fire_theft,False,False,True,0,130435,31,3,0,2022,33565.23,0.903,33565.23,3612.0,0.1076,True,,,sent_to_garage,0.7122,0,0,0.0398,0,0.196,0
CLM006758,POL004999,2023-02-19,2023-01-22,2015-07-10,2016-07-09,28,Volkswagen,Polo,Sedan,theft_damage,front,severe,app,comprehensive,True,True,True,7,77813,44,1,13,2016,16751.7,0.926,7370.75,4630.0,0.6282,False,,,sent_to_garage,0.8678,0,0,0.0554,0,0.282,0
CLM006760,POL001375,2023-10-12,2023-09-15,2020-04-07,2021-04-07,27,Vauxhall,Astra,Hatchback,flood,roof,moderate,broker,third_party_fire_theft,False,False,False,16,159247,49,0,20,2007,17326.85,0.734,1732.68,1835.0,1.0591,False,,,scrapped_by_model,0.9998,1,1,0.9984,1,0.9999,1
CLM006767,POL004699,2022-05-08,2022-05-06,2019-03-05,2020-03-04,2,Audi,A6,Van,flood,roof,severe,broker,third_party_fire_theft,True,False,False,2,15251,49,0,2,2020,46040.27,1.919,38673.83,11514.0,0.2977,True,,,sent_to_garage,0.3491,0,0,0.0313,0,0.1048,0
CLM006775,POL002916,2024-09-04,2024-08-26,2018-09-03,2019-09-03,9,Audi,A6,Van,vandalism,roof,minor,broker,third_party,False,True,True,20,39449,60,0,5,2004,49085.66,1.896,4908.57,1137.6,0.2318,False,,,sent_to_garage,0.1097,0,0,0.0467,0,0.0601,0
CLM006776,POL002175,2023-08-16,2023-08-07,2015-09-28,2016-09-27,9,Vauxhall,Insignia,SUV,collision,side,moderate,direct,comprehensive,False,True,True,9,51281,17,1,17,2014,23862.93,0.849,6681.62,1273.5,0.1906,False,,,sent_to_garage,0.0471,0,0,0.0155,0,0.0389,0
CLM006777,POL002231,2024-09-26,2024-09-11,2020-08-24,2021-08-24,15,Vauxhall,Insignia,Motorbike,collision,roof,minor,phone,third_party,False,False,True,3,46278,25,1,9,2021,23929.56,0.832,18186.47,499.2,0.0274,True,,,sent_to_garage,0.0513,0,0,0.0122,0,0.0709,0
CLM006780,POL004083,2024-12-13,2024-11-18,2022-11-07,2023-11-07,25,BMW,X5,Hatchback,collision,side,severe,direct,comprehensive,False,False,False,15,24152,51,1,15,2009,62520.11,2.042,6252.01,8168.0,1.3065,False,,,scrapped_by_model,0.9991,1,1,0.9986,1,0.9999,1
CLM006781,POL002150,2022-07-22,2022-07-20,2021-08-06,2022-08-06,2,Toyota,Yaris,Motorbike,theft_damage,roof,minor,direct,comprehensive,False,False,True,12,102203,22,1,18,2010,15297.18,0.816,1529.72,489.6,0.3201,False,,,sent_to_garage,0.0684,0,0,0.0221,0,0.0526,0
CLM006782,POL002170,2023-02-20,2023-02-17,2016-09-02,2017-09-02,3,Hyundai,i20,Motorbike,fire,roof,severe,phone,third_party,False,False,False,15,167550,17,0,13,2008,16132.23,0.775,1613.22,4650.0,2.0,False,,,scrapped_by_model,0.9998,1,1,1.0,1,0.9998,1
CLM006784,POL000344,2023-10-28,2023-10-21,2013-09-15,2014-09-15,7,Vauxhall,Mokka,Hatchback,collision,multiple,severe,broker,comprehensive,True,False,True,0,30337,42,1,3,2023,22239.23,0.804,22239.23,6432.0,0.2892,True,,,sent_to_garage,0.687,0,1,0.9474,0,0.9592,0
CLM006786,POL002852,2022-12-16,2022-12-10,2020-04-07,2021-04-07,6,Honda,Civic,SUV,fire,roof,moderate,online,comprehensive,False,True,True,10,27187,28,1,18,2012,22825.19,0.905,4565.04,2262.5,0.4956,False,,,sent_to_garage,0.0568,0,0,0.0293,0,0.0433,0
CLM006787,POL002559,2023-06-04,2023-05-27,2020-11-09,2021-11-09,8,Nissan,Leaf,Motorbike,fire,side,moderate,direct,third_party_fire_theft,True,True,False,0,97423,41,3,5,2023,31448.96,0.995,31448.96,1492.5,0.0475,True,,,sent_to_garage,0.0105,0,0,0.0635,0,0.0763,0
CLM006792,POL001847,2024-03-26,2024-03-01,2018-08-01,2019-08-01,25,Audi,A4,Van,fire,multiple,minor,direct,third_party_fire_theft,False,False,False,2,181692,74,0,2,2022,36590.31,1.762,30735.86,1409.6,0.0459,True,,,sent_to_garage,0.0746,0,0,0.0814,0,0.046,0
CLM006799,POL003138,2024-02-24,2024-02-04,2019-08-25,2020-08-24,20,Honda,Civic,Estate,flood,multiple,severe,broker,comprehensive,True,False,False,18,59479,24,1,2,2006,22553.28,0.86,2255.33,6880.0,2.0,False,,,scrapped_by_model,1.0,1,1,0.9994,1,0.9999,1
CLM006808,POL005680,2022-02-01,2022-01-31,2021-06-23,2022-06-23,1,Vauxhall,Insignia,Hatchback,vandalism,rear,moderate,phone,third_party_fire_theft,False,True,False,13,168392,28,1,4,2009,24358.99,0.83,2435.9,1494.0,0.6133,False,,,sent_to_garage,0.1394,0,1,0.8851,0,0.5687,0
CLM006821,POL003717,2024-05-04,2024-04-13,2012-10-11,2013-10-11,21,BMW,3 Series,Hatchback,theft_damage,rear,moderate,broker,third_party,True,True,True,3,181029,39,0,9,2021,33422.39,1.786,25401.02,3214.8,0.1266,True,,,sent_to_garage,0.1566,0,0,0.0274,0,0.1164,0
CLM006822,POL005392,2023-03-27,2023-03-03,2021-07-03,2022-07-03,24,Mercedes,E-Class,Van,flood,rear,minor,online,comprehensive,False,True,True,12,163485,52,1,17,2011,51714.08,1.948,5171.41,876.6,0.1695,False,,,sent_to_garage,0.1842,0,0,0.0173,0,0.0908,0
CLM006826,POL003153,2022-08-19,2022-07-20,2019-08-14,2020-08-13,30,BMW,5 Series,Hatchback,vandalism,multiple,severe,direct,third_party_fire_theft,False,True,False,0,8977,39,0,20,2022,46057.02,1.866,46057.02,14928.0,0.3241,True,,,sent_to_garage,0.9816,0,1,0.9506,0,0.9608,0
CLM006827,POL000085,2024-04-06,2024-04-03,2012-07-06,2013-07-06,3,Toyota,Camry,SUV,collision,rear,minor,direct,third_party,True,False,True,9,133849,45,0,12,2015,29599.83,0.882,8287.95,396.9,0.0479,False,,,sent_to_garage,0.2704,0,1,0.8923,0,0.6503,0
CLM006831,POL002790,2024-04-02,2024-03-27,2013-12-19,2014-12-19,6,Vauxhall,Corsa,Hatchback,flood,rear,minor,direct,comprehensive,False,False,True,5,65670,76,1,20,2019,13407.11,0.692,8044.27,311.4,0.0387,False,,,sent_to_garage,0.055,0,0,0.0423,0,0.0565,0
CLM006834,POL006182,2023-12-05,2023-11-27,2012-07-17,2013-07-17,8,Honda,CR-V,Sedan,collision,side,severe,phone,comprehensive,False,False,True,5,65763,35,0,8,2018,29853.14,0.924,17911.88,3696.0,0.2063,True,,,sent_to_garage,0.2384,0,0,0.0671,0,0.1998,0
CLM006835,POL002263,2024-07-04,2024-06-24,2023-11-16,2024-11-15,10,Honda,CR-V,Estate,flood,front,severe,app,third_party_fire_theft,False,False,True,16,144116,46,1,2,2008,29995.92,0.92,2999.59,4600.0,1.5335,False,,,scrapped_by_model,0.9999,1,1,0.9997,1,1.0,1
CLM006837,POL000316,2024-03-01,2024-02-19,2021-10-27,2022-10-27,11,BMW,1 Series,SUV,collision,rear,minor,broker,third_party_fire_theft,False,False,True,4,39386,69,1,17,2020,27251.39,1.703,18530.95,766.35,0.0414,True,,,sent_to_garage,0.2608,0,1,0.7661,0,0.4568,0
CLM006843,POL004082,2023-03-13,2023-03-05,2018-10-26,2019-10-26,8,Audi,A4,Motorbike,flood,roof,severe,broker,comprehensive,False,False,True,15,33837,41,0,12,2008,37321.83,1.812,3732.18,10872.0,2.0,False,,,scrapped_by_model,0.9991,1,1,0.9996,1,0.9992,1
CLM006844,POL001916,2023-02-10,2023-02-10,2012-02-04,2013-02-03,0,Toyota,Corolla,SUV,collision,multiple,moderate,app,comprehensive,False,False,True,11,184546,48,0,11,2012,22296.18,0.846,2675.54,2961.0,1.1067,False,,,scrapped_by_model,0.9994,1,1,0.999,1,0.9991,1
CLM006846,POL000451,2024-11-29,2024-11-08,2020-09-21,2021-09-21,21,BMW,3 Series,Van,collision,multiple,moderate,direct,comprehensive,False,True,True,10,74658,40,1,8,2014,33436.84,1.81,6687.37,6335.0,0.9473,False,,,scrapped_by_model,0.9992,1,1,0.9903,0,0.9967,1
CLM006854,POL002303,2024-10-04,2024-09-05,2013-07-28,2014-07-28,29,Honda,Jazz,Motorbike,fire,rear,moderate,app,comprehensive,False,False,False,20,69323,50,1,4,2004,16762.66,0.841,1676.27,1513.8,0.9031,False,,,scrapped_by_model,0.9993,1,1,0.9873,0,0.9977,1
CLM006860,POL000635,2024-09-20,2024-09-05,2013-04-13,2014-04-13,15,Toyota,Yaris,Hatchback,vandalism,front,minor,app,comprehensive,False,False,False,7,93571,38,0,3,2017,15720.31,0.805,6916.94,402.5,0.0582,False,,,sent_to_garage,0.0634,0,0,0.1548,0,0.0612,0
CLM006862,POL005115,2024-08-24,2024-08-05,2021-10-22,2022-10-22,19,Toyota,Yaris,Sedan,flood,side,moderate,app,comprehensive,True,False,True,9,172833,31,0,0,2015,15351.93,0.785,4298.54,1177.5,0.2739,False,,,sent_to_garage,0.317,0,0,0.0134,0,0.0971,0
CLM006863,POL000482,2023-06-11,2023-06-11,2019-08-01,2020-07-31,0,BMW,1 Series,Estate,collision,roof,moderate,broker,comprehensive,True,False,True,14,83026,48,0,12,2009,27442.66,1.699,2744.27,4247.5,1.5478,False,,,scrapped_by_model,0.9998,1,1,0.9986,1,0.9998,1
CLM006865,POL002984,2024-02-10,2024-01-30,2018-04-13,2019-04-13,11,Hyundai,i10,Sedan,theft_damage,front,minor,phone,third_party,True,True,True,8,23090,57,0,20,2016,12339.49,0.737,4442.22,368.5,0.083,False,,,sent_to_garage,0.0679,0,0,0.0926,0,0.0096,0
CLM006868,POL000246,2022-02-14,2022-01-27,2017-06-22,2018-06-22,18,Hyundai,i20,Hatchback,vandalism,roof,minor,phone,third_party,False,True,False,6,134686,34,1,3,2016,15958.29,0.803,8298.31,481.8,0.0581,False,,,sent_to_garage,0.1314,0,0,0.1519,0,0.3656,0
CLM006870,POL003182,2023-06-17,2023-05-22,2019-12-24,2020-12-23,26,BMW,3 Series,Van,flood,front,severe,app,comprehensive,True,False,True,8,140877,27,0,1,2015,35632.5,1.789,12827.7,8945.0,0.6973,False,,,sent_to_garage,0.5108,0,0,0.1348,0,0.1446,0
CLM006875,POL001279,2023-10-20,2023-09-24,2015-02-25,2016-02-25,26,Honda,Civic,Van,vandalism,multiple,moderate,online,comprehensive,False,False,False,14,190707,22,1,3,2009,21776.71,0.906,2177.67,3171.0,1.4561,False,,,scrapped_by_model,0.9988,1,1,0.9996,1,0.9966,1
CLM006879,POL003828,2022-02-01,2022-01-11,2019-07-07,2020-07-06,21,Toyota,Yaris,Sedan,vandalism,side,moderate,online,comprehensive,False,True,True,3,56832,60,0,19,2019,14313.53,0.818,10878.28,1227.0,0.1128,False,,,sent_to_garage,0.0303,0,0,0.0962,0,0.0527,0
CLM006882,POL003683,2023-01-03,2022-12-04,2015-08-18,2016-08-17,30,Mercedes,E-Class,Sedan,collision,rear,minor,online,third_party,False,True,False,0,45133,40,0,12,2023,51280.31,1.987,51280.31,894.15,0.0174,True,,,sent_to_garage,0.0054,0,0,0.012,0,0.0288,0
CLM006888,POL001493,2023-07-07,2023-06-20,2015-02-20,2016-02-20,17,Hyundai,i30,Sedan,fire,rear,minor,online,comprehensive,False,True,False,11,5193,50,2,8,2012,20062.59,0.834,2407.51,375.3,0.1559,False,,,sent_to_garage,0.3094,0,0,0.0621,0,0.1888,0
CLM006894,POL001186,2024-07-13,2024-06-28,2015-10-22,2016-10-21,15,Ford,Mondeo,Hatchback,collision,multiple,severe,phone,third_party_fire_theft,True,False,True,14,181543,33,1,16,2010,21695.99,0.829,2169.6,6632.0,2.0,False,,,scrapped_by_model,0.9999,1,1,0.9999,1,0.9999,1
CLM006895,POL000872,2024-06-08,2024-05-10,2023-02-02,2024-02-02,29,Mercedes,C-Class,Motorbike,vandalism,roof,minor,app,comprehensive,True,False,True,16,88375,28,1,15,2008,39137.59,1.878,3913.76,1126.8,0.2879,False,,,sent_to_garage,0.1888,0,0,0.0506,0,0.2349,0
CLM006898,POL000079,2023-12-18,2023-12-05,2019-06-18,2020-06-17,13,Audi,A3,SUV,fire,rear,minor,broker,third_party,False,True,False,12,8785,39,2,2,2011,31188.37,1.708,3118.84,768.6,0.2464,False,,,sent_to_garage,0.2458,0,0,0.0927,0,0.1722,0
CLM006911,POL004219,2023-05-03,2023-04-08,2014-03-30,2015-03-30,25,Audi,Q5,Motorbike,theft_damage,side,minor,direct,comprehensive,False,True,True,6,167613,51,2,10,2017,43967.84,1.893,22863.28,757.2,0.0331,True,,,sent_to_garage,0.2143,0,0,0.0082,0,0.1357,0
CLM006916,POL005002,2023-03-01,2023-02-20,2019-12-30,2020-12-29,9,Toyota,Corolla,Estate,vandalism,rear,moderate,broker,third_party_fire_theft,False,True,False,8,138315,52,3,13,2015,20979.33,0.846,7552.56,1522.8,0.2016,False,,,sent_to_garage,0.1094,0,0,0.0415,0,0.2174,0
CLM006917,POL001973,2024-09-18,2024-09-01,2015-05-30,2016-05-29,17,Honda,HR-V,Van,collision,multiple,moderate,app,third_party_fire_theft,False,True,True,18,3212,57,1,16,2006,25986.28,0.908,2598.63,3178.0,1.223,False,,,scrapped_by_model,0.9992,1,1,0.9997,1,0.9996,1
CLM006927,POL001472,2022-03-29,2022-03-27,2021-03-08,2022-03-08,2,Toyota,Yaris,SUV,theft_damage,roof,severe,phone,comprehensive,False,True,True,7,148750,46,0,5,2015,15351.93,0.785,6754.85,4710.0,0.6973,False,,,sent_to_garage,0.3062,0,1,0.8241,0,0.85,0
CLM006930,POL006204,2022-02-05,2022-01-12,2015-10-21,2016-10-20,24,Volkswagen,Polo,Hatchback,theft_damage,side,moderate,broker,third_party,True,False,False,1,89151,52,0,10,2021,16776.86,0.898,15434.71,1347.0,0.0873,False,,,sent_to_garage,0.1674,0,0,0.0076,0,0.0986,0
CLM006933,POL003241,2023-09-06,2023-08-11,2022-09-04,2023-09-04,26,Honda,HR-V,Sedan,vandalism,side,moderate,direct,comprehensive,False,True,True,12,36793,60,0,8,2011,24238.72,0.91,2423.87,1365.0,0.5631,False,,,sent_to_garage,0.046,0,0,0.0497,0,0.0439,0
CLM006936,POL003991,2022-08-21,2022-08-19,2021-04-05,2022-04-05,2,Mercedes,E-Class,Motorbike,flood,multiple,minor,phone,comprehensive,True,True,True,12,180679,17,2,11,2010,52350.73,1.988,5235.07,1590.4,0.3038,False,,,sent_to_garage,0.3203,0,0,0.0186,0,0.0889,0
CLM006939,POL000384,2023-08-27,2023-08-13,2017-12-07,2018-12-07,14,Mercedes,E-Class,Motorbike,vandalism,front,severe,online,comprehensive,True,False,True,6,159783,44,0,14,2017,53779.2,2.053,27965.18,10265.0,0.3671,True,,,sent_to_garage,0.5581,0,1,0.9033,0,0.8711,0
CLM006941,POL004000,2022-01-31,2022-01-08,2014-02-11,2015-02-11,23,Vauxhall,Astra,Sedan,collision,multiple,moderate,app,comprehensive,False,True,False,19,183172,44,0,15,2003,,,,,,False,,,sent_to_garage,0.4908,0,1,0.835,0,0.8444,0
CLM006943,POL003098,2023-06-20,2023-06-08,2019-06-26,2020-06-25,12,Vauxhall,Insignia,Van,vandalism,rear,minor,phone,comprehensive,False,False,False,7,47073,39,0,4,2016,24988.77,0.83,10995.06,373.5,0.034,False,,,sent_to_garage,0.0436,0,0,0.1171,0,0.1098,0
CLM006944,POL003369,2022-07-23,2022-06-30,2014-09-29,2015-09-29,23,Audi,Q3,Hatchback,flood,multiple,severe,direct,third_party_fire_theft,True,False,False,0,196657,38,1,14,2022,35926.34,1.778,35926.34,14224.0,0.3959,True,,,sent_to_garage,0.9658,0,1,0.9956,1,0.9611,0
CLM006945,POL002161,2022-04-29,2022-04-21,2018-11-28,2019-11-28,8,Vauxhall,Astra,SUV,flood,multiple,minor,app,comprehensive,False,False,True,8,41586,32,0,14,2014,18219.23,0.74,6558.92,592.0,0.0903,False,,,sent_to_garage,0.1284,0,1,0.8976,0,0.5514,0
CLM006947,POL004086,2024-06-10,2024-06-02,2013-01-09,2014-01-09,8,Hyundai,i30,Van,collision,front,moderate,phone,third_party_fire_theft,False,False,True,20,175047,27,0,10,2004,20423.84,0.823,2042.38,1646.0,0.8059,False,,,sent_to_garage,0.7858,0,1,0.9676,0,0.9937,0
CLM006958,POL003106,2022-10-20,2022-09-28,2015-02-18,2016-02-18,22,Mercedes,C-Class,Motorbike,vandalism,side,moderate,direct,third_party,False,False,True,7,45936,68,0,6,2015,38857.31,1.859,17097.22,2788.5,0.1631,False,,,sent_to_garage,0.1126,0,0,0.031,0,0.022,0
CLM006960,POL005134,2024-07-18,2024-07-15,2022-07-05,2023-07-05,3,Mercedes,E-Class,Motorbike,collision,rear,moderate,phone,third_party_fire_theft,False,False,True,13,69769,41,1,15,2011,51714.08,1.948,5171.41,3506.4,0.678,False,,,sent_to_garage,0.2093,0,0,0.0386,0,0.1436,0
CLM006965,POL000542,2023-05-01,2023-04-15,2017-05-22,2018-05-22,16,Audi,Q5,Hatchback,collision,front,moderate,broker,comprehensive,False,True,False,15,18164,45,0,15,2008,42783.78,1.832,4278.38,3664.0,0.8564,False,,,sent_to_garage,0.9329,0,1,0.9901,0,0.9733,0
CLM006967,POL003038,2024-05-06,2024-04-22,2021-12-18,2022-12-18,14,Mercedes,A-Class,Estate,vandalism,front,severe,broker,comprehensive,False,False,False,5,21883,29,1,2,2019,30109.46,1.85,18065.68,9250.0,0.512,True,,,sent_to_garage,0.3,0,1,0.8819,0,0.8035,0
CLM006969,POL003375,2023-10-11,2023-09-11,2021-04-23,2022-04-23,30,Audi,Q3,Sedan,theft_damage,roof,moderate,direct,comprehensive,False,True,False,12,169563,42,0,7,2011,34371.72,1.8,3437.17,4500.0,1.3092,False,,,scrapped_by_model,0.9994,1,1,0.9981,1,0.999,1
CLM006972,POL002042,2023-11-08,2023-10-29,2018-04-10,2019-04-10,10,Volkswagen,Golf,Sedan,theft_damage,side,severe,direct,comprehensive,False,False,False,13,199869,59,0,5,2010,23872.41,0.984,2387.24,3936.0,1.6488,False,,,scrapped_by_model,0.9998,1,1,0.9996,1,0.998,1
CLM006975,POL003170,2024-07-14,2024-06-25,2012-09-29,2013-09-29,19,Ford,Focus,Van,theft_damage,roof,severe,online,comprehensive,True,False,False,0,165295,40,0,5,2024,18565.24,0.784,18565.24,4704.0,0.2534,True,,,sent_to_garage,0.3634,0,0,0.0992,0,0.3118,0
CLM006980,POL003982,2024-12-04,2024-11-30,2013-06-13,2014-06-13,4,Nissan,Qashqai,Estate,flood,rear,minor,phone,comprehensive,False,True,True,15,25017,52,2,20,2009,28816.06,0.898,2881.61,404.1,0.1402,False,,,sent_to_garage,0.1219,0,1,0.8674,0,0.7829,0
CLM006981,POL006078,2024-02-18,2024-01-24,2018-08-10,2019-08-10,25,Ford,Mondeo,Estate,theft_damage,front,minor,online,comprehensive,True,False,False,18,14917,46,1,17,2006,21254.8,0.85,2125.48,425.0,0.2,False,,,sent_to_garage,0.165,0,0,0.0086,0,0.0708,0
CLM006984,POL004328,2022-12-31,2022-12-04,2015-04-28,2016-04-27,27,Volkswagen,Polo,Van,collision,roof,minor,app,third_party,True,True,True,2,35230,47,4,0,2020,16443.75,0.899,13812.75,539.4,0.0391,False,,,sent_to_garage,0.0168,0,0,0.0145,0,0.0372,0
CLM006986,POL003553,2023-05-30,2023-05-30,2013-10-13,2014-10-13,0,Ford,Focus,Van,theft_damage,front,minor,broker,comprehensive,False,False,True,4,100057,47,1,12,2019,18636.13,0.787,12672.57,393.5,0.0311,False,,,sent_to_garage,0.041,0,0,0.0478,0,0.1022,0
CLM006987,POL003376,2024-09-15,2024-09-13,2018-02-01,2019-02-01,2,Volkswagen,Passat,Estate,fire,front,moderate,phone,third_party,True,True,False,20,87576,47,1,8,2004,31492.74,1.063,3149.27,2126.0,0.6751,False,,,sent_to_garage,0.6451,0,1,0.877,0,0.7504,0
CLM006999,POL004878,2023-12-05,2023-11-27,2020-10-16,2021-10-16,8,Ford,Fiesta,Motorbike,fire,rear,severe,broker,third_party_fire_theft,False,True,True,2,115048,30,3,19,2021,11963.47,0.736,10049.31,3312.0,0.3296,False,,,sent_to_garage,0.3275,0,1,0.9208,0,0.6291,0
CLM007000,POL004191,2022-05-12,2022-04-25,2019-02-05,2020-02-05,17,Honda,Civic,Motorbike,vandalism,rear,moderate,online,comprehensive,False,False,True,9,32874,49,2,15,2013,22820.29,0.864,6389.68,1555.2,0.2434,False,,,sent_to_garage,0.1361,0,0,0.0429,0,0.0934,0
CLM007001,POL004197,2024-04-08,2024-03-30,2023-12-26,2024-12-25,9,Mercedes,GLC,Hatchback,fire,roof,moderate,broker,comprehensive,False,True,False,15,27520,46,0,17,2009,50093.65,2.006,5009.37,5015.0,1.0011,False,,,scrapped_by_model,0.9993,1,1,0.9994,1,0.9996,1
CLM007002,POL005091,2023-06-18,2023-06-07,2016-03-10,2017-03-10,11,BMW,5 Series,SUV,collision,rear,severe,direct,third_party_fire_theft,True,False,True,19,188687,44,1,19,2004,46546.09,1.946,4654.61,8757.0,1.8814,False,,,scrapped_by_model,1.0,1,1,0.9998,1,1.0,1
CLM007007,POL004583,2024-04-24,2024-04-20,2021-10-19,2022-10-19,4,Honda,Jazz,Estate,fire,multiple,moderate,app,comprehensive,False,True,True,3,101565,47,0,20,2021,16510.72,0.829,12548.15,2901.5,0.2312,False,,,sent_to_garage,0.3781,0,0,0.018,0,0.1591,0
CLM007016,POL006051,2023-01-14,2023-01-05,2015-05-12,2016-05-11,9,Vauxhall,Astra,SUV,theft_damage,roof,minor,direct,third_party,True,True,True,19,195844,31,2,5,2004,18405.33,0.759,1840.53,455.4,0.2474,False,,,sent_to_garage,0.3676,0,1,0.9589,0,0.814,0
CLM007020,POL003125,2023-05-14,2023-04-15,2021-08-06,2022-08-06,29,Ford,Kuga,Motorbike,flood,side,severe,phone,comprehensive,True,False,True,7,145871,46,0,16,2016,28913.62,0.921,12721.99,3684.0,0.2896,False,,,sent_to_garage,0.565,0,1,0.8959,0,0.7797,0
CLM007023,POL001905,2022-12-17,2022-12-02,2014-04-05,2015-04-05,15,Toyota,RAV4,SUV,theft_damage,roof,severe,online,third_party_fire_theft,True,True,True,13,12266,37,2,6,2009,31469.22,0.882,3146.92,5292.0,1.6816,False,,,sent_to_garage,0.9974,0,1,0.9995,1,0.9986,1
CLM007026,POL002949,2022-10-03,2022-09-03,2016-11-28,2017-11-28,30,Audi,A4,Hatchback,flood,multiple,minor,phone,third_party_fire_theft,False,False,True,1,25254,18,4,1,2021,36335.84,1.795,33428.97,1436.0,0.043,True,,,sent_to_garage,0.4671,0,1,0.9101,0,0.7802,0
CLM007032,POL001293,2023-08-27,2023-08-04,2012-01-02,2013-01-01,23,Honda,Civic,Van,collision,multiple,minor,broker,third_party,True,False,True,6,26374,40,1,12,2017,22722.8,0.891,11815.86,712.8,0.0603,False,,,sent_to_garage,0.2544,0,0,0.0925,0,0.2949,0
CLM007039,POL005009,2024-09-17,2024-08-29,2021-02-14,2022-02-14,19,Vauxhall,Mokka,Hatchback,collision,rear,moderate,direct,comprehensive,False,True,True,14,62663,53,1,14,2010,22789.76,0.82,2278.98,1476.0,0.6477,False,,,sent_to_garage,0.1975,0,0,0.1049,0,0.1829,0
CLM007043,POL000482,2023-09-30,2023-09-09,2014-08-14,2015-08-14,21,Mercedes,E-Class,SUV,fire,front,severe,broker,comprehensive,True,True,True,7,158635,72,0,14,2016,53716.1,2.057,23635.08,10285.0,0.4352,True,,,sent_to_garage,0.4253,0,1,0.9234,0,0.8873,0
CLM007044,POL001311,2023-07-09,2023-07-07,2018-05-25,2019-05-25,2,Volkswagen,Polo,Motorbike,collision,multiple,severe,online,third_party_fire_theft,True,True,True,15,99003,35,0,17,2008,16324.85,0.907,1632.48,7256.0,2.0,False,,,scrapped_by_model,0.9995,1,1,0.9992,1,0.9989,1
CLM007049,POL002880,2024-10-09,2024-10-03,2019-07-01,2020-06-30,6,Volkswagen,Passat,Van,flood,rear,moderate,online,third_party_fire_theft,False,True,False,19,144044,29,0,14,2005,30285.64,1.043,3028.56,1877.4,0.6199,False,,,sent_to_garage,0.7431,0,1,0.9265,0,0.792,0
CLM007051,POL006307,2023-07-03,2023-07-03,2017-09-12,2018-09-12,0,Ford,Fiesta,Van,flood,roof,moderate,online,third_party,False,True,True,14,34130,61,0,17,2009,11844.96,0.769,1184.5,1922.5,1.623,False,,,sent_to_garage,0.9913,0,0,0.1265,0,0.1416,0
CLM007054,POL002425,2022-08-15,2022-08-11,2021-04-15,2022-04-15,4,Ford,Focus,Sedan,theft_damage,side,minor,app,comprehensive,False,False,True,4,9778,58,2,14,2018,17486.25,0.796,11890.65,318.4,0.0268,False,,,sent_to_garage,0.069,0,0,0.0147,0,0.1173,0
CLM007059,POL003298,2023-10-06,2023-09-28,2020-03-23,2021-03-23,8,Audi,A3,Motorbike,flood,front,severe,direct,comprehensive,False,True,True,15,18221,43,0,1,2008,29714.56,1.777,2971.46,8885.0,2.0,False,,,scrapped_by_model,0.9998,1,1,0.9995,1,0.9997,1
CLM007062,POL000070,2023-01-25,2022-12-27,2019-08-15,2020-08-14,29,Nissan,Micra,SUV,fire,multiple,minor,broker,third_party,False,False,True,18,124073,22,1,15,2005,12489.51,0.78,1248.95,624.0,0.4996,False,,,sent_to_garage,0.1578,0,0,0.0837,0,0.1837,0
CLM007067,POL004064,2024-11-16,2024-10-31,2015-01-02,2016-01-02,16,Audi,A3,Motorbike,theft_damage,side,moderate,broker,third_party_fire_theft,True,False,True,7,149808,38,0,9,2017,30092.55,1.724,13240.72,2586.0,0.1953,False,,,sent_to_garage,0.4076,0,0,0.0796,0,0.2023,0
CLM007068,POL005624,2024-03-08,2024-02-11,2021-03-24,2022-03-24,26,Mercedes,GLC,Sedan,theft_damage,multiple,moderate,direct,comprehensive,False,True,True,6,105291,41,0,19,2018,46684.46,1.943,24275.92,6800.5,0.2801,True,,,sent_to_garage,0.2888,0,0,0.0304,0,0.2252,0
CLM007074,POL002992,2022-09-23,2022-09-14,2012-04-06,2013-04-06,9,BMW,5 Series,Hatchback,theft_damage,front,moderate,phone,third_party,False,True,True,8,8778,62,0,18,2014,44398.77,1.88,15983.56,3760.0,0.2352,False,,,sent_to_garage,0.1804,0,1,0.6874,0,0.3961,0
CLM007076,POL002608,2024-02-14,2024-01-20,2012-01-01,2012-12-31,25,Hyundai,i20,Van,collision,side,moderate,direct,third_party_fire_theft,False,True,True,18,91365,17,2,15,2006,15388.55,0.768,1538.86,1152.0,0.7486,False,,,sent_to_garage,0.3209,0,1,0.8795,0,0.6843,0
CLM007079,POL000653,2023-12-21,2023-12-21,2019-01-01,2020-01-01,0,Volkswagen,Polo,Hatchback,theft_damage,rear,severe,online,third_party,False,False,True,4,72293,19,0,17,2019,15398.19,0.875,10470.77,3937.5,0.376,False,,,sent_to_garage,0.1158,0,0,0.062,0,0.1315,0
CLM007080,POL005804,2024-02-11,2024-02-04,2020-10-31,2021-10-31,7,Toyota,Yaris,Van,vandalism,front,moderate,app,third_party_fire_theft,True,True,True,20,199759,38,1,8,2004,15234.4,0.778,1523.44,1556.0,1.0214,False,,,scrapped_by_model,0.9995,1,1,0.9992,1,0.9989,1
CLM007083,POL004489,2023-09-06,2023-08-30,2012-06-02,2013-06-02,7,Toyota,Corolla,Sedan,vandalism,side,minor,direct,comprehensive,False,False,True,18,15622,49,2,19,2005,22171.64,0.86,2217.16,344.0,0.1552,False,,,sent_to_garage,0.2645,0,0,0.1234,0,0.4635,0
CLM007084,POL001176,2024-10-18,2024-09-27,2015-09-29,2016-09-28,21,BMW,3 Series,Van,vandalism,roof,severe,online,comprehensive,False,True,False,15,171345,39,2,16,2009,34336.17,1.762,3433.62,10572.0,2.0,False,,,scrapped_by_model,0.9998,1,1,0.9998,1,0.9999,1
CLM007089,POL001023,2022-03-02,2022-03-01,2016-09-06,2017-09-06,1,Hyundai,Tucson,Sedan,fire,multiple,minor,online,comprehensive,False,False,True,9,48611,18,0,5,2013,27329.97,0.862,7652.39,689.6,0.0901,False,,,sent_to_garage,0.2386,0,1,0.9049,0,0.811,0
CLM007092,POL003240,2023-03-26,2023-03-07,2019-10-09,2020-10-08,19,Honda,CR-V,Estate,vandalism,rear,severe,app,third_party,True,True,True,11,118013,78,3,0,2012,29079.62,0.898,3489.55,4041.0,1.158,False,,,scrapped_by_model,0.9995,1,1,0.9722,0,0.9906,0
CLM007094,POL004343,2024-11-09,2024-11-06,2013-10-11,2014-10-11,3,Nissan,Qashqai,Estate,flood,front,minor,phone,third_party,True,True,True,10,111736,26,0,7,2014,26904.24,0.885,5380.85,442.5,0.0822,False,,,sent_to_garage,0.1113,0,0,0.0586,0,0.1693,0
CLM007095,POL003818,2024-11-19,2024-10-26,2021-02-01,2022-02-01,24,Toyota,Corolla,Sedan,theft_damage,roof,moderate,direct,comprehensive,False,False,True,19,133354,54,0,13,2005,22171.64,0.86,2217.16,2150.0,0.9697,False,,,scrapped_by_model,0.9998,1,1,0.9934,1,0.9976,1
CLM007101,POL001917,2024-04-28,2024-04-24,2018-03-08,2019-03-08,4,Vauxhall,Astra,SUV,fire,front,severe,online,comprehensive,True,True,True,7,124909,50,1,3,2017,18605.24,0.728,8186.31,3640.0,0.4446,False,,,sent_to_garage,0.6653,0,1,0.8663,0,0.7402,0
CLM007104,POL000352,2023-02-01,2023-01-22,2021-10-23,2022-10-23,10,BMW,X3,Hatchback,fire,front,severe,online,comprehensive,False,False,True,17,13447,37,0,9,2006,46259.56,1.901,4625.96,9505.0,2.0,False,,,scrapped_by_model,1.0,1,1,0.9987,1,0.9999,1
CLM007108,POL003209,2024-09-16,2024-08-26,2017-05-13,2018-05-13,21,Mercedes,A-Class,Estate,flood,roof,minor,online,comprehensive,False,True,True,12,107840,47,0,2,2012,30730.38,1.838,3073.04,1102.8,0.3589,False,,,sent_to_garage,0.0307,0,0,0.0412,0,0.0414,0
CLM007109,POL001906,2023-07-22,2023-07-22,2012-03-17,2013-03-17,0,Vauxhall,Astra,SUV,fire,multiple,moderate,broker,third_party,True,False,True,1,150601,41,0,11,2022,18406.39,0.753,16933.88,2635.5,0.1556,False,,,sent_to_garage,0.2822,0,1,0.8207,0,0.7079,0
CLM007110,POL000832,2024-05-06,2024-04-10,2019-09-09,2020-09-08,26,BMW,X5,Motorbike,flood,roof,moderate,broker,third_party,False,False,True,13,96948,33,1,18,2011,65573.68,2.022,6557.37,5055.0,0.7709,False,,,sent_to_garage,0.0814,0,0,0.046,0,0.0346,0
CLM007111,POL005847,2023-10-10,2023-09-18,2015-07-10,2016-07-09,22,Ford,Focus,Van,vandalism,side,severe,direct,comprehensive,False,False,True,9,102593,64,1,9,2014,18117.42,0.813,5072.88,3252.0,0.6411,False,,,sent_to_garage,0.4376,0,0,0.1319,0,0.1982,0
CLM007116,POL005062,2024-12-07,2024-11-30,2015-12-11,2016-12-10,7,Vauxhall,Mokka,Van,theft_damage,front,moderate,broker,comprehensive,True,True,False,5,108918,47,1,16,2019,22535.92,0.777,13521.55,1554.0,0.1149,False,,,sent_to_garage,0.0903,0,0,0.0944,0,0.1519,0
CLM007118,POL003897,2023-09-03,2023-08-25,2012-09-15,2013-09-15,9,Nissan,Juke,SUV,fire,multiple,severe,online,third_party_fire_theft,True,False,False,18,52580,44,1,14,2005,20789.38,0.838,2078.94,6704.0,2.0,False,,,scrapped_by_model,1.0,1,1,0.9999,1,0.9999,1
CLM007120,POL003681,2022-06-08,2022-05-16,2015-04-25,2016-04-24,23,Nissan,Leaf,SUV,vandalism,rear,minor,direct,third_party,False,True,True,7,94629,21,0,8,2015,31482.23,0.972,13852.18,437.4,0.0316,False,,,sent_to_garage,0.1393,0,0,0.0724,0,0.081,0
CLM007126,POL006811,2023-02-22,2023-02-13,2016-03-12,2017-03-12,9,Honda,HR-V,Sedan,fire,roof,severe,app,third_party,False,True,True,0,57420,42,0,1,2023,25635.68,0.917,25635.68,5502.0,0.2146,True,,,sent_to_garage,0.4949,0,0,0.0502,0,0.3966,0
CLM007130,POL001720,2022-01-06,2021-12-19,2020-09-17,2021-09-17,18,Vauxhall,Insignia,SUV,flood,roof,moderate,direct,comprehensive,False,True,False,0,122292,59,0,1,2022,24511.17,0.853,24511.17,2132.5,0.087,True,,,sent_to_garage,0.2943,0,0,0.217,0,0.0905,0
CLM007131,POL002545,2024-08-03,2024-07-09,2016-11-13,2017-11-13,25,Toyota,Camry,Sedan,collision,side,minor,online,third_party,True,True,True,18,81533,29,0,16,2006,29907.98,0.862,2990.8,344.8,0.1153,False,,,sent_to_garage,0.0297,0,1,0.7331,0,0.5121,0
CLM007132,POL003759,2022-08-26,2022-08-08,2012-03-11,2013-03-11,18,Vauxhall,Insignia,Estate,vandalism,side,minor,online,third_party_fire_theft,False,False,True,6,156903,27,2,10,2016,24988.77,0.83,12994.16,332.0,0.0255,False,,,sent_to_garage,0.3429,0,0,0.0314,0,0.0871,0
CLM007139,POL004017,2024-11-28,2024-11-08,2018-03-16,2019-03-16,20,Volkswagen,Polo,Estate,vandalism,roof,severe,online,third_party_fire_theft,False,True,False,10,25032,17,0,13,2014,16371.86,0.897,3274.37,5382.0,1.6437,False,,,scrapped_by_model,0.9998,1,1,0.9923,1,0.9971,1
CLM007140,POL000883,2023-11-03,2023-10-19,2014-02-04,2015-02-04,15,Nissan,Qashqai,Estate,collision,front,minor,online,third_party,False,False,True,5,90697,63,0,6,2018,27724.65,0.887,16634.79,443.5,0.0267,False,,,sent_to_garage,0.0859,0,0,0.0129,0,0.0676,0
CLM007146,POL004089,2024-08-18,2024-08-06,2021-08-25,2022-08-25,12,Volkswagen,Tiguan,Van,theft_damage,rear,severe,broker,comprehensive,True,True,True,4,122636,51,0,16,2020,34415.83,1.095,23402.76,4927.5,0.2106,True,,,sent_to_garage,0.6063,0,0,0.0475,0,0.3602,0
CLM007148,POL004313,2022-02-15,2022-01-25,2018-10-16,2019-10-16,21,Nissan,Qashqai,Estate,flood,rear,minor,broker,third_party_fire_theft,False,False,True,12,167142,64,2,16,2010,26827.23,0.874,2682.72,393.3,0.1466,False,,,sent_to_garage,0.4132,0,0,0.0353,0,0.181,0
CLM007151,POL003154,2023-10-28,2023-10-08,2020-09-24,2021-09-24,20,Volkswagen,Passat,Van,flood,side,moderate,online,comprehensive,True,False,True,4,40706,44,0,14,2019,28966.32,1.074,19697.1,1611.0,0.0818,True,,,sent_to_garage,0.1066,0,0,0.0404,0,0.075,0
CLM007152,POL004149,2023-06-18,2023-06-03,2021-07-31,2022-07-31,15,Honda,CR-V,Van,flood,multiple,minor,phone,comprehensive,True,False,True,15,7218,31,2,1,2008,29995.92,0.92,2999.59,736.0,0.2454,False,,,sent_to_garage,0.7283,0,0,0.1588,0,0.1495,0
CLM007153,POL006938,2023-06-15,2023-06-06,2014-08-23,2015-08-23,9,Volkswagen,Polo,Van,flood,side,severe,broker,comprehensive,False,False,True,13,130252,47,1,0,2010,15964.01,0.914,1596.4,3656.0,2.0,False,,,scrapped_by_model,0.9995,1,1,0.9979,1,0.9983,1
CLM007156,POL004203,2024-11-12,2024-11-10,2013-04-07,2014-04-07,2,Audi,A6,Sedan,fire,side,severe,online,third_party_fire_theft,False,True,False,19,40193,41,0,16,2005,48767.77,1.911,4876.78,7644.0,1.5674,False,,,scrapped_by_model,0.9997,1,1,0.9985,1,0.9998,1
CLM007157,POL004833,2024-12-11,2024-11-23,2013-08-29,2014-08-29,18,Ford,Transit,Estate,collision,front,severe,phone,comprehensive,False,True,True,6,11909,33,0,18,2018,30298.15,0.971,15755.04,4855.0,0.3082,False,,,sent_to_garage,0.142,0,0,0.0238,0,0.0859,0
CLM007158,POL005775,2023-09-19,2023-08-22,2015-07-10,2016-07-09,28,Vauxhall,Astra,Estate,flood,front,minor,online,comprehensive,False,False,True,17,90101,31,0,8,2006,18702.04,0.754,1870.2,377.0,0.2016,False,,,sent_to_garage,0.6688,0,0,0.1154,0,0.2025,0
CLM007165,POL005292,2024-07-20,2024-07-15,2016-09-29,2017-09-29,5,BMW,1 Series,SUV,vandalism,side,minor,app,comprehensive,True,False,True,19,118867,43,0,18,2005,27159.37,1.731,2715.94,692.4,0.2549,False,,,sent_to_garage,0.3121,0,1,0.8529,0,0.3298,0
CLM007169,POL003019,2022-05-06,2022-04-29,2013-05-18,2014-05-18,7,Volkswagen,Tiguan,Hatchback,flood,side,minor,online,comprehensive,False,False,False,11,76423,46,3,2,2011,34842.91,1.101,4181.15,440.4,0.1053,False,,,sent_to_garage,0.0612,0,0,0.0065,0,0.0278,0
CLM007171,POL002845,2024-07-08,2024-06-26,2017-07-19,2018-07-19,12,BMW,1 Series,Estate,vandalism,multiple,moderate,phone,third_party_fire_theft,False,True,False,11,175654,42,0,1,2013,28375.13,1.66,3405.02,5810.0,1.7063,False,,,scrapped_by_model,0.9994,1,1,0.9997,1,1.0,1
CLM007172,POL003080,2024-09-09,2024-08-31,2019-03-05,2020-03-04,9,Vauxhall,Corsa,Hatchback,flood,front,moderate,phone,comprehensive,False,True,False,19,15255,46,1,4,2005,12413.14,0.698,1241.31,1396.0,1.1246,False,,,scrapped_by_model,0.9994,1,1,0.9949,1,0.9968,1
CLM007176,POL000033,2023-01-20,2023-01-19,2018-08-08,2019-08-08,1,Toyota,RAV4,Motorbike,theft_damage,multiple,moderate,phone,comprehensive,False,True,False,5,3334,53,2,16,2018,31641.09,0.908,18984.65,3178.0,0.1674,True,,,sent_to_garage,0.0653,0,1,0.9051,0,0.7451,0
CLM007177,POL000653,2024-05-18,2024-04-29,2023-03-03,2024-03-02,19,Hyundai,i30,Sedan,collision,roof,severe,direct,comprehensive,True,False,True,8,142656,46,1,15,2016,20487.99,0.822,7375.68,4932.0,0.6687,False,,,sent_to_garage,0.4494,0,0,0.2221,0,0.3501,0
CLM007181,POL001462,2023-02-24,2023-02-12,2018-04-02,2019-04-02,12,Vauxhall,Astra,Estate,flood,roof,severe,broker,comprehensive,False,False,False,10,110656,67,2,9,2013,18684.68,0.752,3736.94,4512.0,1.2074,False,,,sent_to_garage,0.9984,0,1,0.9928,1,0.9994,1
CLM007187,POL001472,2024-01-23,2023-12-29,2023-02-14,2024-02-14,25,Nissan,Juke,Sedan,flood,roof,moderate,broker,comprehensive,False,True,True,0,124030,47,0,7,2024,19605.93,0.843,19605.93,2107.5,0.1075,True,,,sent_to_garage,0.3732,0,0,0.0262,0,0.2082,0
CLM007190,POL003721,2023-03-01,2023-02-28,2021-02-11,2022-02-11,1,Volkswagen,Passat,Hatchback,flood,roof,moderate,online,comprehensive,False,False,True,6,90948,40,1,11,2017,30460.32,1.037,15839.37,2592.5,0.1637,False,,,sent_to_garage,0.0722,0,0,0.0275,0,0.056,0
CLM007191,POL002974,2023-05-25,2023-05-17,2021-01-30,2022-01-30,8,Audi,A6,SUV,collision,roof,minor,direct,third_party,False,False,True,11,119254,27,1,15,2012,48767.98,1.877,5852.16,1126.2,0.1924,False,,,sent_to_garage,0.0251,0,0,0.0357,0,0.0229,0
CLM007193,POL003128,2024-12-22,2024-12-22,2024-06-18,2025-06-18,0,Nissan,Leaf,Van,flood,front,minor,broker,comprehensive,True,True,True,16,86586,54,0,14,2008,29205.77,0.987,2920.58,493.5,0.169,False,,,sent_to_garage,0.1033,0,0,0.0312,0,0.0809,0
CLM007196,POL005806,2023-06-01,2023-05-23,2017-02-09,2018-02-09,9,Volkswagen,Polo,Estate,vandalism,roof,moderate,online,third_party,False,False,True,10,180097,49,2,10,2013,16586.88,0.879,3317.38,2197.5,0.6624,False,,,sent_to_garage,0.0252,0,0,0.0182,0,0.0499,0
CLM007201,POL002114,2024-09-23,2024-09-11,2012-11-14,2013-11-14,12,Toyota,Camry,Sedan,theft_damage,front,severe,app,comprehensive,False,False,True,0,156633,41,2,15,2024,29032.52,0.871,29032.52,4355.0,0.15,True,,,sent_to_garage,0.718,0,1,0.8601,0,0.8887,0
CLM007205,POL003425,2024-09-14,2024-09-07,2016-06-26,2017-06-26,7,BMW,1 Series,Sedan,theft_damage,roof,moderate,app,comprehensive,True,False,True,0,183520,67,0,2,2024,28425.41,1.737,28425.41,4342.5,0.1528,True,,,sent_to_garage,0.398,0,0,0.0284,0,0.1933,0
CLM007211,POL002904,2023-01-08,2022-12-24,2014-05-24,2015-05-24,15,Nissan,Juke,Hatchback,fire,front,moderate,direct,comprehensive,True,False,True,0,198047,59,1,6,2023,19261.78,0.847,19261.78,1694.0,0.0879,True,,,sent_to_garage,0.8213,0,1,0.9318,0,0.8879,0
CLM007215,POL004604,2022-01-19,2022-01-03,2014-02-24,2015-02-24,16,BMW,1 Series,SUV,flood,front,moderate,phone,third_party,False,True,True,14,197171,38,0,16,2008,29197.18,1.69,2919.72,3380.0,1.1576,False,,,scrapped_by_model,0.9995,1,1,0.9992,1,0.9997,1
CLM007216,POL000386,2024-09-20,2024-08-29,2015-08-14,2016-08-13,22,Mercedes,E-Class,Sedan,theft_damage,rear,minor,app,comprehensive,False,False,False,15,20894,34,0,4,2009,52181.47,2.05,5218.15,922.5,0.1768,False,,,sent_to_garage,0.1154,0,0,0.0187,0,0.0743,0
CLM007217,POL003902,2024-04-22,2024-04-19,2020-06-09,2021-06-09,3,Toyota,Yaris,Estate,collision,rear,moderate,phone,comprehensive,False,False,True,1,119373,44,0,4,2023,15426.12,0.807,14192.03,1452.6,0.1024,False,,,sent_to_garage,0.0679,0,0,0.1843,0,0.0192,0
CLM007221,POL001208,2023-12-30,2023-12-04,2017-02-02,2018-02-02,26,Audi,Q5,Estate,fire,roof,moderate,online,third_party_fire_theft,True,True,False,16,119260,43,0,6,2007,46622.56,1.813,4662.26,4532.5,0.9722,False,,,scrapped_by_model,0.9994,1,1,0.9987,1,0.9963,1
CLM007222,POL001119,2024-04-11,2024-03-24,2023-05-26,2024-05-25,18,Ford,Kuga,Van,theft_damage,roof,moderate,direct,comprehensive,False,False,True,6,177943,26,1,15,2018,26904.01,0.909,13990.09,2272.5,0.1624,False,,,sent_to_garage,0.1588,0,1,0.6158,0,0.495,0
CLM007228,POL001803,2022-04-06,2022-03-10,2020-09-05,2021-09-05,27,Volkswagen,Tiguan,Hatchback,theft_damage,multiple,minor,broker,third_party_fire_theft,False,False,True,7,112511,57,0,10,2015,33974.57,1.087,14948.81,869.6,0.0582,False,,,sent_to_garage,0.1958,0,0,0.0324,0,0.0509,0
CLM007229,POL001084,2024-10-31,2024-10-26,2017-11-27,2018-11-27,5,Hyundai,i20,Hatchback,fire,rear,minor,app,comprehensive,False,True,True,20,90306,72,2,20,2004,16391.63,0.795,1639.16,357.75,0.2183,False,,,sent_to_garage,0.2911,0,1,0.7982,0,0.7072,0
CLM007230,POL006498,2023-11-04,2023-10-18,2022-03-19,2023-03-19,17,Hyundai,i30,Motorbike,vandalism,roof,minor,phone,comprehensive,True,True,True,8,72967,76,1,1,2015,20420.03,0.827,7351.21,496.2,0.0675,False,,,sent_to_garage,0.0546,0,0,0.0193,0,0.0884,0
CLM007233,POL001112,2023-05-01,2023-04-21,2018-10-27,2019-10-27,10,Nissan,Qashqai,Van,flood,multiple,severe,broker,comprehensive,False,False,True,0,25761,27,0,14,2023,29258.02,0.895,29258.02,7160.0,0.2447,True,,,sent_to_garage,0.32,0,1,0.8619,0,0.9008,0
CLM007236,POL004416,2024-12-10,2024-11-22,2023-05-12,2024-05-11,18,Ford,Fiesta,SUV,fire,side,moderate,direct,comprehensive,False,False,True,12,34115,70,0,3,2012,12065.5,0.73,1206.55,1095.0,0.9075,False,,,scrapped_by_model,0.999,1,1,0.9663,0,0.9672,0
CLM007239,POL002723,2024-10-10,2024-10-01,2012-07-02,2013-07-02,9,Ford,Fiesta,Van,vandalism,roof,minor,online,comprehensive,False,False,False,5,176318,60,1,15,2019,12293.71,0.771,7376.23,462.6,0.0627,False,,,sent_to_garage,0.2094,0,0,0.076,0,0.1247,0
CLM007240,POL004780,2022-05-16,2022-04-21,2019-09-06,2020-09-05,25,BMW,5 Series,Estate,collision,front,minor,broker,comprehensive,False,False,True,4,23189,34,2,20,2018,44227.63,1.904,30074.79,952.0,0.0317,True,,,sent_to_garage,0.0601,0,0,0.005,0,0.0285,0
CLM007245,POL002629,2024-08-24,2024-08-18,2018-03-13,2019-03-13,6,Ford,Transit,Van,collision,roof,minor,online,third_party,True,False,False,14,93115,37,0,13,2010,31172.38,0.972,3117.24,583.2,0.1871,False,,,sent_to_garage,0.1393,0,0,0.0293,0,0.1273,0
CLM007246,POL006467,2023-01-27,2023-01-27,2015-01-24,2016-01-24,0,Vauxhall,Mokka,Sedan,collision,roof,severe,direct,third_party_fire_theft,False,True,True,7,189140,20,0,17,2016,21130.15,0.819,9297.27,4914.0,0.5285,False,,,sent_to_garage,0.2407,0,0,0.1702,0,0.0805,0
CLM007248,POL001113,2024-12-06,2024-11-18,2018-08-12,2019-08-12,18,Ford,Fiesta,Estate,theft_damage,roof,minor,online,comprehensive,False,False,True,6,169618,22,0,6,2018,11585.15,0.758,6024.28,454.8,0.0755,False,,,sent_to_garage,0.3871,0,0,0.0386,0,0.0789,0
CLM007249,POL004443,2024-08-29,2024-08-08,2018-09-03,2019-09-03,21,Vauxhall,Insignia,Sedan,theft_damage,rear,minor,broker,third_party,False,False,True,19,132255,47,0,18,2005,24241.86,0.844,2424.19,379.8,0.1567,False,,,sent_to_garage,0.4783,0,0,0.025,0,0.0818,0
CLM007253,POL004819,2023-11-27,2023-11-13,2015-05-15,2016-05-14,14,BMW,1 Series,Estate,flood,rear,minor,phone,comprehensive,False,False,False,2,76752,41,0,0,2021,28296.84,1.738,23769.35,782.1,0.0329,True,,,sent_to_garage,0.3819,0,0,0.0114,0,0.0714,0
CLM007254,POL003450,2022-06-14,2022-06-01,2012-02-19,2013-02-18,13,Vauxhall,Mokka,Sedan,fire,rear,moderate,broker,third_party_fire_theft,False,True,True,13,164611,52,2,12,2009,21292.57,0.786,2129.26,1414.8,0.6645,False,,,sent_to_garage,0.2151,0,0,0.0678,0,0.2404,0
CLM007258,POL005128,2024-01-13,2024-01-08,2015-12-01,2016-11-30,5,Toyota,Corolla,SUV,flood,roof,minor,direct,third_party_fire_theft,True,False,True,12,89491,31,3,6,2012,22296.18,0.846,2229.62,507.6,0.2277,False,,,sent_to_garage,0.1043,0,0,0.0407,0,0.1787,0
CLM007261,POL004992,2024-10-26,2024-09-29,2014-02-09,2015-02-09,27,Nissan,Leaf,Motorbike,theft_damage,rear,moderate,broker,comprehensive,True,False,True,9,190821,44,1,13,2015,31482.23,0.972,8815.02,1749.6,0.1985,False,,,sent_to_garage,0.1258,0,0,0.0492,0,0.1848,0
CLM007264,POL000127,2023-09-09,2023-08-18,2020-05-21,2021-05-21,22,Honda,Jazz,Sedan,fire,rear,moderate,app,third_party_fire_theft,True,True,True,11,59294,47,0,0,2012,15430.25,0.869,1851.63,1564.2,0.8448,False,,,sent_to_garage,0.7907,0,0,0.1121,0,0.0776,0
CLM007266,POL000309,2024-06-26,2024-06-04,2024-05-26,2025-05-26,22,Toyota,RAV4,Hatchback,theft_damage,multiple,severe,online,comprehensive,False,False,False,3,6508,48,2,12,2021,30930.9,0.918,23507.48,7344.0,0.3124,True,,,sent_to_garage,0.8968,0,1,0.894,0,0.9512,0
CLM007267,POL001810,2023-09-20,2023-09-16,2019-12-08,2020-12-07,4,Vauxhall,Insignia,Van,theft_damage,multiple,minor,online,third_party_fire_theft,False,False,True,1,114738,35,5,14,2022,24511.17,0.853,22550.28,682.4,0.0303,True,,,sent_to_garage,0.3966,0,0,0.1111,0,0.1025,0
CLM007270,POL002021,2022-10-06,2022-09-09,2014-11-11,2015-11-11,27,Mercedes,GLC,Estate,flood,multiple,moderate,app,comprehensive,False,False,True,5,68363,24,1,16,2017,47269.92,1.902,28361.95,6657.0,0.2347,True,,,sent_to_garage,0.0623,0,0,0.0401,0,0.1002,0
CLM007278,POL003709,2023-09-11,2023-08-24,2018-10-28,2019-10-28,18,BMW,1 Series,Van,flood,front,severe,phone,comprehensive,False,False,False,7,29583,77,1,15,2016,29212.47,1.731,12853.49,8655.0,0.6734,False,,,sent_to_garage,0.7465,0,0,0.1402,0,0.1543,0
CLM007284,POL000750,2022-08-26,2022-08-24,2022-06-08,2023-06-08,2,BMW,5 Series,Sedan,collision,roof,severe,direct,third_party,False,False,True,18,107641,17,0,3,2004,46546.09,1.946,4654.61,11676.0,2.0,False,,,scrapped_by_model,0.9999,1,1,0.9996,1,0.9997,1
CLM007292,POL001509,2023-02-24,2023-02-12,2016-06-22,2017-06-22,12,Toyota,Camry,SUV,fire,side,moderate,phone,comprehensive,False,False,False,9,69588,50,1,16,2014,30788.71,0.857,8620.84,1285.5,0.1491,False,,,sent_to_garage,0.1764,0,0,0.0689,0,0.2747,0
CLM007293,POL004681,2024-04-01,2024-03-27,2015-04-14,2016-04-13,5,Ford,Transit,Estate,flood,front,minor,online,third_party,False,False,False,11,198166,41,0,12,2013,29620.97,0.927,3554.52,463.5,0.1304,False,,,sent_to_garage,0.1205,0,1,0.9478,0,0.8636,0
CLM007295,POL003649,2022-10-29,2022-10-04,2018-07-13,2019-07-13,25,Vauxhall,Insignia,Van,collision,side,moderate,direct,comprehensive,True,True,False,19,35446,45,0,9,2003,,,,,,False,,,sent_to_garage,0.1853,0,0,0.1621,0,0.2722,0
CLM007296,POL006397,2022-11-06,2022-10-10,2022-08-10,2023-08-10,27,Vauxhall,Mokka,Hatchback,theft_damage,multiple,minor,online,third_party_fire_theft,True,True,False,0,61773,36,1,10,2022,21768.19,0.791,21768.19,632.8,0.0291,True,,,sent_to_garage,0.5828,0,0,0.06,0,0.17,0
CLM007297,POL003880,2023-11-24,2023-11-14,2021-10-30,2022-10-30,10,Ford,Mondeo,Sedan,theft_damage,multiple,moderate,online,comprehensive,False,True,True,10,81475,31,2,17,2013,21484.91,0.874,4296.98,3059.0,0.7119,False,,,sent_to_garage,0.3866,0,0,0.115,0,0.2301,0
CLM007299,POL005127,2024-12-21,2024-12-20,2013-12-02,2014-12-02,1,Vauxhall,Mokka,Estate,flood,roof,moderate,online,comprehensive,True,False,False,18,154814,28,0,17,2006,21106.96,0.819,2110.7,2047.5,0.9701,False,,,scrapped_by_model,0.9996,1,1,0.9964,1,0.9986,1
CLM007302,POL003726,2023-03-05,2023-02-13,2012-02-03,2013-02-02,20,Nissan,Qashqai,Sedan,theft_damage,side,moderate,phone,comprehensive,True,True,False,11,41982,55,2,9,2012,27740.61,0.904,3328.87,1356.0,0.4073,False,,,sent_to_garage,0.0863,0,0,0.0338,0,0.1028,0
CLM007309,POL000714,2023-01-04,2022-12-07,2017-04-14,2018-04-14,28,Audi,Q3,Motorbike,fire,multiple,moderate,direct,third_party_fire_theft,False,True,False,0,140882,24,2,16,2023,34932.13,1.745,34932.13,6107.5,0.1748,True,,,sent_to_garage,0.5483,0,0,0.0896,0,0.23,0
CLM007314,POL003490,2024-08-01,2024-07-07,2020-12-29,2021-12-29,25,Nissan,Micra,Motorbike,collision,multiple,minor,app,third_party_fire_theft,False,False,True,1,171920,50,1,14,2023,12630.14,0.791,11619.73,632.8,0.0545,False,,,sent_to_garage,0.102,0,1,0.9148,0,0.728,0
CLM007317,POL004910,2024-08-31,2024-08-26,2021-06-14,2022-06-14,5,Toyota,Camry,Sedan,theft_damage,roof,minor,online,third_party_fire_theft,True,True,False,11,169723,35,0,11,2013,30447.45,0.889,3653.69,533.4,0.146,False,,,sent_to_garage,0.358,0,0,0.087,0,0.1628,0
CLM007321,POL000269,2024-06-07,2024-06-03,2016-09-12,2017-09-12,4,Audi,A4,SUV,theft_damage,front,moderate,online,third_party,False,True,True,6,188418,50,0,14,2018,39610.38,1.793,20597.4,3586.0,0.1741,True,,,sent_to_garage,0.1878,0,0,0.0155,0,0.133,0
CLM007325,POL004127,2024-09-18,2024-09-10,2020-09-29,2021-09-29,8,Vauxhall,Insignia,Van,flood,rear,moderate,app,third_party,False,False,True,10,22210,23,0,18,2014,23862.93,0.849,4772.59,1528.2,0.3202,False,,,sent_to_garage,0.1014,0,0,0.0447,0,0.0493,0
CLM007326,POL001973,2024-05-21,2024-05-05,2020-06-21,2021-06-21,16,Audi,Q3,Sedan,flood,rear,minor,app,comprehensive,False,True,False,2,199224,46,0,19,2022,35926.34,1.778,30178.13,800.1,0.0265,True,,,sent_to_garage,0.1279,0,0,0.0445,0,0.1027,0
CLM007329,POL001563,2024-11-16,2024-10-24,2022-07-31,2023-07-31,23,Nissan,Qashqai,Van,flood,multiple,moderate,direct,third_party_fire_theft,True,True,True,13,145714,26,0,2,2011,27936.16,0.9,2793.62,3150.0,1.1276,False,,,scrapped_by_model,0.9989,1,1,0.9994,1,0.9996,1
CLM007330,POL002408,2023-01-14,2023-01-03,2012-05-18,2013-05-18,11,Mercedes,A-Class,Estate,flood,side,moderate,phone,comprehensive,True,False,True,19,165784,17,0,16,2004,30766.62,1.774,3076.66,2661.0,0.8649,False,,,sent_to_garage,0.9961,0,1,0.9803,0,0.9821,0
CLM007333,POL002040,2022-11-12,2022-10-17,2012-02-02,2013-02-01,26,Honda,Civic,Motorbike,fire,front,severe,app,comprehensive,True,True,True,1,199301,44,1,6,2021,22567.4,0.897,20762.01,4485.0,0.216,True,,,sent_to_garage,0.6966,0,1,0.9498,0,0.8552,0
CLM007336,POL005092,2024-05-04,2024-04-08,2020-09-08,2021-09-08,26,Audi,Q3,Motorbike,flood,roof,minor,direct,comprehensive,True,True,True,12,26497,20,0,20,2012,34648.87,1.769,3464.89,1061.4,0.3063,False,,,sent_to_garage,0.0581,0,0,0.0042,0,0.0393,0
CLM007340,POL005093,2022-05-26,2022-05-09,2015-02-14,2016-02-14,17,Vauxhall,Mokka,Van,vandalism,multiple,minor,app,comprehensive,False,True,False,20,77972,39,1,3,2002,,,,,,False,,,sent_to_garage,0.6635,0,1,0.8479,0,0.6508,0
CLM007342,POL001610,2023-11-19,2023-10-21,2014-08-17,2015-08-17,29,BMW,5 Series,Sedan,vandalism,multiple,severe,app,third_party_fire_theft,True,True,True,14,17519,28,0,17,2009,46609.07,1.896,4660.91,15168.0,2.0,False,,,scrapped_by_model,0.9997,1,1,0.9983,1,0.9997,1
CLM007344,POL000308,2024-04-29,2024-04-09,2013-02-09,2014-02-09,20,Vauxhall,Insignia,Motorbike,collision,multiple,minor,online,third_party,False,True,True,0,47152,56,1,2,2024,25291.89,0.852,25291.89,681.6,0.0269,True,,,sent_to_garage,0.0961,0,0,0.1419,0,0.1349,0
CLM007351,POL000209,2023-10-24,2023-10-01,2023-08-16,2024-08-15,23,Nissan,Micra,Van,collision,side,severe,app,third_party_fire_theft,False,True,True,6,64975,17,1,2,2017,13463.1,0.786,7000.81,3144.0,0.4491,False,,,sent_to_garage,0.3831,0,0,0.0141,0,0.2938,0
CLM007352,POL000891,2024-12-16,2024-12-16,2020-09-21,2021-09-21,0,Hyundai,i20,SUV,flood,side,moderate,direct,third_party_fire_theft,False,True,False,15,59729,59,0,20,2009,16459.03,0.799,1645.9,1198.5,0.7282,False,,,sent_to_garage,0.0658,0,1,0.794,0,0.68,0
CLM007353,POL005742,2022-02-07,2022-02-05,2018-05-22,2019-05-22,2,Mercedes,GLC,Estate,flood,rear,moderate,online,comprehensive,False,False,True,9,71187,19,0,6,2013,49979.75,1.954,13994.33,3517.2,0.2513,False,,,sent_to_garage,0.08,0,0,0.0316,0,0.0869,0
CLM007359,POL001560,2023-06-13,2023-05-18,2014-06-04,2015-06-04,26,Hyundai,i20,Motorbike,fire,front,minor,phone,third_party_fire_theft,False,True,True,11,154291,23,2,19,2012,15501.65,0.794,1860.2,397.0,0.2134,False,,,sent_to_garage,0.6339,0,0,0.027,0,0.3515,0
CLM007368,POL004425,2022-07-01,2022-06-16,2015-12-17,2016-12-16,15,Toyota,Yaris,SUV,theft_damage,roof,severe,broker,third_party,False,True,True,20,65388,65,3,16,2002,,,,,,False,,,sent_to_garage,0.9972,0,1,0.8482,0,0.8943,0
CLM007371,POL001684,2024-10-04,2024-09-13,2021-01-10,2022-01-10,21,Vauxhall,Corsa,SUV,vandalism,rear,moderate,app,comprehensive,False,True,True,0,116782,41,1,13,2024,12374.74,0.686,12374.74,1234.8,0.0998,False,,,sent_to_garage,0.0465,0,0,0.0705,0,0.1056,0
CLM007373,POL003028,2024-11-19,2024-10-22,2019-07-23,2020-07-22,28,Ford,Focus,Van,fire,multiple,minor,online,comprehensive,False,True,True,5,5458,32,1,15,2019,18636.13,0.787,11181.68,629.6,0.0563,False,,,sent_to_garage,0.1507,0,1,0.8154,0,0.7657,0
CLM007375,POL003097,2022-07-08,2022-07-06,2012-09-05,2013-09-05,2,Ford,Focus,Van,collision,roof,moderate,phone,comprehensive,False,False,False,2,192377,37,2,18,2020,17204.94,0.79,14452.15,1975.0,0.1367,False,,,sent_to_garage,0.1857,0,0,0.0344,0,0.1038,0
CLM007381,POL002012,2024-01-18,2023-12-19,2018-08-03,2019-08-03,30,Audi,A4,Estate,vandalism,roof,severe,direct,comprehensive,False,False,False,10,71547,25,1,3,2014,37397.27,1.751,7479.45,10506.0,1.4046,False,,,scrapped_by_model,0.9993,1,1,0.9953,1,0.9987,1
CLM007384,POL000355,2022-03-12,2022-03-02,2019-06-25,2020-06-24,10,Volkswagen,Golf,Sedan,collision,rear,severe,direct,comprehensive,True,True,True,3,9944,27,2,12,2019,24437.06,1.023,18572.17,4603.5,0.2479,True,,,sent_to_garage,0.1504,0,0,0.063,0,0.1035,0
CLM007389,POL000195,2024-10-19,2024-10-04,2024-04-03,2025-04-03,15,Vauxhall,Corsa,Hatchback,theft_damage,roof,minor,direct,comprehensive,True,True,True,2,59540,70,1,7,2022,12762.93,0.682,10720.86,409.2,0.0382,False,,,sent_to_garage,0.04,0,0,0.0489,0,0.0219,0
CLM007402,POL001439,2023-11-01,2023-10-15,2015-10-08,2016-10-07,17,BMW,X3,Hatchback,collision,side,severe,online,comprehensive,False,False,False,14,39034,32,0,12,2009,50140.93,1.823,5014.09,7292.0,1.4543,False,,,scrapped_by_model,0.9989,1,1,0.9991,1,0.9975,1
CLM007409,POL003327,2023-02-14,2023-01-31,2013-04-09,2014-04-09,14,Audi,A3,SUV,collision,front,minor,online,third_party,False,False,True,11,185083,55,2,8,2012,29293.62,1.786,3515.23,893.0,0.254,False,,,sent_to_garage,0.0637,0,0,0.0166,0,0.0495,0
CLM007412,POL004164,2022-12-16,2022-12-03,2020-07-29,2021-07-29,13,Mercedes,A-Class,Sedan,flood,roof,minor,online,comprehensive,False,False,True,2,119334,42,0,8,2020,31390.74,1.838,26368.22,1102.8,0.0418,True,,,sent_to_garage,0.1711,0,0,0.0816,0,0.0492,0
CLM007417,POL001164,2024-07-22,2024-07-10,2019-01-08,2020-01-08,12,Mercedes,A-Class,Motorbike,fire,front,minor,broker,comprehensive,False,False,True,7,190815,33,0,7,2017,29311.03,1.763,12896.85,881.5,0.0684,False,,,sent_to_garage,0.2894,0,0,0.0603,0,0.0527,0
CLM007418,POL004956,2024-06-29,2024-06-02,2022-08-09,2023-08-09,27,Toyota,Yaris,Estate,flood,front,moderate,online,comprehensive,True,False,False,6,127205,35,1,20,2018,14331.75,0.806,7452.51,1612.0,0.2163,False,,,sent_to_garage,0.1634,0,0,0.0236,0,0.1412,0
CLM007421,POL000597,2022-09-24,2022-09-11,2015-07-21,2016-07-20,13,Toyota,Corolla,Sedan,flood,roof,minor,app,comprehensive,True,False,False,11,193903,17,2,12,2011,21841.39,0.856,2620.97,513.6,0.196,False,,,sent_to_garage,0.5346,0,0,0.0253,0,0.1034,0
CLM007423,POL001597,2023-07-17,2023-07-02,2016-06-17,2017-06-17,15,Ford,Focus,Estate,theft_damage,front,minor,app,third_party,False,True,True,13,155015,40,0,12,2010,18369.3,0.813,1836.93,406.5,0.2213,False,,,sent_to_garage,0.8962,0,0,0.0707,0,0.3589,0
CLM007426,POL001055,2024-10-25,2024-10-24,2019-11-30,2020-11-29,1,Honda,Civic,Estate,fire,rear,moderate,app,comprehensive,False,True,True,16,107246,43,0,5,2008,21285.76,0.897,2128.58,1614.6,0.7585,False,,,sent_to_garage,0.1439,0,0,0.2086,0,0.349,0
CLM007435,POL000055,2024-04-15,2024-03-30,2023-06-07,2024-06-06,16,Honda,Jazz,Van,flood,roof,minor,broker,comprehensive,False,False,True,5,129595,61,2,0,2019,15434.98,0.868,9260.99,520.8,0.0562,False,,,sent_to_garage,0.133,0,0,0.0325,0,0.0856,0
CLM007446,POL003693,2022-02-18,2022-01-24,2015-01-20,2016-01-20,25,Vauxhall,Insignia,Sedan,vandalism,front,severe,app,third_party,False,False,True,8,82599,32,0,1,2014,23862.93,0.849,8590.65,4245.0,0.4941,False,,,sent_to_garage,0.4547,0,0,0.1312,0,0.1241,0
CLM007448,POL002087,2022-09-23,2022-08-28,2017-08-04,2018-08-04,26,Hyundai,i10,Van,collision,roof,severe,phone,comprehensive,False,False,True,2,31717,50,0,0,2020,11766.96,0.755,9884.25,4530.0,0.4583,False,,,sent_to_garage,0.3346,0,0,0.0658,0,0.1745,0
CLM007450,POL002763,2023-08-19,2023-08-17,2023-02-22,2024-02-22,2,BMW,5 Series,Estate,flood,front,moderate,broker,third_party,True,True,False,20,122904,44,1,2,2003,,,,,,False,,,sent_to_garage,0.1272,0,1,0.8801,0,0.5924,0
CLM007452,POL001774,2024-12-06,2024-11-15,2014-08-08,2015-08-08,21,Audi,A4,Van,flood,rear,minor,direct,third_party_fire_theft,False,True,True,7,57581,28,1,0,2017,39115.81,1.769,17210.96,796.05,0.0463,False,,,sent_to_garage,0.0387,0,0,0.017,0,0.0333,0
CLM007453,POL002363,2023-11-05,2023-10-16,2012-04-03,2013-04-03,20,Volkswagen,Passat,Estate,vandalism,rear,moderate,online,third_party_fire_theft,True,True,True,10,109934,31,0,18,2013,29353.62,1.075,5870.72,1935.0,0.3296,False,,,sent_to_garage,0.1266,0,0,0.0237,0,0.0861,0
CLM007455,POL005802,2023-01-26,2022-12-27,2022-11-02,2023-11-02,30,Audi,A3,SUV,theft_damage,side,minor,broker,comprehensive,False,True,False,0,88611,51,0,4,2023,28895.26,1.711,28895.26,684.4,0.0237,True,,,sent_to_garage,0.0665,0,0,0.0506,0,0.0481,0
CLM007456,POL003041,2022-01-13,2022-01-07,2012-08-21,2013-08-21,6,Volkswagen,Golf,Sedan,theft_damage,multiple,moderate,online,comprehensive,False,True,True,14,197301,31,0,15,2008,25684.3,1.022,2568.43,3577.0,1.3927,False,,,scrapped_by_model,0.9995,1,1,0.9998,1,0.9996,1
CLM007457,POL004129,2022-12-17,2022-12-04,2022-12-01,2023-12-01,13,Nissan,Juke,Van,flood,side,moderate,broker,third_party_fire_theft,True,True,True,5,61927,30,3,12,2017,20630.15,0.847,12378.09,1270.5,0.1026,False,,,sent_to_garage,0.1441,0,0,0.0261,0,0.0627,0
CLM007460,POL003688,2024-02-23,2024-02-03,2012-11-03,2013-11-03,20,Audi,Q5,Sedan,fire,multiple,moderate,direct,comprehensive,False,False,False,0,178456,49,0,4,2024,43178.4,1.875,43178.4,6562.5,0.152,True,,,sent_to_garage,0.4468,0,1,0.9167,0,0.8289,0
CLM007461,POL002723,2023-01-12,2023-01-11,2021-11-01,2022-11-01,1,Honda,HR-V,SUV,theft_damage,rear,severe,app,comprehensive,False,True,False,20,152380,33,0,6,2003,,,,,,False,,,sent_to_garage,0.994,0,1,0.967,0,0.9514,0
CLM007468,POL001018,2022-10-27,2022-09-29,2017-01-05,2018-01-05,28,Volkswagen,Golf,Van,collision,side,moderate,direct,comprehensive,False,False,True,1,146697,67,2,3,2021,24604.82,1.013,22636.43,1519.5,0.0671,True,,,sent_to_garage,0.2331,0,1,0.894,0,0.6488,0
CLM007470,POL003378,2023-07-02,2023-06-04,2016-08-28,2017-08-28,28,Mercedes,C-Class,Sedan,theft_damage,roof,severe,online,third_party,True,False,True,16,57842,51,1,12,2007,41179.0,1.938,4117.9,11628.0,2.0,False,,,scrapped_by_model,0.9999,1,1,0.9981,1,0.9992,1
CLM007472,POL004597,2023-04-09,2023-04-09,2019-10-20,2020-10-19,0,Toyota,RAV4,Motorbike,theft_damage,front,moderate,broker,comprehensive,True,False,True,18,72560,46,1,1,2005,31406.24,0.918,3140.62,1836.0,0.5846,False,,,sent_to_garage,0.1563,0,0,0.0318,0,0.1311,0
CLM007473,POL001996,2022-02-01,2022-01-19,2020-01-09,2021-01-08,13,Honda,Jazz,Motorbike,flood,rear,moderate,direct,comprehensive,False,True,False,13,183663,26,2,17,2009,15866.67,0.841,1586.67,1513.8,0.9541,False,,,sent_to_garage,0.9986,0,1,0.9385,0,0.9949,0
CLM007478,POL001551,2024-07-04,2024-06-25,2012-10-31,2013-10-31,9,Nissan,Leaf,SUV,vandalism,front,severe,online,comprehensive,False,True,True,8,19010,60,0,6,2016,29123.99,1.001,10484.64,5005.0,0.4774,False,,,sent_to_garage,0.3085,0,0,0.2029,0,0.4907,0
CLM007481,POL002840,2024-11-25,2024-11-04,2024-04-01,2025-04-01,21,Mercedes,A-Class,Sedan,theft_damage,multiple,moderate,direct,comprehensive,False,False,True,15,104864,51,1,12,2009,30236.93,1.746,3023.69,6111.0,2.0,False,,,scrapped_by_model,0.9999,1,1,0.9995,1,0.9998,1
CLM007487,POL001493,2024-02-17,2024-02-09,2022-09-19,2023-09-19,8,Vauxhall,Mokka,SUV,fire,front,severe,broker,third_party,True,True,True,18,88504,52,0,14,2006,21106.96,0.819,2110.7,4095.0,1.9401,False,,,scrapped_by_model,0.9999,1,1,0.9997,1,0.9999,1
CLM007488,POL000111,2022-06-01,2022-05-03,2013-07-15,2014-07-15,29,Toyota,Camry,Sedan,collision,rear,moderate,direct,third_party_fire_theft,False,True,True,4,37885,17,0,12,2018,31056.05,0.88,21118.11,1584.0,0.075,True,,,sent_to_garage,0.0137,0,0,0.0279,0,0.0447,0
CLM007489,POL000908,2023-08-24,2023-07-29,2013-09-14,2014-09-14,26,Volkswagen,Golf,Van,vandalism,side,severe,broker,comprehensive,False,False,True,11,11378,33,0,10,2012,23761.25,1.001,2851.35,4004.0,1.4042,False,,,sent_to_garage,0.998,0,1,0.9955,1,0.9997,1
CLM007491,POL005617,2022-12-17,2022-12-04,2014-10-08,2015-10-08,13,Audi,Q3,Sedan,fire,roof,moderate,phone,comprehensive,True,False,True,4,82744,64,0,19,2018,35462.71,1.733,24114.64,4332.5,0.1797,True,,,sent_to_garage,0.2597,0,0,0.1659,0,0.3346,0
CLM007492,POL006999,2023-11-17,2023-10-20,2019-12-09,2020-12-08,28,Ford,Kuga,Van,collision,front,minor,phone,comprehensive,False,True,True,8,24995,19,1,0,2015,27828.95,0.874,10018.42,437.0,0.0436,False,,,sent_to_garage,0.0518,0,0,0.0279,0,0.021,0
CLM007494,POL000611,2023-09-26,2023-09-14,2015-11-24,2016-11-23,12,Hyundai,Tucson,SUV,flood,front,moderate,online,third_party,False,False,False,18,107773,19,1,16,2005,29371.5,0.858,2937.15,1716.0,0.5842,False,,,sent_to_garage,0.2211,0,1,0.8679,0,0.5446,0
CLM007495,POL005077,2022-03-07,2022-02-18,2013-03-06,2014-03-06,17,Toyota,Yaris,Van,fire,rear,minor,direct,comprehensive,False,True,False,20,67434,29,0,8,2002,,,,,,False,,,sent_to_garage,0.8252,0,1,0.8695,0,0.7096,0
CLM007497,POL001877,2022-12-19,2022-12-10,2016-11-08,2017-11-08,9,Mercedes,GLC,SUV,collision,multiple,minor,direct,third_party_fire_theft,False,False,True,9,73679,55,0,17,2013,49979.75,1.954,13994.33,1563.2,0.1117,False,,,sent_to_garage,0.0883,0,0,0.0718,0,0.1864,0
CLM007499,POL003737,2022-04-14,2022-04-06,2012-05-07,2013-05-07,8,Toyota,RAV4,Motorbike,vandalism,multiple,minor,online,third_party,False,True,True,11,120251,69,0,13,2011,30446.99,0.918,3653.64,734.4,0.201,False,,,sent_to_garage,0.2162,0,1,0.9228,0,0.7495,0
CLM007501,POL002833,2023-12-29,2023-12-04,2023-06-24,2024-06-23,25,Vauxhall,Astra,Van,theft_damage,multiple,severe,direct,comprehensive,False,True,False,19,182677,17,1,16,2004,18405.33,0.759,1840.53,6072.0,2.0,False,,,scrapped_by_model,0.9999,1,1,0.9999,1,0.9994,1
CLM007506,POL004154,2024-01-06,2023-12-09,2022-12-27,2023-12-27,28,Volkswagen,Tiguan,Van,vandalism,roof,moderate,direct,third_party,True,False,False,9,34616,31,0,13,2015,33974.57,1.087,9512.88,2717.5,0.2857,False,,,sent_to_garage,0.0365,0,0,0.0173,0,0.0272,0
CLM007507,POL005985,2023-01-24,2023-01-21,2018-05-10,2019-05-10,3,Mercedes,C-Class,Hatchback,collision,rear,moderate,app,third_party_fire_theft,False,False,True,18,107328,53,0,19,2005,39699.92,1.885,3969.99,3393.0,0.8547,False,,,sent_to_garage,0.9896,0,1,0.9762,0,0.9268,0
CLM007512,POL003079,2023-10-16,2023-09-27,2022-03-08,2023-03-08,19,Honda,CR-V,Sedan,vandalism,multiple,severe,direct,third_party,False,True,True,5,173732,17,0,5,2018,29853.14,0.924,17911.88,7392.0,0.4127,True,,,sent_to_garage,0.8748,0,1,0.9859,0,0.8522,0
CLM007513,POL000336,2023-09-19,2023-09-10,2023-09-11,2024-09-10,9,Vauxhall,Insignia,SUV,vandalism,multiple,severe,phone,third_party,False,True,False,17,51956,80,1,16,2006,24735.27,0.831,2473.53,6648.0,2.0,False,,,scrapped_by_model,0.9999,1,1,0.9996,1,0.9997,1
CLM007514,POL003944,2024-06-14,2024-05-30,2018-12-10,2019-12-10,15,Nissan,Leaf,Hatchback,flood,multiple,minor,broker,comprehensive,False,False,True,12,106698,53,0,10,2012,30815.55,0.993,3081.56,794.4,0.2578,False,,,sent_to_garage,0.163,0,1,0.757,0,0.2376,0
CLM007517,POL004915,2023-01-01,2022-12-18,2020-01-11,2021-01-10,14,Honda,Civic,SUV,collision,multiple,moderate,direct,third_party,True,False,True,2,29929,41,1,15,2021,22567.4,0.897,18956.62,3139.5,0.1656,True,,,sent_to_garage,0.1674,0,0,0.0961,0,0.1273,0
CLM007525,POL001070,2024-06-25,2024-06-11,2022-03-12,2023-03-12,14,Volkswagen,Passat,SUV,vandalism,side,minor,phone,third_party_fire_theft,False,False,True,13,117897,45,2,2,2011,29761.15,1.079,2976.12,431.6,0.145,False,,,sent_to_garage,0.103,0,0,0.1053,0,0.129,0
CLM007537,POL002866,2023-11-08,2023-10-14,2012-04-30,2013-04-30,25,Toyota,Corolla,Estate,collision,multiple,severe,broker,comprehensive,False,True,True,4,47723,48,2,4,2019,22335.35,0.841,15188.04,6728.0,0.443,False,,,sent_to_garage,0.4804,0,0,0.0632,0,0.3194,0
CLM007539,POL000730,2022-04-13,2022-04-13,2017-02-08,2018-02-08,0,Nissan,Micra,Hatchback,fire,roof,moderate,online,comprehensive,False,True,True,2,24250,24,0,9,2020,12832.19,0.776,10779.04,1940.0,0.18,False,,,sent_to_garage,0.4161,0,0,0.0339,0,0.1663,0
CLM007541,POL005606,2024-02-14,2024-01-31,2021-10-13,2022-10-13,14,Toyota,Corolla,Estate,flood,roof,minor,broker,comprehensive,False,True,False,0,70414,36,1,15,2024,22926.33,0.85,22926.33,510.0,0.0222,True,,,sent_to_garage,0.2802,0,0,0.0475,0,0.1336,0
CLM007542,POL002166,2024-07-23,2024-07-09,2014-04-09,2015-04-09,14,Volkswagen,Passat,SUV,theft_damage,roof,severe,broker,third_party_fire_theft,False,True,False,2,103447,61,0,3,2022,29815.16,1.049,25044.73,6294.0,0.2513,True,,,sent_to_garage,0.1688,0,0,0.0226,0,0.1199,0
CLM007543,POL003662,2024-03-06,2024-02-08,2015-05-17,2016-05-16,27,Hyundai,i30,Sedan,theft_damage,front,minor,direct,comprehensive,False,True,False,8,193073,42,1,13,2016,20487.99,0.822,7375.68,411.0,0.0557,False,,,sent_to_garage,0.3143,0,0,0.0139,0,0.1664,0
CLM007547,POL003004,2023-05-08,2023-04-10,2022-02-10,2023-02-10,28,Nissan,Leaf,Sedan,theft_damage,side,severe,broker,comprehensive,False,True,True,19,23332,36,1,16,2004,29075.76,0.981,2907.58,3924.0,1.3496,False,,,scrapped_by_model,0.9999,1,1,0.9989,1,0.9999,1
CLM007549,POL000635,2022-08-23,2022-08-06,2017-12-12,2018-12-12,17,Toyota,Camry,SUV,flood,front,moderate,direct,comprehensive,False,False,False,12,12582,65,0,15,2010,30259.34,0.88,3025.93,1760.0,0.5816,False,,,sent_to_garage,0.1479,0,0,0.0286,0,0.0627,0
CLM007550,POL000041,2023-11-20,2023-11-02,2012-11-21,2013-11-21,18,Vauxhall,Insignia,SUV,theft_damage,rear,minor,broker,comprehensive,False,True,True,6,53757,40,1,4,2017,24381.09,0.84,12678.17,378.0,0.0298,False,,,sent_to_garage,0.0504,0,1,0.5906,0,0.3346,0
CLM007551,POL004993,2022-10-07,2022-10-01,2017-12-20,2018-12-20,6,Mercedes,GLC,Motorbike,vandalism,front,moderate,phone,third_party,False,True,False,12,117411,37,2,13,2010,46734.53,1.897,4673.45,3794.0,0.8118,False,,,sent_to_garage,0.9292,0,1,0.9528,0,0.9325,0
CLM007556,POL005193,2023-08-02,2023-07-25,2019-06-02,2020-06-01,8,Vauxhall,Mokka,Motorbike,vandalism,front,moderate,phone,third_party,False,True,False,18,196915,46,2,0,2005,22044.51,0.796,2204.45,1592.0,0.7222,False,,,sent_to_garage,0.5824,0,0,0.1304,0,0.2577,0
CLM007564,POL002485,2024-11-14,2024-10-16,2012-05-29,2013-05-29,29,Toyota,Corolla,Van,flood,multiple,severe,broker,third_party_fire_theft,False,True,True,19,115617,40,0,10,2005,22171.64,0.86,2217.16,6880.0,2.0,False,,,scrapped_by_model,0.9999,1,1,0.9999,1,0.9999,1
CLM007566,POL004991,2022-06-29,2022-06-24,2014-03-12,2015-03-12,5,Honda,Jazz,Motorbike,theft_damage,rear,severe,broker,third_party_fire_theft,False,False,False,0,39197,48,1,1,2022,15831.17,0.862,15831.17,3879.0,0.245,False,,,sent_to_garage,0.0967,0,1,0.9027,0,0.7484,0
CLM007570,POL006244,2023-07-22,2023-07-13,2018-11-24,2019-11-24,9,Volkswagen,Golf,Van,vandalism,rear,moderate,phone,comprehensive,True,False,True,6,74586,56,0,16,2017,25883.36,0.988,13459.35,1778.4,0.1321,False,,,sent_to_garage,0.0578,0,0,0.0584,0,0.1086,0
CLM007572,POL005678,2022-04-30,2022-04-26,2018-10-25,2019-10-25,4,Toyota,Corolla,Sedan,collision,side,minor,app,third_party_fire_theft,True,True,True,0,118538,47,0,14,2022,21693.45,0.851,21693.45,340.4,0.0157,True,,,sent_to_garage,0.2057,0,1,0.8928,0,0.7563,0
CLM007573,POL000428,2022-11-08,2022-10-27,2017-12-07,2018-12-07,12,Audi,Q3,Sedan,vandalism,roof,moderate,phone,third_party,False,True,False,12,117890,43,2,15,2010,34142.87,1.763,3414.29,4407.5,1.2909,False,,,scrapped_by_model,0.9998,1,1,0.9992,1,0.9999,1
CLM007581,POL001460,2024-05-09,2024-05-07,2016-05-12,2017-05-12,2,Audi,A3,Hatchback,fire,roof,severe,phone,third_party_fire_theft,False,True,False,5,14205,45,0,20,2019,31320.06,1.791,18792.04,10746.0,0.5718,True,,,sent_to_garage,0.1165,0,0,0.0503,0,0.1336,0
CLM007584,POL004465,2023-10-03,2023-09-05,2012-01-18,2013-01-17,28,Nissan,Qashqai,Estate,flood,rear,severe,direct,third_party,False,False,True,17,138144,39,0,0,2006,28400.4,0.92,2840.04,4140.0,1.4577,False,,,scrapped_by_model,1.0,1,1,0.9992,1,0.9999,1
CLM007585,POL003131,2022-02-04,2022-01-13,2017-05-07,2018-05-07,22,Volkswagen,Tiguan,Motorbike,fire,front,minor,app,third_party_fire_theft,False,True,True,15,195852,44,0,19,2007,35044.56,1.096,3504.46,548.0,0.1564,False,,,sent_to_garage,0.1371,0,1,0.9009,0,0.7263,0
CLM007595,POL003480,2022-11-29,2022-11-04,2016-05-26,2017-05-26,25,Audi,A3,Estate,fire,multiple,moderate,app,comprehensive,False,True,True,13,164568,72,0,14,2009,30817.06,1.719,3081.71,6016.5,1.9523,False,,,scrapped_by_model,0.9997,1,1,0.9995,1,0.9997,1
CLM007603,POL002895,2022-06-21,2022-06-05,2012-09-09,2013-09-09,16,Audi,A4,Motorbike,theft_damage,side,severe,online,comprehensive,False,False,False,4,199565,46,1,12,2018,39610.38,1.793,26935.06,7172.0,0.2663,True,,,sent_to_garage,0.725,0,1,0.896,0,0.8296,0
CLM007604,POL003241,2022-12-11,2022-12-10,2012-04-03,2013-04-03,1,Toyota,Yaris,Hatchback,flood,front,severe,direct,comprehensive,True,True,False,11,61762,44,1,19,2011,14310.23,0.786,1717.23,3930.0,2.0,False,,,scrapped_by_model,0.9997,1,1,0.9971,1,0.9972,1
CLM007609,POL001822,2022-03-29,2022-03-18,2014-08-25,2015-08-25,11,Hyundai,i20,Hatchback,theft_damage,rear,minor,app,third_party,False,False,False,16,194391,38,0,9,2006,15388.55,0.768,1538.86,345.6,0.2246,False,,,sent_to_garage,0.1473,0,1,0.8379,0,0.6513,0
CLM007620,POL004769,2024-08-30,2024-08-13,2024-03-07,2025-03-07,17,Toyota,Yaris,Motorbike,fire,front,minor,broker,third_party_fire_theft,False,False,True,13,54903,30,1,6,2011,14310.23,0.786,1431.02,393.0,0.2746,False,,,sent_to_garage,0.5959,0,0,0.0615,0,0.2238,0
CLM007623,POL000602,2022-05-06,2022-04-15,2014-03-21,2015-03-21,21,Volkswagen,Polo,Motorbike,vandalism,multiple,minor,direct,third_party_fire_theft,False,False,False,7,187240,54,2,7,2015,16084.97,0.908,7077.39,726.4,0.1026,False,,,sent_to_garage,0.0367,0,1,0.7882,0,0.3959,0
CLM007624,POL000780,2022-04-30,2022-04-07,2020-03-26,2021-03-26,23,BMW,X3,Estate,fire,front,minor,app,comprehensive,True,False,False,0,95167,24,1,15,2022,47348.12,1.829,47348.12,914.5,0.0193,True,,,sent_to_garage,0.047,0,0,0.0471,0,0.0634,0
CLM007625,POL002357,2024-05-12,2024-05-04,2014-09-03,2015-09-03,8,Hyundai,i30,Van,theft_damage,multiple,moderate,app,comprehensive,True,True,True,11,156039,28,0,12,2013,19491.4,0.807,2338.97,2824.5,1.2076,False,,,scrapped_by_model,0.9997,1,1,0.9805,0,0.9997,1
CLM007626,POL000312,2022-03-26,2022-02-27,2012-02-22,2013-02-21,27,Ford,Transit,Sedan,fire,front,minor,direct,comprehensive,True,False,True,3,49436,36,1,5,2019,29089.3,0.939,22107.87,469.5,0.0212,True,,,sent_to_garage,0.1298,0,0,0.0228,0,0.1235,0
CLM007628,POL005093,2022-01-09,2022-01-07,2015-08-27,2016-08-26,2,BMW,1 Series,Van,fire,side,moderate,phone,third_party_fire_theft,True,True,False,13,14669,56,4,16,2009,27442.66,1.699,2744.27,2548.5,0.9287,False,,,scrapped_by_model,0.9998,1,1,0.9806,0,0.9867,0
CLM007629,POL000277,2023-03-08,2023-02-16,2016-06-02,2017-06-02,20,Vauxhall,Mokka,Hatchback,theft_damage,roof,moderate,direct,comprehensive,False,True,False,1,116101,46,0,8,2022,21768.19,0.791,20026.73,1977.5,0.0987,True,,,sent_to_garage,0.1146,0,0,0.0303,0,0.2292,0
CLM007631,POL002874,2023-02-25,2023-02-08,2014-09-12,2015-09-12,17,Honda,CR-V,Hatchback,vandalism,multiple,minor,broker,third_party_fire_theft,True,True,False,8,122408,43,2,18,2015,29794.56,0.927,10726.04,741.6,0.0691,False,,,sent_to_garage,0.6454,0,1,0.9101,0,0.8645,0
CLM007632,POL003964,2024-09-12,2024-08-15,2012-05-18,2013-05-18,28,Audi,Q3,Motorbike,fire,roof,severe,direct,third_party_fire_theft,False,True,True,1,55604,47,1,11,2023,34932.13,1.745,32137.56,10470.0,0.3258,True,,,sent_to_garage,0.2352,0,0,0.1263,0,0.1475,0
CLM007633,POL005009,2022-10-16,2022-09-20,2013-02-26,2014-02-26,26,Vauxhall,Corsa,Estate,vandalism,side,minor,direct,third_party,True,True,False,17,27432,29,0,11,2005,12413.14,0.698,1241.31,279.2,0.2249,False,,,sent_to_garage,0.0897,0,0,0.0119,0,0.0126,0
CLM007636,POL000015,2023-07-18,2023-07-16,2015-01-03,2016-01-03,2,Honda,HR-V,Sedan,collision,roof,moderate,app,comprehensive,False,True,True,14,108314,59,0,10,2009,26088.85,0.876,2608.89,2190.0,0.8394,False,,,sent_to_garage,0.8432,0,1,0.9441,0,0.8385,0
CLM007637,POL002806,2023-11-09,2023-11-05,2023-02-25,2024-02-25,4,Honda,CR-V,Van,fire,roof,severe,online,comprehensive,False,False,True,4,196638,67,1,19,2019,29885.45,0.929,20322.11,5574.0,0.2743,True,,,sent_to_garage,0.6911,0,0,0.1072,0,0.1535,0
CLM007640,POL002106,2023-04-04,2023-03-11,2020-12-01,2021-12-01,24,Hyundai,Tucson,Hatchback,collision,multiple,severe,direct,third_party_fire_theft,False,False,False,12,15615,53,1,11,2011,27568.98,0.878,2756.9,7024.0,2.0,False,,,scrapped_by_model,0.9996,1,1,0.9998,1,0.9999,1
CLM007642,POL005167,2024-12-19,2024-12-11,2019-08-31,2020-08-30,8,Vauxhall,Mokka,Estate,fire,front,minor,online,comprehensive,False,True,False,15,42064,17,1,3,2009,21292.57,0.786,2129.26,393.0,0.1846,False,,,sent_to_garage,0.6778,0,0,0.0476,0,0.2537,0
CLM007644,POL003980,2024-03-10,2024-02-20,2017-07-21,2018-07-21,19,Volkswagen,Tiguan,SUV,flood,multiple,minor,phone,comprehensive,True,True,False,13,113417,56,0,6,2011,34842.91,1.101,3484.29,880.8,0.2528,False,,,sent_to_garage,0.4545,0,1,0.882,0,0.6089,0
CLM007645,POL003921,2022-02-06,2022-02-05,2018-06-01,2019-06-01,1,Volkswagen,Passat,Motorbike,vandalism,roof,minor,broker,third_party_fire_theft,True,False,True,12,180698,40,2,4,2010,30403.62,1.04,3040.36,624.0,0.2052,False,,,sent_to_garage,0.0455,0,0,0.0338,0,0.04,0
CLM007648,POL002174,2023-08-13,2023-07-28,2012-07-10,2013-07-10,16,Hyundai,i30,Hatchback,fire,multiple,minor,app,comprehensive,True,False,True,4,27491,37,0,15,2019,20776.12,0.835,14127.76,668.0,0.0473,False,,,sent_to_garage,0.3887,0,0,0.1018,0,0.3521,0
CLM007651,POL004630,2023-02-09,2023-01-19,2014-05-19,2015-05-19,21,Hyundai,i10,Estate,vandalism,side,moderate,app,comprehensive,False,True,True,2,66930,33,0,0,2021,12311.96,0.733,10342.05,1099.5,0.1063,False,,,sent_to_garage,0.0149,0,0,0.0466,0,0.0446,0
CLM007652,POL001257,2022-02-05,2022-01-19,2017-12-23,2018-12-23,17,Honda,Civic,Sedan,flood,multiple,minor,online,third_party_fire_theft,True,True,True,11,4921,35,0,14,2011,21887.2,0.874,2626.46,699.2,0.2662,False,,,sent_to_garage,0.2716,0,0,0.0102,0,0.2021,0
CLM007661,POL002387,2024-09-15,2024-08-21,2013-01-24,2014-01-24,25,Honda,Jazz,Van,vandalism,multiple,moderate,phone,third_party_fire_theft,True,False,True,9,192797,17,0,14,2015,15284.49,0.825,4279.66,2887.5,0.6747,False,,,sent_to_garage,0.5094,0,0,0.0313,0,0.1564,0
CLM007663,POL003694,2024-05-05,2024-04-15,2015-01-04,2016-01-04,20,Toyota,Camry,Van,theft_damage,rear,moderate,online,comprehensive,True,False,True,3,165008,19,2,5,2021,29996.45,0.882,22797.3,1587.6,0.0696,True,,,sent_to_garage,0.3072,0,1,0.7247,0,0.43,0
CLM007665,POL000821,2024-11-27,2024-11-10,2023-10-18,2024-10-17,17,Ford,Transit,Hatchback,flood,side,moderate,broker,comprehensive,False,True,True,3,47847,17,1,19,2021,30002.22,0.93,22801.69,1395.0,0.0612,True,,,sent_to_garage,0.0469,0,0,0.0025,0,0.0107,0
CLM007667,POL004358,2023-04-03,2023-03-24,2016-01-07,2017-01-06,10,Hyundai,Tucson,Hatchback,collision,multiple,moderate,direct,comprehensive,False,False,False,9,81541,27,0,16,2014,27289.79,0.898,7641.14,3143.0,0.4113,False,,,sent_to_garage,0.1025,0,0,0.1373,0,0.1492,0
CLM007668,POL002078,2023-07-24,2023-07-08,2012-07-06,2013-07-06,16,BMW,3 Series,Hatchback,flood,side,moderate,online,comprehensive,False,False,False,19,158491,32,1,17,2004,34838.64,1.773,3483.86,2659.5,0.7634,False,,,sent_to_garage,0.6556,0,0,0.1295,0,0.2841,0
CLM007670,POL002890,2022-08-22,2022-08-16,2017-10-22,2018-10-22,6,Nissan,Micra,Motorbike,theft_damage,front,minor,direct,third_party,False,False,False,16,156922,48,1,1,2006,13025.41,0.78,1302.54,390.0,0.2994,False,,,sent_to_garage,0.1043,0,1,0.8711,0,0.6198,0
CLM007672,POL000982,2023-02-06,2023-01-15,2017-02-24,2018-02-24,22,Volkswagen,Golf,SUV,fire,roof,minor,direct,comprehensive,False,True,False,5,12456,41,2,0,2018,25225.8,0.994,15135.48,596.4,0.0394,False,,,sent_to_garage,0.2633,0,0,0.0217,0,0.0129,0
CLM007673,POL005369,2024-08-18,2024-08-18,2014-10-04,2015-10-04,0,Ford,Mondeo,Hatchback,vandalism,side,moderate,direct,third_party_fire_theft,True,True,True,3,22370,37,2,1,2021,21850.6,0.856,16606.46,1284.0,0.0773,False,,,sent_to_garage,0.0833,0,0,0.0111,0,0.0362,0
CLM007674,POL002268,2023-04-07,2023-04-05,2016-09-29,2017-09-29,2,Honda,Jazz,SUV,collision,front,minor,broker,third_party,False,False,False,17,1987,61,2,2,2006,15282.27,0.859,1528.23,429.5,0.281,False,,,sent_to_garage,0.7058,0,0,0.0135,0,0.0469,0
CLM007675,POL002643,2022-07-20,2022-07-20,2014-12-31,2015-12-31,0,Volkswagen,Golf,Hatchback,theft_damage,front,severe,online,comprehensive,False,True,True,7,63651,52,1,1,2015,25429.03,0.984,11188.77,4920.0,0.4397,False,,,sent_to_garage,0.1756,0,1,0.9007,0,0.67,0
CLM007681,POL006740,2023-10-27,2023-10-27,2022-09-09,2023-09-09,0,Hyundai,i30,Estate,fire,multiple,moderate,broker,comprehensive,False,False,True,13,142580,30,0,5,2010,20733.22,0.832,2073.32,2912.0,1.4045,False,,,scrapped_by_model,0.9994,1,1,0.9998,1,0.9995,1
CLM007683,POL002551,2024-02-09,2024-01-12,2015-05-20,2016-05-19,28,Nissan,Juke,SUV,collision,rear,minor,direct,comprehensive,False,True,False,9,196631,75,3,11,2015,19139.86,0.849,5359.16,382.05,0.0713,False,,,sent_to_garage,0.8587,0,0,0.1081,0,0.3338,0
CLM007686,POL004712,2022-06-25,2022-06-13,2017-06-01,2018-06-01,12,Ford,Fiesta,SUV,vandalism,multiple,severe,phone,third_party,True,False,True,12,189747,43,0,10,2010,12172.64,0.765,1217.26,6120.0,2.0,False,,,scrapped_by_model,0.9997,1,1,0.9997,1,0.9997,1
CLM007690,POL002082,2022-09-17,2022-09-08,2013-03-03,2014-03-03,9,Toyota,RAV4,Motorbike,flood,rear,moderate,app,comprehensive,True,False,True,13,67034,38,0,15,2009,31469.22,0.882,3146.92,1587.6,0.5045,False,,,sent_to_garage,0.0729,0,0,0.0907,0,0.1188,0
CLM007694,POL001270,2022-11-07,2022-10-12,2015-01-23,2016-01-23,26,Vauxhall,Astra,Motorbike,flood,front,moderate,phone,comprehensive,False,True,False,13,134601,42,2,6,2009,18013.13,0.772,1801.31,1544.0,0.8572,False,,,sent_to_garage,0.738,0,0,0.1596,0,0.3084,0
CLM007695,POL001397,2024-07-31,2024-07-31,2023-09-05,2024-09-04,0,Volkswagen,Tiguan,Hatchback,flood,multiple,minor,direct,third_party,False,True,False,6,149679,32,0,14,2018,36269.68,1.067,18860.23,853.6,0.0453,True,,,sent_to_garage,0.2127,0,1,0.9747,0,0.567,0
CLM007698,POL004689,2023-11-22,2023-10-24,2017-03-14,2018-03-14,29,Nissan,Micra,Van,flood,rear,minor,broker,comprehensive,False,False,False,14,109189,25,1,7,2009,12898.3,0.76,1289.83,342.0,0.2652,False,,,sent_to_garage,0.1411,0,0,0.0906,0,0.1641,0
CLM007701,POL000904,2023-06-26,2023-06-23,2022-09-13,2023-09-13,3,Mercedes,GLC,Hatchback,theft_damage,rear,severe,broker,comprehensive,False,False,True,0,28882,37,2,17,2023,47686.85,1.918,47686.85,8631.0,0.181,True,,,sent_to_garage,0.2023,0,0,0.0553,0,0.1294,0
CLM007707,POL001022,2022-08-02,2022-07-18,2016-02-23,2017-02-22,15,Ford,Mondeo,Hatchback,flood,front,moderate,phone,comprehensive,False,False,True,7,161943,32,1,10,2015,21888.6,0.838,9630.98,1676.0,0.174,False,,,sent_to_garage,0.0761,0,0,0.084,0,0.1149,0
CLM007714,POL001332,2024-03-20,2024-03-03,2017-09-29,2018-09-29,17,Vauxhall,Astra,Estate,theft_damage,roof,minor,phone,comprehensive,False,False,True,19,51941,40,0,10,2005,18429.44,0.742,1842.94,445.2,0.2416,False,,,sent_to_garage,0.561,0,0,0.0252,0,0.2415,0
CLM007715,POL001546,2024-08-19,2024-07-20,2018-12-10,2019-12-10,30,Hyundai,i30,Van,theft_damage,rear,minor,app,comprehensive,False,False,True,3,121311,67,0,2,2021,19282.05,0.843,14654.36,379.35,0.0259,False,,,sent_to_garage,0.2547,0,0,0.0671,0,0.0572,0
CLM007720,POL002473,2023-10-04,2023-09-10,2023-08-27,2024-08-26,24,Audi,A6,Sedan,fire,front,moderate,direct,third_party,False,False,False,4,197899,66,1,9,2019,47712.24,1.857,32444.32,3714.0,0.1145,True,,,sent_to_garage,0.081,0,0,0.1051,0,0.1659,0
CLM007724,POL002255,2023-06-25,2023-06-21,2016-07-18,2017-07-18,4,Audi,A6,Hatchback,theft_damage,multiple,moderate,app,comprehensive,True,False,False,9,155188,30,3,3,2014,49144.85,1.889,13760.56,6611.5,0.4805,False,,,sent_to_garage,0.0785,0,1,0.8314,0,0.5937,0
CLM007727,POL000666,2023-07-02,2023-06-02,2019-04-12,2020-04-11,30,Volkswagen,Tiguan,Hatchback,vandalism,multiple,minor,online,third_party,True,False,True,8,95043,49,1,15,2015,33974.57,1.087,12230.85,869.6,0.0711,False,,,sent_to_garage,0.0811,0,0,0.0553,0,0.0679,0
CLM007736,POL002240,2023-06-12,2023-05-22,2012-11-14,2013-11-14,21,Volkswagen,Passat,Sedan,fire,front,severe,phone,comprehensive,False,False,False,14,18601,28,1,15,2009,28553.01,1.047,2855.3,5235.0,1.8334,False,,,scrapped_by_model,0.9999,1,1,0.9996,1,0.9999,1
CLM007737,POL004170,2022-03-10,2022-03-09,2016-02-06,2017-02-05,1,Vauxhall,Insignia,Van,theft_damage,rear,moderate,app,third_party,False,True,False,2,180106,48,0,7,2020,26205.92,0.873,22012.97,1571.4,0.0714,True,,,sent_to_garage,0.0572,0,1,0.737,0,0.5679,0
CLM007739,POL000519,2023-05-09,2023-04-25,2022-02-09,2023-02-09,14,Honda,Civic,SUV,vandalism,front,severe,online,comprehensive,False,True,False,5,197922,43,0,0,2018,20958.47,0.856,12575.08,4280.0,0.3404,False,,,sent_to_garage,0.5569,0,1,0.979,0,0.8527,0
CLM007740,POL002488,2024-03-10,2024-03-07,2019-02-12,2020-02-12,3,Ford,Focus,Sedan,theft_damage,front,moderate,phone,comprehensive,True,False,False,9,83749,47,0,16,2015,18242.49,0.803,5107.9,1606.0,0.3144,False,,,sent_to_garage,0.3972,0,1,0.444,0,0.3626,0
CLM007746,POL003291,2024-01-19,2023-12-28,2023-12-22,2024-12-21,22,Nissan,Juke,Hatchback,flood,roof,moderate,online,comprehensive,False,False,True,9,108101,37,1,1,2015,19139.86,0.849,5359.16,2122.5,0.3961,False,,,sent_to_garage,0.0679,0,0,0.0473,0,0.0297,0
CLM007748,POL003640,2024-01-25,2024-01-09,2014-06-30,2015-06-30,16,Vauxhall,Corsa,Estate,theft_damage,rear,severe,online,third_party,False,True,True,17,25573,53,1,6,2007,12411.59,0.685,1241.16,3082.5,2.0,False,,,scrapped_by_model,0.9992,1,1,0.9915,0,0.9971,1
CLM007755,POL002397,2024-08-22,2024-08-16,2020-01-19,2021-01-18,6,Toyota,RAV4,Motorbike,theft_damage,front,minor,direct,comprehensive,False,True,True,4,188459,34,1,18,2020,32080.28,0.882,21814.59,441.0,0.0202,True,,,sent_to_garage,0.2448,0,0,0.0702,0,0.0687,0
CLM007758,POL000159,2023-01-09,2022-12-25,2018-11-02,2019-11-02,15,Nissan,Micra,Hatchback,collision,roof,severe,online,comprehensive,False,True,True,10,49557,68,1,10,2013,13515.78,0.779,2703.16,4674.0,1.7291,False,,,scrapped_by_model,0.9997,1,1,0.9971,1,0.9996,1
CLM007762,POL005511,2022-04-02,2022-03-23,2015-09-01,2016-08-31,10,Volkswagen,Passat,SUV,flood,roof,moderate,broker,comprehensive,True,False,False,6,3756,47,1,5,2016,30726.95,1.056,15978.01,2640.0,0.1652,False,,,sent_to_garage,0.0263,0,0,0.0292,0,0.0313,0
CLM007763,POL001439,2023-08-03,2023-08-02,2014-12-20,2015-12-20,1,Volkswagen,Passat,Sedan,collision,roof,minor,app,comprehensive,False,True,True,17,5593,68,0,4,2006,31245.9,1.05,3124.59,630.0,0.2016,False,,,sent_to_garage,0.0722,0,0,0.0081,0,0.0523,0
CLM007767,POL004109,2022-03-21,2022-02-22,2021-01-26,2022-01-26,27,Hyundai,i20,SUV,vandalism,rear,minor,direct,third_party,False,True,False,5,148497,40,1,18,2017,15350.09,0.776,9210.05,349.2,0.0379,False,,,sent_to_garage,0.067,0,0,0.1372,0,0.0725,0
CLM007774,POL005735,2024-12-01,2024-11-14,2019-11-24,2020-11-23,17,Vauxhall,Insignia,Hatchback,collision,side,severe,direct,third_party_fire_theft,True,True,True,7,126590,62,0,5,2017,24381.09,0.84,10727.68,3360.0,0.3132,False,,,sent_to_garage,0.5081,0,1,0.8849,0,0.5978,0
CLM007776,POL002415,2024-02-05,2024-02-01,2016-04-30,2017-04-30,4,BMW,3 Series,Sedan,collision,roof,moderate,app,comprehensive,False,False,True,15,76360,55,2,20,2009,34336.17,1.762,3433.62,4405.0,1.2829,False,,,scrapped_by_model,0.9992,1,1,0.9982,1,0.9992,1
CLM007778,POL004934,2022-04-06,2022-03-16,2019-05-03,2020-05-02,21,Honda,HR-V,Estate,vandalism,side,moderate,broker,comprehensive,False,False,True,14,140165,40,1,11,2008,24924.89,0.899,2492.49,1348.5,0.541,False,,,sent_to_garage,0.5272,0,1,0.6856,0,0.5917,0
CLM007779,POL001139,2024-02-11,2024-01-29,2019-07-08,2020-07-07,13,Vauxhall,Insignia,Sedan,theft_damage,side,severe,online,comprehensive,True,False,False,1,188743,67,1,0,2023,23992.44,0.868,22073.04,3472.0,0.1573,True,,,sent_to_garage,0.8371,0,1,0.8707,0,0.8955,0
CLM007782,POL001664,2024-04-08,2024-04-06,2018-05-19,2019-05-19,2,Honda,Jazz,SUV,fire,side,moderate,direct,third_party,False,True,False,14,59675,20,0,12,2010,16398.11,0.865,1639.81,1297.5,0.7913,False,,,sent_to_garage,0.2376,0,0,0.0703,0,0.1323,0
CLM007784,POL001260,2024-01-12,2023-12-25,2014-03-24,2015-03-24,18,Audi,A4,SUV,theft_damage,side,minor,phone,third_party_fire_theft,False,False,False,3,27087,50,2,3,2021,36335.84,1.795,27615.24,718.0,0.026,True,,,sent_to_garage,0.0641,0,0,0.0409,0,0.0367,0
CLM007786,POL006000,2023-12-24,2023-11-30,2017-08-12,2018-08-12,24,Ford,Kuga,Motorbike,theft_damage,multiple,minor,broker,third_party,True,True,False,6,107551,25,2,12,2017,26992.7,0.903,14036.2,722.4,0.0515,False,,,sent_to_garage,0.5856,0,0,0.0344,0,0.2301,0
CLM007792,POL002827,2022-10-15,2022-10-03,2017-06-30,2018-06-30,12,Vauxhall,Mokka,Motorbike,flood,rear,moderate,online,third_party,True,True,True,13,150506,39,0,11,2009,21292.57,0.786,2129.26,1414.8,0.6645,False,,,sent_to_garage,0.1225,0,1,0.8707,0,0.5991,0
CLM007797,POL001374,2023-04-07,2023-03-11,2019-04-07,2020-04-06,27,Honda,Jazz,Motorbike,fire,front,severe,app,comprehensive,False,True,False,5,121742,50,0,8,2018,16517.0,0.833,9910.2,4165.0,0.4203,False,,,sent_to_garage,0.9417,0,1,0.8672,0,0.9049,0
CLM007804,POL002730,2022-03-17,2022-03-10,2014-01-08,2015-01-08,7,Audi,A3,Hatchback,flood,front,severe,phone,third_party_fire_theft,False,False,False,19,161558,55,1,5,2003,,,,,,False,,,sent_to_garage,0.9972,0,0,0.1778,0,0.8145,0
CLM007809,POL005575,2024-07-15,2024-07-15,2023-09-25,2024-09-24,0,Ford,Kuga,SUV,flood,side,minor,phone,comprehensive,False,True,True,6,193805,59,0,14,2018,26904.01,0.909,13990.09,363.6,0.026,False,,,sent_to_garage,0.157,0,0,0.0177,0,0.0507,0
CLM007812,POL003325,2024-06-05,2024-05-11,2014-11-12,2015-11-12,25,Mercedes,E-Class,SUV,flood,side,moderate,broker,comprehensive,False,False,True,3,7397,32,3,17,2021,53065.16,1.998,40329.52,2997.0,0.0743,True,,,sent_to_garage,0.02,0,0,0.0065,0,0.0185,0
CLM007813,POL003961,2023-12-25,2023-12-03,2021-02-02,2022-02-02,22,Ford,Fiesta,Motorbike,flood,front,moderate,phone,comprehensive,False,False,False,15,116224,42,0,15,2008,11553.74,0.748,1155.37,1496.0,1.2948,False,,,scrapped_by_model,0.9997,1,1,0.9986,1,0.9995,1
CLM007817,POL003129,2024-12-21,2024-12-10,2024-12-06,2025-12-06,11,Volkswagen,Tiguan,SUV,vandalism,rear,severe,app,comprehensive,True,False,False,4,104259,42,1,2,2020,34415.83,1.095,23402.76,4927.5,0.2106,True,,,sent_to_garage,0.26,0,1,0.7896,0,0.6387,0
CLM007819,POL006162,2022-11-02,2022-10-29,2018-05-17,2019-05-17,4,Vauxhall,Insignia,Van,fire,front,minor,broker,third_party_fire_theft,False,True,True,13,169719,17,0,9,2009,24358.99,0.83,2435.9,415.0,0.1704,False,,,sent_to_garage,0.9404,0,1,0.7839,0,0.6849,0
CLM007822,POL003264,2022-01-26,2022-01-24,2021-12-15,2022-12-15,2,Ford,Fiesta,SUV,fire,rear,severe,online,comprehensive,False,True,True,0,59338,45,0,0,2022,11555.91,0.749,11555.91,3370.5,0.2917,False,,,sent_to_garage,0.4669,0,1,0.9362,0,0.7913,0
CLM007826,POL001169,2023-11-11,2023-10-12,2020-10-18,2021-10-18,30,Toyota,RAV4,Motorbike,collision,side,minor,app,comprehensive,True,True,True,15,61531,51,0,15,2008,30577.82,0.888,3057.78,355.2,0.1162,False,,,sent_to_garage,0.0551,0,1,0.8705,0,0.5755,0
CLM007829,POL004542,2024-06-14,2024-06-11,2017-06-20,2018-06-20,3,Hyundai,i30,Estate,flood,multiple,minor,app,third_party_fire_theft,False,True,True,10,90454,25,0,9,2014,19054.36,0.843,3810.87,674.4,0.177,False,,,sent_to_garage,0.4607,0,1,0.919,0,0.8534,0
CLM007830,POL001049,2024-12-30,2024-12-07,2014-12-13,2015-12-13,23,Ford,Mondeo,Estate,vandalism,roof,moderate,phone,third_party_fire_theft,False,True,True,4,160699,26,0,17,2020,22568.74,0.861,15346.74,2152.5,0.1403,False,,,sent_to_garage,0.0716,0,0,0.1176,0,0.105,0
CLM007833,POL000509,2022-10-17,2022-10-10,2018-04-28,2019-04-28,7,Ford,Transit,Estate,vandalism,roof,minor,online,third_party,False,True,True,4,152123,70,0,14,2018,30298.15,0.971,20602.74,582.6,0.0283,True,,,sent_to_garage,0.0647,0,0,0.0468,0,0.0918,0
CLM007840,POL001848,2024-07-29,2024-07-16,2018-03-28,2019-03-28,13,Audi,A6,Hatchback,collision,roof,moderate,app,third_party,False,True,True,15,186445,17,2,9,2009,45793.22,1.894,4579.32,4735.0,1.034,False,,,sent_to_garage,0.9976,0,1,0.9991,1,0.9991,1
CLM007842,POL001518,2022-10-19,2022-09-21,2013-03-11,2014-03-11,28,Ford,Fiesta,SUV,fire,multiple,severe,app,comprehensive,False,False,True,7,158749,49,0,12,2015,12564.84,0.768,5528.53,6144.0,1.1113,False,,,scrapped_by_model,0.9999,1,1,0.9995,1,0.9997,1
CLM007847,POL002864,2022-01-13,2021-12-23,2014-12-15,2015-12-15,21,Nissan,Micra,SUV,vandalism,multiple,minor,direct,third_party,False,True,True,5,9859,49,1,20,2017,13463.1,0.786,8077.86,628.8,0.0778,False,,,sent_to_garage,0.0762,0,1,0.8566,0,0.7025,0
CLM007848,POL001617,2024-12-17,2024-12-11,2017-06-08,2018-06-08,6,BMW,X3,Estate,collision,roof,moderate,app,comprehensive,False,True,True,0,24267,42,1,3,2024,50093.41,1.843,50093.41,4607.5,0.092,True,,,sent_to_garage,0.3826,0,0,0.0306,0,0.1094,0
CLM007849,POL001215,2022-12-30,2022-12-09,2022-06-12,2023-06-12,21,Audi,A4,Estate,vandalism,side,severe,direct,third_party,False,True,True,7,114855,63,1,0,2015,37401.13,1.832,16456.5,7328.0,0.4453,False,,,sent_to_garage,0.2247,0,1,0.9211,0,0.7859,0
CLM007850,POL003971,2022-01-02,2021-12-28,2015-08-19,2016-08-18,5,Volkswagen,Passat,Motorbike,theft_damage,multiple,minor,phone,comprehensive,True,True,True,17,194042,24,2,2,2005,30285.64,1.043,3028.56,834.4,0.2755,False,,,sent_to_garage,0.8874,0,0,0.1076,0,0.253,0
CLM007853,POL003283,2024-08-07,2024-07-17,2017-12-02,2018-12-02,21,Mercedes,C-Class,Sedan,theft_damage,side,minor,direct,comprehensive,False,False,True,11,127950,17,1,2,2013,40474.86,1.848,4856.98,739.2,0.1522,False,,,sent_to_garage,0.1335,0,0,0.0207,0,0.0712,0
CLM007858,POL001368,2022-05-07,2022-04-14,2020-09-15,2021-09-15,23,Vauxhall,Astra,Sedan,vandalism,multiple,moderate,phone,comprehensive,True,True,False,6,24174,38,0,6,2016,17630.56,0.757,9167.89,2649.5,0.289,False,,,sent_to_garage,0.1822,0,0,0.043,0,0.2137,0
CLM007862,POL000220,2023-08-19,2023-07-23,2021-09-12,2022-09-12,27,Ford,Kuga,Estate,fire,side,minor,app,comprehensive,True,True,True,4,103007,52,0,1,2019,27387.45,0.909,18623.47,363.6,0.0195,True,,,sent_to_garage,0.0325,0,0,0.0036,0,0.0246,0
CLM007863,POL000719,2024-06-10,2024-06-08,2012-11-19,2013-11-19,2,Honda,Jazz,Estate,fire,side,moderate,direct,comprehensive,False,True,False,3,199117,17,1,16,2021,16510.72,0.829,12548.15,1243.5,0.0991,False,,,sent_to_garage,0.0919,0,0,0.0283,0,0.0205,0
CLM007867,POL000098,2023-12-17,2023-11-24,2023-07-12,2024-07-11,23,Toyota,Yaris,Estate,fire,rear,minor,broker,comprehensive,True,True,True,3,74833,65,0,3,2020,15314.37,0.784,11638.92,352.8,0.0303,False,,,sent_to_garage,0.0084,0,0,0.0646,0,0.0767,0
CLM007870,POL003921,2022-11-11,2022-10-19,2016-05-04,2017-05-04,23,Hyundai,i30,Sedan,flood,front,severe,broker,comprehensive,False,False,True,2,171723,49,1,16,2020,19699.13,0.824,16547.27,4120.0,0.249,False,,,sent_to_garage,0.5834,0,1,0.7712,0,0.6497,0
CLM007874,POL000472,2023-09-01,2023-08-29,2020-01-30,2021-01-29,3,Ford,Kuga,Estate,fire,side,moderate,phone,comprehensive,False,True,True,16,180080,27,2,15,2007,28226.97,0.892,2822.7,1338.0,0.474,False,,,sent_to_garage,0.815,0,0,0.1596,0,0.2436,0
CLM007878,POL004389,2022-03-26,2022-03-18,2019-08-23,2020-08-22,8,BMW,5 Series,Sedan,theft_damage,roof,minor,online,comprehensive,True,True,True,14,96909,46,1,7,2008,45162.31,1.902,4516.23,1141.2,0.2527,False,,,sent_to_garage,0.2028,0,1,0.5244,0,0.3321,0
CLM007879,POL006114,2024-03-19,2024-03-02,2019-08-29,2020-08-28,17,BMW,3 Series,Van,vandalism,multiple,minor,direct,third_party,False,False,False,1,151024,20,1,13,2023,36167.1,1.752,33273.73,1401.6,0.0421,True,,,sent_to_garage,0.1457,0,1,0.9408,0,0.6914,0
CLM007880,POL005646,2024-01-14,2023-12-15,2016-04-05,2017-04-05,30,Honda,CR-V,Motorbike,fire,front,minor,direct,comprehensive,True,True,True,3,92662,41,1,6,2021,29537.19,0.913,22448.26,456.5,0.0203,True,,,sent_to_garage,0.3693,0,0,0.0644,0,0.2723,0
CLM007881,POL001544,2023-01-18,2023-01-09,2015-01-03,2016-01-03,9,Honda,HR-V,Van,flood,multiple,minor,broker,comprehensive,False,False,True,13,194623,23,1,11,2010,24287.95,0.905,2428.8,724.0,0.2981,False,,,sent_to_garage,0.7318,0,1,0.9298,0,0.8894,0
CLM007882,POL000167,2022-12-02,2022-11-21,2018-05-23,2019-05-23,11,Vauxhall,Astra,Motorbike,vandalism,multiple,severe,direct,third_party,False,True,False,6,4097,60,1,12,2016,17630.56,0.757,9167.89,6056.0,0.6606,False,,,sent_to_garage,0.5598,0,1,0.8787,0,0.8586,0
CLM007886,POL002032,2022-05-10,2022-05-01,2012-03-28,2013-03-28,9,Ford,Kuga,Hatchback,flood,front,minor,phone,comprehensive,False,False,True,15,22209,44,1,4,2007,28226.97,0.892,2822.7,446.0,0.158,False,,,sent_to_garage,0.1545,0,0,0.0305,0,0.2013,0
CLM007892,POL005143,2023-02-14,2023-01-20,2013-03-06,2014-03-06,25,BMW,X5,Estate,fire,rear,minor,direct,third_party_fire_theft,False,True,True,4,189399,36,0,14,2019,62441.73,2.06,42460.38,927.0,0.0218,True,,,sent_to_garage,0.4349,0,0,0.0809,0,0.0792,0
CLM007893,POL000583,2023-02-09,2023-01-11,2014-05-19,2015-05-19,29,Honda,Civic,SUV,vandalism,roof,minor,direct,comprehensive,False,True,True,7,168349,19,1,13,2016,22146.13,0.883,9744.3,529.8,0.0544,False,,,sent_to_garage,0.0556,0,0,0.1128,0,0.1871,0
CLM007894,POL000846,2023-04-09,2023-03-19,2014-04-26,2015-04-26,21,BMW,X3,SUV,theft_damage,side,minor,direct,third_party_fire_theft,True,False,True,16,152902,31,0,8,2007,49444.24,1.86,4944.42,744.0,0.1505,False,,,sent_to_garage,0.3609,0,0,0.0942,0,0.0779,0
CLM007895,POL002166,2022-05-19,2022-05-01,2016-07-25,2017-07-25,18,Audi,A3,Van,collision,side,moderate,broker,third_party,False,False,True,7,78691,41,1,13,2015,30630.74,1.787,13477.53,2680.5,0.1989,False,,,sent_to_garage,0.3039,0,1,0.5692,0,0.3362,0
CLM007897,POL003299,2023-12-13,2023-12-09,2020-02-24,2021-02-23,4,BMW,X3,Sedan,vandalism,multiple,moderate,app,comprehensive,False,False,False,8,18400,82,0,4,2015,47962.34,1.861,17266.44,6513.5,0.3772,False,,,sent_to_garage,0.0831,0,0,0.0835,0,0.1662,0
CLM007898,POL000419,2024-07-12,2024-06-26,2012-04-28,2013-04-28,16,Nissan,Micra,Estate,theft_damage,roof,severe,online,third_party_fire_theft,False,True,True,7,45534,46,2,9,2017,13463.1,0.786,5923.76,4716.0,0.7961,False,,,sent_to_garage,0.3653,0,0,0.1279,0,0.1437,0
CLM007899,POL005858,2023-08-25,2023-08-13,2014-01-09,2015-01-09,12,BMW,X3,Sedan,fire,multiple,moderate,direct,third_party,False,True,True,17,739,38,1,19,2006,46259.56,1.901,4625.96,6653.5,1.4383,False,,,scrapped_by_model,0.9992,1,1,0.9898,0,0.9992,1
CLM007902,POL003522,2024-02-23,2024-01-27,2012-05-31,2013-05-31,27,Honda,Jazz,Estate,theft_damage,multiple,severe,broker,third_party,False,True,True,12,51511,33,1,9,2012,15430.25,0.869,1543.02,6952.0,2.0,False,,,scrapped_by_model,0.9994,1,1,0.9989,1,0.9999,1
CLM007904,POL003742,2023-02-03,2023-01-22,2013-04-14,2014-04-14,12,Vauxhall,Mokka,SUV,flood,front,minor,online,comprehensive,False,True,True,8,33639,70,2,13,2015,22622.51,0.803,8144.1,401.5,0.0493,False,,,sent_to_garage,0.2362,0,1,0.7771,0,0.797,0
CLM007905,POL005780,2024-09-08,2024-08-28,2018-02-28,2019-02-28,11,Honda,Jazz,Hatchback,collision,front,moderate,phone,comprehensive,True,True,True,12,34438,52,0,20,2012,15430.25,0.869,1543.02,1738.0,1.1264,False,,,sent_to_garage,0.9984,0,1,0.997,1,0.9973,1
CLM007906,POL001060,2024-02-08,2024-01-11,2016-09-21,2017-09-21,28,Vauxhall,Insignia,Hatchback,collision,front,moderate,online,third_party,False,False,False,7,101811,47,0,2,2017,24381.09,0.84,10727.68,1680.0,0.1566,False,,,sent_to_garage,0.0455,0,0,0.0495,0,0.0552,0
CLM007908,POL004681,2023-07-02,2023-07-01,2023-02-04,2024-02-04,1,Toyota,Camry,Motorbike,collision,rear,minor,direct,comprehensive,True,False,True,4,101185,36,1,20,2019,31228.66,0.885,21235.49,398.25,0.0188,True,,,sent_to_garage,0.1838,0,0,0.1741,0,0.2297,0
CLM007909,POL002875,2023-06-23,2023-05-28,2020-10-01,2021-10-01,26,Vauxhall,Astra,Estate,vandalism,multiple,moderate,online,third_party_fire_theft,False,True,True,5,105303,46,1,16,2018,18172.28,0.738,10903.37,2583.0,0.2369,False,,,sent_to_garage,0.2387,0,1,0.7256,0,0.3625,0
CLM007910,POL002046,2024-10-06,2024-09-16,2018-12-19,2019-12-19,20,BMW,1 Series,Hatchback,fire,rear,moderate,phone,comprehensive,True,True,True,5,188090,50,0,5,2019,28922.4,1.73,17353.44,3114.0,0.1794,False,,,sent_to_garage,0.0843,0,0,0.0827,0,0.0943,0
CLM007913,POL002321,2023-05-10,2023-05-09,2022-08-13,2023-08-13,1,Vauxhall,Insignia,Sedan,fire,multiple,severe,direct,comprehensive,False,False,True,17,81771,55,0,13,2006,24735.27,0.831,2473.53,6648.0,2.0,False,,,scrapped_by_model,1.0,1,1,0.9999,1,0.9997,1
CLM007918,POL000288,2022-10-07,2022-09-16,2018-09-01,2019-09-01,21,Ford,Mondeo,Van,fire,rear,minor,app,third_party,False,True,True,6,19351,29,1,11,2016,21112.06,0.871,10978.27,391.95,0.0357,False,,,sent_to_garage,0.0889,0,0,0.0963,0,0.0992,0
CLM007919,POL005251,2024-06-03,2024-05-20,2022-05-04,2023-05-04,14,Honda,Civic,Sedan,theft_damage,front,severe,direct,comprehensive,False,True,False,14,192433,17,1,1,2010,21201.86,0.888,2120.19,4440.0,2.0,False,,,scrapped_by_model,0.9998,1,1,0.9999,1,0.9999,1
CLM007922,POL002227,2024-05-14,2024-05-10,2014-06-10,2015-06-10,4,Toyota,Yaris,Sedan,fire,roof,minor,direct,third_party,False,True,True,17,59328,58,3,4,2007,14607.83,0.817,1460.78,490.2,0.3356,False,,,sent_to_garage,0.7684,0,0,0.0379,0,0.1657,0
CLM007926,POL001095,2023-11-19,2023-10-27,2019-08-30,2020-08-29,23,Honda,Civic,Van,vandalism,roof,moderate,phone,third_party,True,False,True,6,90460,19,0,7,2017,22722.8,0.891,11815.86,2227.5,0.1885,False,,,sent_to_garage,0.0869,0,0,0.0057,0,0.0845,0
CLM007930,POL003913,2023-07-26,2023-07-11,2018-11-08,2019-11-08,15,Mercedes,E-Class,Estate,theft_damage,roof,moderate,online,comprehensive,False,False,False,17,129439,48,0,14,2006,54266.55,2.04,5426.66,5100.0,0.9398,False,,,scrapped_by_model,0.9999,1,1,0.9878,0,0.9995,1
CLM007932,POL003147,2024-08-15,2024-07-16,2020-09-27,2021-09-27,30,Nissan,Leaf,Estate,theft_damage,multiple,minor,broker,comprehensive,False,True,True,3,136666,44,1,4,2021,29938.25,1.022,22753.07,817.6,0.0359,True,,,sent_to_garage,0.2283,0,0,0.0849,0,0.1745,0
CLM007933,POL000396,2022-10-17,2022-09-18,2016-08-17,2017-08-17,29,Vauxhall,Corsa,Van,flood,roof,moderate,online,comprehensive,False,False,False,4,90669,55,1,14,2018,13630.04,0.694,9268.43,1735.0,0.1872,False,,,sent_to_garage,0.3872,0,1,0.6837,0,0.4771,0
CLM007936,POL001726,2022-04-08,2022-03-23,2017-10-26,2018-10-26,16,Honda,Civic,Van,collision,roof,moderate,online,third_party,False,True,False,9,126237,47,1,20,2013,22820.29,0.864,6389.68,2160.0,0.338,False,,,sent_to_garage,0.1421,0,0,0.0857,0,0.1072,0
CLM007940,POL003518,2023-03-17,2023-03-12,2014-08-25,2015-08-25,5,Volkswagen,Passat,Estate,vandalism,side,moderate,broker,comprehensive,False,False,True,15,153734,50,0,8,2008,28701.5,1.031,2870.15,1546.5,0.5388,False,,,sent_to_garage,0.6141,0,1,0.7882,0,0.8028,0
CLM007941,POL000947,2023-05-27,2023-05-01,2017-06-04,2018-06-04,26,Hyundai,i10,Hatchback,fire,multiple,moderate,broker,third_party,True,False,True,18,106580,29,0,1,2005,12305.49,0.732,1230.55,2562.0,2.0,False,,,scrapped_by_model,0.9996,1,1,0.9964,1,0.9997,1
CLM007942,POL002049,2023-05-19,2023-05-06,2022-08-18,2023-08-18,13,Mercedes,E-Class,Van,theft_damage,rear,minor,online,comprehensive,False,False,False,13,98043,28,0,19,2010,52350.73,1.988,5235.07,894.6,0.1709,False,,,sent_to_garage,0.1295,0,0,0.0598,0,0.0526,0
CLM007949,POL001621,2023-12-21,2023-12-15,2012-05-27,2013-05-27,6,Honda,Jazz,Motorbike,fire,front,minor,direct,comprehensive,False,True,False,5,189987,17,3,3,2018,16517.0,0.833,9910.2,416.5,0.042,False,,,sent_to_garage,0.7177,0,0,0.1114,0,0.2337,0
CLM007951,POL003701,2023-09-28,2023-09-28,2019-02-26,2020-02-26,0,BMW,X3,Sedan,fire,rear,moderate,app,third_party_fire_theft,False,False,True,19,75974,36,1,2,2004,46056.46,1.875,4605.65,3375.0,0.7328,False,,,sent_to_garage,0.6984,0,0,0.0622,0,0.21,0
CLM007952,POL003467,2023-05-14,2023-05-08,2013-04-16,2014-04-16,6,Honda,CR-V,Van,theft_damage,front,moderate,broker,comprehensive,True,False,False,10,170335,76,1,12,2013,31098.43,0.925,6219.69,1850.0,0.2974,False,,,sent_to_garage,0.0794,0,0,0.1169,0,0.1226,0
CLM007956,POL003828,2024-06-28,2024-06-02,2013-09-17,2014-09-17,26,Ford,Kuga,Hatchback,theft_damage,rear,minor,app,comprehensive,False,False,True,9,4662,41,1,14,2015,27828.95,0.874,7792.11,393.3,0.0505,False,,,sent_to_garage,0.0209,0,0,0.0896,0,0.0712,0
CLM007957,POL002033,2023-01-24,2022-12-31,2014-12-28,2015-12-28,24,Volkswagen,Golf,Hatchback,vandalism,roof,minor,online,third_party,False,False,True,20,46909,39,0,14,2003,,,,,,False,,,sent_to_garage,0.4312,0,1,0.6948,0,0.564,0
CLM007958,POL001448,2024-09-29,2024-09-26,2013-11-03,2014-11-03,3,Volkswagen,Tiguan,Sedan,fire,side,severe,broker,third_party_fire_theft,True,True,True,15,7821,59,1,18,2009,33610.51,1.07,3361.05,4280.0,1.2734,False,,,scrapped_by_model,0.9992,1,1,0.9982,1,0.9962,1
CLM007960,POL005490,2024-03-06,2024-02-14,2022-07-02,2023-07-02,21,Toyota,Camry,Van,vandalism,roof,severe,app,comprehensive,False,True,False,9,99449,70,1,15,2015,29599.83,0.882,8287.95,5292.0,0.6385,False,,,sent_to_garage,0.5727,0,0,0.0842,0,0.3027,0
CLM007961,POL000802,2024-08-08,2024-07-29,2020-11-26,2021-11-26,10,Hyundai,Tucson,Motorbike,fire,rear,moderate,broker,third_party_fire_theft,False,False,False,19,37466,50,0,18,2005,29371.5,0.858,2937.15,1544.4,0.5258,False,,,sent_to_garage,0.2319,0,0,0.1368,0,0.235,0
CLM007966,POL004598,2023-04-07,2023-04-07,2017-03-22,2018-03-22,0,Audi,Q5,Estate,theft_damage,multiple,minor,phone,third_party_fire_theft,False,False,True,1,65391,48,3,4,2022,45687.09,1.905,42032.12,1524.0,0.0363,True,,,sent_to_garage,0.2178,0,0,0.0966,0,0.0442,0
CLM007968,POL004791,2022-04-25,2022-04-25,2021-08-20,2022-08-20,0,Audi,Q5,Motorbike,flood,multiple,minor,broker,third_party_fire_theft,False,False,True,17,68856,46,1,2,2005,45386.83,1.84,4538.68,1472.0,0.3243,False,,,sent_to_garage,0.5728,0,0,0.1546,0,0.2513,0
CLM007970,POL000242,2024-10-16,2024-09-21,2022-01-01,2023-01-01,25,Honda,HR-V,Sedan,collision,multiple,minor,phone,comprehensive,False,False,True,1,77519,53,2,1,2023,25635.68,0.917,23584.83,733.6,0.0311,True,,,sent_to_garage,0.1923,0,0,0.0683,0,0.1942,0
CLM007971,POL003597,2022-12-17,2022-11-17,2022-07-09,2023-07-09,30,Toyota,Camry,Motorbike,theft_damage,multiple,minor,phone,third_party,True,False,False,12,186966,32,0,9,2010,30259.34,0.88,3025.93,704.0,0.2327,False,,,sent_to_garage,0.203,0,0,0.1189,0,0.1234,0
CLM007976,POL005080,2024-12-25,2024-12-15,2014-12-06,2015-12-06,10,BMW,3 Series,Motorbike,collision,side,moderate,app,comprehensive,False,False,True,13,159626,45,0,18,2011,34246.52,1.763,3424.65,2644.5,0.7722,False,,,sent_to_garage,0.2776,0,0,0.2763,0,0.2054,0
CLM007977,POL004737,2023-05-05,2023-04-08,2013-10-31,2014-10-31,27,Honda,CR-V,Hatchback,vandalism,rear,moderate,online,comprehensive,False,False,True,6,64511,43,2,11,2017,29674.48,0.911,15430.73,1639.8,0.1063,False,,,sent_to_garage,0.0816,0,0,0.0363,0,0.0749,0
CLM007978,POL005856,2023-07-18,2023-07-03,2019-02-08,2020-02-08,15,Ford,Focus,Hatchback,theft_damage,front,moderate,online,comprehensive,False,False,False,17,79225,32,1,5,2006,17797.46,0.79,1779.75,1580.0,0.8878,False,,,sent_to_garage,0.985,0,0,0.2142,0,0.3277,0
CLM007982,POL005061,2022-07-13,2022-06-27,2019-05-28,2020-05-27,16,Vauxhall,Mokka,Hatchback,vandalism,front,minor,online,comprehensive,False,True,True,9,51021,55,1,15,2013,21733.92,0.801,6085.5,400.5,0.0658,False,,,sent_to_garage,0.122,0,1,0.6945,0,0.4678,0
CLM007987,POL005572,2023-07-24,2023-07-01,2023-03-09,2024-03-08,23,Honda,HR-V,SUV,theft_damage,side,minor,phone,comprehensive,False,True,False,18,112096,44,1,13,2005,23752.67,0.884,2375.27,353.6,0.1489,False,,,sent_to_garage,0.1192,0,0,0.0458,0,0.1789,0
CLM007989,POL003762,2024-12-30,2024-11-30,2020-01-30,2021-01-29,30,Hyundai,i30,Hatchback,fire,rear,minor,direct,comprehensive,False,True,True,16,33996,33,1,13,2008,20890.3,0.798,2089.03,359.1,0.1719,False,,,sent_to_garage,0.6851,0,0,0.1464,0,0.2483,0
CLM007991,POL003169,2022-08-07,2022-07-15,2015-08-22,2016-08-21,23,Vauxhall,Corsa,Van,fire,side,severe,online,third_party,True,False,True,15,35276,18,3,14,2007,12411.59,0.685,1241.16,2740.0,2.0,False,,,scrapped_by_model,0.9996,1,1,0.9975,1,0.9875,0
CLM007995,POL000314,2023-01-01,2022-12-11,2018-12-25,2019-12-25,21,Volkswagen,Tiguan,Van,theft_damage,rear,moderate,direct,third_party,True,True,True,13,164993,54,0,12,2010,34111.23,1.071,3411.12,1927.8,0.5652,False,,,sent_to_garage,0.1647,0,0,0.0232,0,0.0826,0
CLM008003,POL001571,2024-09-02,2024-08-15,2016-03-17,2017-03-17,18,Volkswagen,Passat,Motorbike,fire,side,minor,app,comprehensive,False,True,True,5,152495,37,2,6,2019,28966.32,1.074,17379.79,429.6,0.0247,False,,,sent_to_garage,0.0853,0,0,0.1031,0,0.0848,0
CLM008004,POL000147,2022-05-26,2022-04-26,2017-08-07,2018-08-07,30,Nissan,Leaf,Van,theft_damage,rear,minor,direct,comprehensive,False,True,True,5,3319,23,0,19,2017,30929.82,0.975,18557.89,438.75,0.0236,True,,,sent_to_garage,0.0124,0,0,0.0103,0,0.0028,0
CLM008006,POL003967,2022-02-03,2022-01-05,2013-11-22,2014-11-22,29,Volkswagen,Polo,Hatchback,vandalism,multiple,severe,direct,comprehensive,False,False,True,13,178406,21,0,12,2009,16770.89,0.906,1677.09,7248.0,2.0,False,,,scrapped_by_model,0.9992,1,1,0.9999,1,0.9971,1
CLM008007,POL003081,2024-09-12,2024-08-17,2017-06-04,2018-06-04,26,Toyota,Yaris,Motorbike,collision,side,minor,broker,comprehensive,False,True,True,19,191805,34,0,2,2005,14258.14,0.778,1425.81,311.2,0.2183,False,,,sent_to_garage,0.0538,0,0,0.0225,0,0.0186,0
CLM008011,POL006017,2023-07-31,2023-07-12,2022-08-07,2023-08-07,19,BMW,X5,SUV,vandalism,multiple,severe,app,comprehensive,False,False,True,7,136553,49,0,4,2016,66828.41,1.953,29404.5,15624.0,0.5313,True,,,sent_to_garage,0.8443,0,1,0.986,0,0.9653,0
CLM008012,POL004064,2023-06-30,2023-06-07,2015-06-26,2016-06-25,23,Nissan,Qashqai,Sedan,vandalism,rear,minor,phone,comprehensive,False,True,False,12,79181,31,0,2,2011,27936.16,0.9,2793.62,405.0,0.145,False,,,sent_to_garage,0.1248,0,0,0.0409,0,0.0787,0
CLM008014,POL002041,2023-11-07,2023-10-10,2013-08-14,2014-08-14,28,Nissan,Micra,Van,collision,multiple,moderate,broker,comprehensive,False,False,True,0,195373,33,2,14,2023,12630.14,0.791,12630.14,2768.5,0.2192,False,,,sent_to_garage,0.5735,0,0,0.0575,0,0.4421,0
CLM008016,POL001361,2024-10-22,2024-10-04,2022-09-09,2023-09-09,18,Hyundai,i20,SUV,fire,roof,severe,phone,third_party,False,True,True,6,35804,38,4,8,2018,16600.86,0.77,8632.45,4620.0,0.5352,False,,,sent_to_garage,0.431,0,1,0.9273,0,0.7764,0
CLM008017,POL004314,2024-04-20,2024-04-03,2020-04-07,2021-04-07,17,Vauxhall,Corsa,Motorbike,flood,rear,moderate,online,third_party_fire_theft,True,True,True,14,14629,56,0,17,2010,12493.82,0.705,1249.38,1269.0,1.0157,False,,,sent_to_garage,0.9964,0,1,0.9024,0,0.9682,0
CLM008018,POL004009,2024-08-20,2024-08-20,2015-07-28,2016-07-27,0,Audi,A4,Estate,theft_damage,multiple,minor,direct,comprehensive,False,False,True,15,173817,29,2,6,2009,37867.05,1.789,3786.71,1431.2,0.378,False,,,sent_to_garage,0.4033,0,1,0.9326,0,0.8775,0
CLM008022,POL001489,2024-01-18,2024-01-16,2023-09-23,2024-09-22,2,Mercedes,A-Class,Hatchback,fire,front,minor,app,comprehensive,False,True,True,4,162566,55,0,13,2020,31390.74,1.838,21345.7,919.0,0.0431,True,,,sent_to_garage,0.6858,0,0,0.1726,0,0.4126,0
CLM008026,POL002751,2023-01-31,2023-01-13,2022-10-02,2023-10-02,18,Mercedes,E-Class,SUV,flood,rear,minor,phone,comprehensive,False,False,False,20,26811,30,0,17,2003,,,,,,False,,,sent_to_garage,0.2319,0,1,0.7546,0,0.2999,0
CLM008027,POL002186,2022-08-02,2022-07-20,2020-09-17,2021-09-17,13,Ford,Kuga,Estate,theft_damage,roof,moderate,online,comprehensive,False,True,True,14,158722,32,1,20,2008,28254.56,0.874,2825.46,2185.0,0.7733,False,,,sent_to_garage,0.217,0,1,0.8602,0,0.5716,0
CLM008028,POL004120,2024-08-06,2024-07-18,2014-05-29,2015-05-29,19,Nissan,Micra,Sedan,vandalism,side,minor,phone,comprehensive,False,False,False,1,103899,53,1,13,2023,12630.14,0.791,11619.73,316.4,0.0272,False,,,sent_to_garage,0.0056,0,0,0.0165,0,0.045,0
CLM008029,POL005936,2022-06-01,2022-05-12,2014-04-11,2015-04-11,20,Nissan,Qashqai,Estate,theft_damage,front,moderate,direct,comprehensive,False,True,True,6,152605,54,0,19,2016,29385.51,0.92,15280.47,1840.0,0.1204,False,,,sent_to_garage,0.0627,0,0,0.0427,0,0.0652,0
CLM008030,POL003342,2023-03-02,2023-02-25,2019-03-25,2020-03-24,5,Audi,A4,Sedan,collision,multiple,moderate,phone,third_party_fire_theft,False,False,True,2,149996,36,1,0,2021,36335.84,1.795,30522.11,6282.5,0.2058,True,,,sent_to_garage,0.7046,0,0,0.1872,0,0.3958,0
CLM008033,POL003189,2024-03-21,2024-03-04,2023-07-03,2024-07-02,17,BMW,3 Series,Van,collision,front,moderate,direct,comprehensive,False,True,True,6,94552,54,1,12,2018,33402.16,1.766,17369.12,3532.0,0.2033,False,,,sent_to_garage,0.0514,0,0,0.045,0,0.0969,0
CLM008040,POL004727,2023-05-21,2023-05-15,2014-12-27,2015-12-27,6,Volkswagen,Golf,Van,theft_damage,roof,severe,phone,comprehensive,True,True,False,5,89877,51,2,1,2018,25225.8,0.994,15135.48,5964.0,0.394,False,,,sent_to_garage,0.4111,0,0,0.1159,0,0.0518,0
CLM008041,POL000962,2022-11-27,2022-11-20,2020-06-12,2021-06-12,7,BMW,1 Series,Estate,flood,front,moderate,broker,comprehensive,True,True,True,0,79201,17,0,11,2022,28288.7,1.691,28288.7,3382.0,0.1196,True,,,sent_to_garage,0.0477,0,0,0.0143,0,0.1194,0
CLM008042,POL002319,2022-04-24,2022-03-29,2021-09-21,2022-09-21,26,Honda,Civic,Motorbike,fire,side,moderate,online,comprehensive,True,True,True,6,74550,57,1,0,2016,22146.13,0.883,11515.99,1324.5,0.115,False,,,sent_to_garage,0.0309,0,0,0.034,0,0.0616,0
CLM008046,POL001182,2022-05-27,2022-05-07,2017-04-20,2018-04-20,20,Honda,HR-V,Motorbike,fire,roof,minor,broker,comprehensive,False,True,True,5,69843,22,0,7,2017,24643.42,0.887,14786.05,532.2,0.036,False,,,sent_to_garage,0.3718,0,0,0.015,0,0.1096,0
CLM008047,POL004039,2024-01-12,2023-12-25,2018-03-25,2019-03-25,18,Audi,A4,Van,vandalism,rear,moderate,direct,third_party_fire_theft,False,True,False,3,143533,56,1,6,2021,36335.84,1.795,27615.24,3231.0,0.117,True,,,sent_to_garage,0.226,0,0,0.079,0,0.1621,0
CLM008051,POL002221,2024-11-20,2024-11-02,2023-06-23,2024-06-22,18,Honda,Civic,Motorbike,theft_damage,multiple,minor,broker,third_party,False,True,True,11,98717,46,0,0,2013,22820.29,0.864,2738.43,691.2,0.2524,False,,,sent_to_garage,0.1197,0,1,0.7218,0,0.3908,0
CLM008055,POL005381,2024-03-29,2024-03-04,2017-08-23,2018-08-23,25,Ford,Kuga,Motorbike,vandalism,rear,moderate,broker,comprehensive,False,False,True,1,171017,31,0,13,2023,28153.59,0.893,25901.3,1607.4,0.0621,True,,,sent_to_garage,0.1969,0,0,0.0954,0,0.1015,0
CLM008056,POL003324,2022-07-26,2022-07-20,2018-05-04,2019-05-04,6,Volkswagen,Golf,Sedan,theft_damage,multiple,moderate,broker,comprehensive,False,True,False,4,196835,17,1,2,2018,25225.8,0.994,17153.54,3479.0,0.2028,False,,,sent_to_garage,0.1638,0,1,0.928,0,0.7416,0
CLM008058,POL001721,2022-07-31,2022-07-31,2016-07-02,2017-07-02,0,Volkswagen,Tiguan,Motorbike,fire,front,minor,broker,third_party_fire_theft,True,True,False,5,136374,41,1,9,2017,33255.81,1.074,19953.49,537.0,0.0269,True,,,sent_to_garage,0.0695,0,0,0.0156,0,0.1075,0
CLM008060,POL004981,2022-10-11,2022-09-16,2016-10-01,2017-10-01,25,Volkswagen,Golf,Motorbike,fire,front,moderate,online,third_party,False,True,True,17,72613,51,0,10,2005,23842.43,0.992,2384.24,1984.0,0.8321,False,,,sent_to_garage,0.9248,0,1,0.9297,0,0.8276,0
CLM008064,POL004269,2022-03-19,2022-02-24,2015-08-21,2016-08-20,23,Vauxhall,Corsa,SUV,theft_damage,multiple,minor,app,comprehensive,True,True,False,7,170938,52,1,20,2015,13354.82,0.715,5876.12,572.0,0.0973,False,,,sent_to_garage,0.0581,0,0,0.012,0,0.0556,0
CLM008067,POL000720,2023-12-16,2023-12-06,2015-02-26,2016-02-26,10,Ford,Kuga,SUV,collision,roof,minor,direct,third_party,True,False,True,8,100187,51,2,4,2015,27828.95,0.874,10018.42,524.4,0.0523,False,,,sent_to_garage,0.0147,0,0,0.0219,0,0.0351,0
CLM008069,POL000710,2022-09-03,2022-09-02,2017-06-09,2018-06-09,1,BMW,1 Series,Hatchback,fire,multiple,severe,phone,comprehensive,True,True,True,13,18657,36,1,5,2009,27442.66,1.699,2744.27,13592.0,2.0,False,,,scrapped_by_model,0.9997,1,1,0.9974,1,0.9995,1
CLM008072,POL003014,2022-03-06,2022-02-14,2014-02-18,2015-02-18,20,Vauxhall,Insignia,Sedan,collision,side,minor,broker,third_party,True,False,True,19,105221,32,0,0,2003,,,,,,False,,,sent_to_garage,0.067,0,1,0.7566,0,0.4645,0
CLM008073,POL001283,2022-01-03,2021-12-15,2013-09-18,2014-09-18,19,Hyundai,i10,SUV,vandalism,roof,moderate,broker,third_party_fire_theft,False,True,False,2,4402,26,1,11,2020,11766.96,0.755,9884.25,1887.5,0.191,False,,,sent_to_garage,0.0859,0,0,0.1033,0,0.0781,0
CLM008074,POL002537,2024-03-16,2024-03-09,2012-05-17,2013-05-17,7,Nissan,Qashqai,Estate,flood,side,severe,broker,third_party,True,True,True,8,141371,36,0,17,2016,29385.51,0.92,10578.78,3680.0,0.3479,False,,,sent_to_garage,0.6196,0,1,0.9586,0,0.7871,0
CLM008075,POL006414,2023-01-24,2023-01-11,2012-07-29,2013-07-29,13,Mercedes,C-Class,Hatchback,fire,roof,minor,app,comprehensive,False,False,True,3,160269,35,0,15,2020,40606.68,1.942,30861.08,1165.2,0.0378,True,,,sent_to_garage,0.089,0,0,0.0497,0,0.0607,0
CLM008078,POL001370,2023-08-10,2023-07-23,2021-12-05,2022-12-05,18,BMW,3 Series,Hatchback,fire,roof,moderate,online,comprehensive,False,True,False,13,24269,32,1,18,2010,36473.4,1.764,3647.34,4410.0,1.2091,False,,,sent_to_garage,0.9981,0,1,0.9948,1,0.9995,1
CLM008084,POL003261,2023-06-14,2023-06-05,2016-02-06,2017-02-05,9,Honda,CR-V,Sedan,flood,roof,moderate,broker,comprehensive,False,False,True,16,83445,37,3,9,2007,29011.02,0.946,2901.1,2365.0,0.8152,False,,,sent_to_garage,0.958,0,0,0.2074,0,0.1932,0
CLM008085,POL000712,2022-09-26,2022-09-10,2015-09-04,2016-09-03,16,Honda,Jazz,Sedan,fire,rear,moderate,broker,comprehensive,False,True,True,0,79493,17,0,13,2022,15831.17,0.862,15831.17,1551.6,0.098,False,,,sent_to_garage,0.0516,0,0,0.0158,0,0.0605,0
CLM008086,POL004623,2022-07-04,2022-06-12,2019-03-10,2020-03-09,22,Honda,HR-V,Estate,theft_damage,front,minor,broker,third_party_fire_theft,False,True,False,15,66487,17,0,0,2007,24179.9,0.921,2417.99,460.5,0.1904,False,,,sent_to_garage,0.1796,0,0,0.0015,0,0.1081,0
CLM008088,POL000977,2023-10-07,2023-09-24,2014-03-15,2015-03-15,13,Volkswagen,Golf,Sedan,flood,rear,moderate,phone,comprehensive,True,True,True,10,73830,43,0,20,2013,25443.22,0.972,5088.64,1749.6,0.3438,False,,,sent_to_garage,0.1361,0,0,0.0155,0,0.0937,0
CLM008089,POL002613,2024-11-06,2024-10-24,2016-11-12,2017-11-12,13,BMW,X5,Sedan,vandalism,roof,moderate,broker,third_party_fire_theft,False,True,True,14,154831,31,1,15,2010,65890.98,1.955,6589.1,4887.5,0.7418,False,,,sent_to_garage,0.2848,0,1,0.8231,0,0.8278,0
CLM008090,POL000577,2023-05-02,2023-04-24,2023-02-02,2024-02-02,8,Toyota,RAV4,Van,theft_damage,rear,severe,phone,third_party,False,True,True,7,199131,57,0,19,2016,32870.74,0.89,14463.13,4005.0,0.2769,False,,,sent_to_garage,0.3552,0,0,0.1677,0,0.1898,0
CLM008094,POL006531,2024-12-07,2024-11-20,2024-08-05,2025-08-05,17,Vauxhall,Corsa,Van,collision,roof,moderate,broker,third_party,True,False,True,15,3350,54,2,11,2009,12594.82,0.68,1259.48,1700.0,1.3498,False,,,sent_to_garage,0.9968,0,1,0.9989,1,0.9993,1
CLM008095,POL000252,2022-08-05,2022-08-04,2014-01-20,2015-01-20,1,Ford,Mondeo,Estate,collision,multiple,minor,app,comprehensive,False,True,True,1,156252,17,2,11,2021,21850.6,0.856,20102.55,684.8,0.0341,True,,,sent_to_garage,0.0907,0,0,0.1255,0,0.149,0
CLM008096,POL004851,2024-06-06,2024-05-29,2012-11-08,2013-11-08,8,Mercedes,E-Class,Estate,fire,multiple,moderate,phone,comprehensive,False,True,True,5,109972,57,0,17,2019,52237.51,2.005,31342.51,7017.5,0.2239,True,,,sent_to_garage,0.1778,0,0,0.044,0,0.1006,0
CLM008097,POL000438,2023-02-01,2023-01-26,2014-05-08,2015-05-08,6,Honda,CR-V,SUV,fire,rear,moderate,direct,comprehensive,False,True,True,8,37005,59,1,5,2015,29794.56,0.927,10726.04,1668.6,0.1556,False,,,sent_to_garage,0.1798,0,0,0.0869,0,0.202,0
CLM008101,POL001124,2023-02-16,2023-01-20,2015-09-11,2016-09-10,27,Volkswagen,Polo,Van,vandalism,multiple,moderate,app,third_party_fire_theft,False,True,True,17,83919,27,1,18,2006,15692.06,0.905,1569.21,3167.5,2.0,False,,,sent_to_garage,0.9985,0,1,0.9828,0,0.9872,0
CLM008104,POL004098,2023-07-11,2023-07-07,2023-06-18,2024-06-17,4,Toyota,Camry,SUV,collision,front,minor,broker,comprehensive,False,False,False,7,121369,33,1,8,2016,29515.37,0.898,12986.76,449.0,0.0346,False,,,sent_to_garage,0.2144,0,0,0.0461,0,0.1127,0
CLM008106,POL000148,2024-07-22,2024-07-04,2017-10-03,2018-10-03,18,Ford,Fiesta,Hatchback,fire,multiple,moderate,phone,comprehensive,False,True,True,4,175624,52,1,17,2020,11790.99,0.744,8017.87,2604.0,0.3248,False,,,sent_to_garage,0.6216,0,0,0.0546,0,0.2977,0
CLM008108,POL004743,2023-06-26,2023-06-05,2013-05-16,2014-05-16,21,Hyundai,Tucson,Van,collision,front,moderate,direct,third_party_fire_theft,False,True,True,9,65757,33,0,14,2014,27289.79,0.898,7641.14,1796.0,0.235,False,,,sent_to_garage,0.1215,0,0,0.0213,0,0.0945,0
CLM008113,POL005606,2024-12-03,2024-11-15,2016-07-03,2017-07-03,18,BMW,3 Series,Hatchback,theft_damage,roof,minor,broker,comprehensive,False,False,True,14,192006,42,0,19,2010,36473.4,1.764,3647.34,1058.4,0.2902,False,,,sent_to_garage,0.2716,0,0,0.1537,0,0.3563,0
CLM008119,POL002243,2024-03-21,2024-02-23,2015-05-08,2016-05-07,27,Mercedes,GLC,Motorbike,collision,roof,moderate,broker,comprehensive,False,True,True,17,29522,48,1,4,2007,46587.94,2.006,4658.79,5015.0,1.0765,False,,,scrapped_by_model,0.9996,1,1,0.9993,1,0.9996,1
CLM008123,POL004012,2024-05-13,2024-05-13,2013-03-26,2014-03-26,0,Hyundai,i20,Van,flood,side,moderate,app,comprehensive,False,False,False,11,114725,39,1,15,2013,16737.0,0.79,2008.44,1185.0,0.59,False,,,sent_to_garage,0.1039,0,0,0.0978,0,0.1606,0
CLM008126,POL002012,2022-10-13,2022-09-29,2014-10-22,2015-10-22,14,Ford,Transit,Estate,fire,side,moderate,app,third_party_fire_theft,False,True,True,7,135252,32,1,14,2015,31310.44,0.935,13776.59,1402.5,0.1018,False,,,sent_to_garage,0.5749,0,0,0.0185,0,0.1237,0
CLM008134,POL004655,2024-08-21,2024-08-04,2019-01-24,2020-01-24,17,Toyota,Corolla,SUV,collision,rear,severe,broker,comprehensive,False,True,False,4,115682,31,0,7,2020,22632.35,0.853,15390.0,3838.5,0.2494,False,,,sent_to_garage,0.1452,0,0,0.1077,0,0.2868,0
CLM008136,POL002369,2022-10-22,2022-09-29,2014-03-09,2015-03-09,23,Nissan,Qashqai,Van,flood,front,moderate,app,comprehensive,True,False,True,3,71128,49,2,10,2019,28297.64,0.924,21506.21,1848.0,0.0859,True,,,sent_to_garage,0.1313,0,0,0.0119,0,0.087,0
CLM008140,POL001827,2022-09-10,2022-08-26,2019-11-19,2020-11-18,15,Toyota,Camry,Sedan,vandalism,front,moderate,online,comprehensive,True,False,False,9,160590,21,3,5,2013,30447.45,0.889,8525.29,1778.0,0.2086,False,,,sent_to_garage,0.2777,0,0,0.0279,0,0.2179,0
CLM008142,POL001465,2022-06-22,2022-06-07,2018-04-12,2019-04-12,15,Hyundai,i30,Sedan,theft_damage,front,moderate,broker,third_party,False,False,False,7,177311,61,1,11,2015,20420.03,0.827,8984.81,1654.0,0.1841,False,,,sent_to_garage,0.1183,0,0,0.1001,0,0.1609,0
CLM008144,POL001909,2022-03-18,2022-02-17,2016-04-24,2017-04-24,29,Nissan,Qashqai,Hatchback,theft_damage,front,moderate,app,third_party_fire_theft,False,True,False,12,39542,17,0,1,2010,26827.23,0.874,2682.72,1748.0,0.6516,False,,,sent_to_garage,0.1424,0,0,0.0152,0,0.1421,0
CLM008145,POL003416,2022-10-12,2022-10-11,2022-06-03,2023-06-03,1,Toyota,Corolla,Van,flood,front,minor,broker,comprehensive,False,False,False,8,12319,29,0,0,2014,22194.27,0.841,7989.94,420.5,0.0526,False,,,sent_to_garage,0.0571,0,1,0.7806,0,0.6049,0
CLM008149,POL004667,2023-01-12,2022-12-20,2021-03-28,2022-03-28,23,Vauxhall,Insignia,Motorbike,flood,front,minor,broker,comprehensive,False,True,False,2,47693,60,0,12,2021,23929.56,0.832,20100.83,416.0,0.0207,True,,,sent_to_garage,0.0843,0,0,0.0624,0,0.1147,0
CLM008153,POL003242,2024-12-11,2024-11-23,2020-01-05,2021-01-04,18,Volkswagen,Passat,Van,fire,side,minor,phone,comprehensive,False,False,True,18,137198,58,2,9,2006,31245.9,1.05,3124.59,420.0,0.1344,False,,,sent_to_garage,0.7154,0,1,0.8608,0,0.554,0
CLM008157,POL004921,2022-05-30,2022-05-05,2020-08-13,2021-08-13,25,Toyota,Corolla,SUV,collision,side,moderate,direct,comprehensive,False,False,False,4,171702,40,2,17,2018,22444.4,0.858,15262.19,1287.0,0.0843,False,,,sent_to_garage,0.187,0,0,0.0344,0,0.1044,0
CLM008165,POL002154,2022-03-19,2022-03-14,2017-12-20,2018-12-20,5,Ford,Focus,Estate,collision,roof,minor,online,third_party_fire_theft,True,True,False,12,32444,57,0,4,2010,18369.3,0.813,1836.93,487.8,0.2656,False,,,sent_to_garage,0.3626,0,1,0.7043,0,0.6322,0
CLM008169,POL001143,2023-09-07,2023-09-07,2020-08-08,2021-08-08,0,Vauxhall,Insignia,Estate,collision,side,moderate,app,third_party_fire_theft,False,False,True,3,79974,33,0,13,2020,26205.92,0.873,19916.5,1309.5,0.0657,True,,,sent_to_garage,0.3028,0,0,0.0338,0,0.0797,0
CLM008170,POL002219,2022-05-12,2022-04-16,2015-07-29,2016-07-28,26,BMW,1 Series,Sedan,collision,front,minor,broker,comprehensive,False,True,False,9,174479,37,1,1,2013,28375.13,1.66,7945.04,830.0,0.1045,False,,,sent_to_garage,0.144,0,0,0.0332,0,0.0902,0
CLM008173,POL003345,2022-09-28,2022-09-17,2014-05-20,2015-05-20,11,BMW,5 Series,SUV,fire,multiple,severe,direct,third_party,False,True,True,8,42359,22,1,19,2014,44398.77,1.88,15983.56,15040.0,0.941,False,,,scrapped_by_model,0.9989,1,1,0.9984,1,0.9958,0
CLM008186,POL005244,2024-05-26,2024-05-25,2020-06-10,2021-06-10,1,BMW,X3,Sedan,fire,side,moderate,phone,third_party,True,True,False,6,36938,58,0,8,2018,48757.74,1.841,25354.02,2761.5,0.1089,True,,,sent_to_garage,0.0403,0,0,0.0182,0,0.0563,0
CLM008187,POL002112,2024-12-05,2024-11-20,2019-10-12,2020-10-11,15,Mercedes,GLC,Sedan,collision,rear,moderate,app,comprehensive,False,True,False,12,43685,32,1,8,2012,46536.6,1.958,4653.66,3524.4,0.7573,False,,,sent_to_garage,0.0555,0,1,0.5976,0,0.242,0
CLM008194,POL005221,2023-02-21,2023-02-07,2021-11-25,2022-11-25,14,Ford,Focus,Hatchback,vandalism,front,severe,direct,comprehensive,False,False,True,19,33508,56,0,13,2004,18360.48,0.791,1836.05,3955.0,2.0,False,,,scrapped_by_model,0.9999,1,1,0.9998,1,0.9999,1
CLM008197,POL003528,2022-12-19,2022-11-22,2019-11-05,2020-11-04,27,Volkswagen,Passat,Sedan,fire,roof,moderate,app,comprehensive,False,True,True,8,92281,50,0,7,2014,29205.29,1.039,10513.9,2597.5,0.2471,False,,,sent_to_garage,0.0864,0,0,0.1772,0,0.062,0
CLM008198,POL001202,2024-04-28,2024-04-28,2021-04-11,2022-04-11,0,Hyundai,i10,Motorbike,collision,rear,minor,phone,third_party_fire_theft,True,False,True,1,23797,58,0,18,2023,12274.05,0.747,11292.13,336.15,0.0298,False,,,sent_to_garage,0.0186,0,0,0.0813,0,0.0489,0
CLM008201,POL000125,2024-09-13,2024-09-11,2018-04-06,2019-04-06,2,Vauxhall,Insignia,Estate,vandalism,side,minor,app,comprehensive,False,False,True,8,65908,24,1,7,2016,24988.77,0.83,8995.96,332.0,0.0369,False,,,sent_to_garage,0.0268,0,0,0.0118,0,0.045,0
CLM008206,POL002093,2024-02-27,2024-02-08,2018-08-20,2019-08-20,19,Honda,CR-V,Estate,fire,side,moderate,direct,comprehensive,False,True,True,13,47336,58,2,18,2011,28884.16,0.91,2888.42,1365.0,0.4726,False,,,sent_to_garage,0.4659,0,0,0.2433,0,0.2433,0
CLM008208,POL001892,2024-12-02,2024-11-12,2017-04-11,2018-04-11,20,Audi,A3,Van,vandalism,roof,severe,direct,comprehensive,False,False,True,10,89342,45,2,20,2014,29849.58,1.723,5969.92,10338.0,1.7317,False,,,scrapped_by_model,0.9996,1,1,0.9983,1,0.9999,1
CLM008210,POL005911,2023-10-07,2023-10-05,2020-12-16,2021-12-16,2,Hyundai,i20,Motorbike,collision,side,moderate,direct,comprehensive,True,False,False,16,172841,42,0,13,2007,16004.6,0.78,1600.46,1170.0,0.731,False,,,sent_to_garage,0.4074,0,1,0.9726,0,0.8474,0
CLM008214,POL003429,2022-12-02,2022-11-12,2014-04-24,2015-04-24,20,BMW,1 Series,SUV,vandalism,front,moderate,online,comprehensive,False,True,False,8,18665,34,1,17,2014,26992.95,1.692,9717.46,3384.0,0.3482,False,,,sent_to_garage,0.0879,0,0,0.0192,0,0.0924,0
CLM008220,POL004585,2022-04-10,2022-04-04,2012-07-19,2013-07-19,6,Toyota,Yaris,Van,vandalism,rear,moderate,online,comprehensive,True,True,True,16,21994,53,0,2,2006,15158.89,0.814,1515.89,1465.2,0.9666,False,,,sent_to_garage,0.9978,0,0,0.0703,0,0.0877,0
CLM008221,POL001754,2023-08-20,2023-08-06,2012-02-16,2013-02-15,14,Audi,Q3,Hatchback,fire,side,moderate,app,third_party_fire_theft,True,True,False,11,16365,42,1,20,2012,34648.87,1.769,4157.86,2653.5,0.6382,False,,,sent_to_garage,0.2998,0,1,0.8788,0,0.6689,0
CLM008222,POL004425,2024-09-19,2024-09-16,2016-05-08,2017-05-08,3,Hyundai,i10,Hatchback,fire,side,moderate,broker,comprehensive,False,False,False,5,90035,19,1,3,2019,11460.64,0.767,6876.38,1150.5,0.1673,False,,,sent_to_garage,0.1833,0,1,0.888,0,0.6271,0
CLM008234,POL003433,2023-09-23,2023-09-02,2013-01-18,2014-01-18,21,Honda,Jazz,Hatchback,collision,roof,moderate,direct,comprehensive,True,True,True,19,84572,43,1,9,2004,16762.66,0.841,1676.27,2102.5,1.2543,False,,,scrapped_by_model,0.9994,1,1,0.9982,1,0.9974,1
CLM008237,POL005226,2023-07-25,2023-07-17,2021-07-28,2022-07-28,8,Honda,HR-V,Van,collision,front,moderate,online,comprehensive,False,True,False,0,137581,60,0,20,2023,25635.68,0.917,25635.68,1834.0,0.0715,True,,,sent_to_garage,0.1057,0,0,0.0457,0,0.1104,0
CLM008238,POL002937,2022-02-24,2022-02-04,2015-11-09,2016-11-08,20,Nissan,Micra,Van,theft_damage,roof,moderate,direct,third_party,False,True,True,17,175400,25,3,15,2005,12489.51,0.78,1248.95,1950.0,1.5613,False,,,scrapped_by_model,0.9988,1,1,0.9947,1,0.9963,1
CLM008241,POL000334,2024-02-04,2024-01-10,2012-08-15,2013-08-15,25,BMW,X5,Sedan,fire,side,moderate,broker,third_party_fire_theft,True,True,False,0,154114,28,1,19,2024,63038.33,2.049,63038.33,3073.5,0.0488,True,,,sent_to_garage,0.1618,0,0,0.0406,0,0.1252,0
CLM008252,POL000782,2024-06-17,2024-05-23,2015-07-24,2016-07-23,25,Volkswagen,Golf,Estate,collision,front,minor,online,comprehensive,False,False,True,3,93804,52,3,11,2021,24604.82,1.013,18699.66,506.5,0.0271,True,,,sent_to_garage,0.06,0,0,0.0466,0,0.0502,0
CLM008253,POL004126,2023-06-15,2023-06-05,2019-07-23,2020-07-22,10,BMW,X5,Hatchback,collision,roof,moderate,phone,comprehensive,False,False,False,1,65901,61,0,2,2022,61938.5,1.969,56983.42,4922.5,0.0864,True,,,sent_to_garage,0.0393,0,0,0.0278,0,0.0287,0
CLM008258,POL001409,2024-02-11,2024-02-03,2014-09-05,2015-09-05,8,Nissan,Juke,SUV,theft_damage,side,severe,app,comprehensive,True,False,True,14,129924,46,0,2,2010,20416.32,0.833,2041.63,3332.0,1.632,False,,,scrapped_by_model,0.9998,1,1,0.9997,1,0.9998,1
CLM008262,POL000472,2023-10-14,2023-10-02,2022-06-19,2023-06-19,12,Audi,A3,Motorbike,collision,roof,severe,online,third_party,True,True,True,11,156988,37,0,17,2012,29293.62,1.786,3515.23,10716.0,2.0,False,,,scrapped_by_model,0.9993,1,1,0.9996,1,0.9991,1
CLM008264,POL005460,2024-08-13,2024-07-18,2012-04-02,2013-04-02,26,Audi,Q3,Sedan,vandalism,roof,severe,broker,third_party_fire_theft,False,True,False,14,178594,45,0,12,2010,34142.87,1.763,3414.29,10578.0,2.0,False,,,scrapped_by_model,0.9996,1,1,0.9999,1,0.9997,1
CLM008266,POL005987,2023-08-17,2023-07-25,2022-03-26,2023-03-26,23,Vauxhall,Astra,Sedan,fire,multiple,severe,online,comprehensive,False,True,True,9,120002,40,1,2,2014,18219.23,0.74,5101.38,5920.0,1.1605,False,,,scrapped_by_model,0.9996,1,1,0.9999,1,0.9997,1
CLM008270,POL001973,2022-07-01,2022-06-24,2020-09-05,2021-09-05,7,Honda,HR-V,Motorbike,theft_damage,side,minor,direct,comprehensive,False,False,True,0,21084,69,1,10,2022,24054.92,0.919,24054.92,367.6,0.0153,True,,,sent_to_garage,0.0524,0,0,0.0304,0,0.0207,0
CLM008276,POL002098,2024-10-08,2024-09-13,2022-03-15,2023-03-15,25,Nissan,Micra,SUV,flood,rear,severe,app,comprehensive,False,True,False,18,117194,32,2,20,2006,13025.41,0.78,1302.54,3510.0,2.0,False,,,scrapped_by_model,0.9999,1,1,0.9995,1,1.0,1
CLM008279,POL005228,2023-08-29,2023-08-04,2023-05-24,2024-05-23,25,BMW,X3,Estate,flood,rear,severe,online,comprehensive,False,True,True,12,87604,61,0,5,2011,48557.6,1.814,4855.76,8163.0,1.6811,False,,,sent_to_garage,0.9972,0,0,0.1572,0,0.2469,0
CLM008280,POL001816,2023-02-18,2023-01-28,2021-10-10,2022-10-10,21,Vauxhall,Corsa,Van,flood,multiple,moderate,app,third_party,True,True,False,10,27848,70,0,1,2013,12356.16,0.715,2471.23,2502.5,1.0127,False,,,scrapped_by_model,0.9989,1,1,0.9842,0,0.9974,1
CLM008285,POL000597,2024-07-01,2024-06-22,2020-08-09,2021-08-09,9,Hyundai,i30,Sedan,fire,rear,minor,online,comprehensive,False,False,True,19,46040,50,0,4,2005,19991.21,0.798,1999.12,359.1,0.1796,False,,,sent_to_garage,0.406,0,1,0.7846,0,0.7366,0
CLM008288,POL005167,2023-02-17,2023-01-24,2014-09-06,2015-09-06,24,Volkswagen,Passat,Motorbike,fire,multiple,severe,phone,third_party_fire_theft,False,True,True,16,37885,51,0,0,2007,28903.1,1.042,2890.31,8336.0,2.0,False,,,scrapped_by_model,1.0,1,1,0.9999,1,0.9998,1
CLM008291,POL004195,2023-09-17,2023-09-06,2016-02-10,2017-02-09,11,Vauxhall,Mokka,Van,theft_damage,side,severe,direct,comprehensive,True,True,False,14,189095,22,0,5,2009,21292.57,0.786,2129.26,3144.0,1.4766,False,,,scrapped_by_model,0.9994,1,1,0.9999,1,0.9997,1
CLM008292,POL005661,2023-07-15,2023-06-18,2020-01-13,2021-01-12,27,Honda,HR-V,SUV,fire,front,severe,app,third_party_fire_theft,True,True,False,1,11333,36,1,9,2022,24054.92,0.919,22130.53,4595.0,0.2076,True,,,sent_to_garage,0.5769,0,1,0.8957,0,0.6682,0
CLM008296,POL002344,2024-03-22,2024-02-25,2018-09-05,2019-09-05,26,Ford,Transit,Van,collision,multiple,moderate,broker,comprehensive,False,False,True,4,43503,19,0,5,2020,30832.21,0.977,20965.9,3419.5,0.1631,True,,,sent_to_garage,0.118,0,0,0.017,0,0.0324,0
CLM008297,POL003804,2023-01-10,2022-12-11,2015-08-10,2016-08-09,30,Volkswagen,Passat,Motorbike,flood,front,minor,phone,third_party_fire_theft,False,True,False,2,62352,59,0,9,2021,30875.92,1.068,25935.77,534.0,0.0206,True,,,sent_to_garage,0.1997,0,1,0.7073,0,0.725,0
CLM008300,POL001946,2023-03-24,2023-03-20,2019-06-11,2020-06-10,4,Audi,Q3,SUV,fire,roof,moderate,direct,comprehensive,False,False,True,20,30474,54,0,3,2003,,,,,,False,,,sent_to_garage,0.6753,0,1,0.6753,0,0.6321,0
CLM008306,POL000675,2024-03-08,2024-03-04,2023-10-16,2024-10-15,4,BMW,X5,Hatchback,fire,side,severe,online,third_party,False,False,True,15,145338,51,1,14,2009,62520.11,2.042,6252.01,8168.0,1.3065,False,,,scrapped_by_model,0.9997,1,1,0.9988,1,0.9999,1
CLM008307,POL003907,2024-04-03,2024-03-12,2015-12-24,2016-12-23,22,Vauxhall,Corsa,SUV,vandalism,multiple,moderate,broker,comprehensive,False,False,False,6,13041,48,0,1,2018,13630.04,0.694,7087.62,2429.0,0.3427,False,,,sent_to_garage,0.124,0,0,0.0497,0,0.1225,0
CLM008309,POL002094,2024-06-03,2024-05-04,2019-06-22,2020-06-21,30,Mercedes,GLC,Estate,vandalism,rear,moderate,direct,comprehensive,False,False,True,9,33700,39,1,18,2015,49442.8,1.964,13843.98,3535.2,0.2554,False,,,sent_to_garage,0.0776,0,0,0.064,0,0.1061,0
CLM008311,POL005053,2023-03-14,2023-02-12,2018-05-07,2019-05-07,30,BMW,1 Series,Hatchback,collision,side,moderate,direct,third_party_fire_theft,False,True,True,4,190665,22,3,17,2019,28922.4,1.73,19667.23,2595.0,0.1319,True,,,sent_to_garage,0.3134,0,0,0.0418,0,0.0938,0
CLM008312,POL001786,2023-01-08,2022-12-12,2013-06-05,2014-06-05,27,Vauxhall,Insignia,Estate,collision,roof,moderate,phone,comprehensive,True,True,False,20,10966,20,0,13,2003,,,,,,False,,,sent_to_garage,0.4966,0,0,0.0101,0,0.1298,0
CLM008314,POL001741,2022-09-10,2022-08-21,2019-11-11,2020-11-10,20,Ford,Transit,Estate,theft_damage,side,moderate,phone,third_party_fire_theft,True,False,True,5,164447,68,1,10,2017,28959.85,0.932,17375.91,1398.0,0.0805,False,,,sent_to_garage,0.1396,0,0,0.035,0,0.0328,0
CLM008315,POL001156,2022-02-17,2022-02-01,2020-08-15,2021-08-15,16,Audi,A6,Van,flood,side,moderate,broker,comprehensive,False,True,False,20,155872,73,2,8,2002,,,,,,False,,,sent_to_garage,0.1076,0,0,0.0523,0,0.0317,0
CLM008316,POL003091,2023-08-31,2023-08-07,2014-07-29,2015-07-29,24,Hyundai,i30,Estate,theft_damage,multiple,minor,broker,comprehensive,False,False,True,9,49448,56,0,2,2014,19054.36,0.843,5335.22,674.4,0.1264,False,,,sent_to_garage,0.1757,0,1,0.7996,0,0.5188,0
CLM008318,POL004915,2022-08-27,2022-08-24,2018-06-13,2019-06-13,3,Hyundai,i30,Estate,theft_damage,front,severe,phone,comprehensive,True,True,True,6,173175,52,0,11,2016,20487.99,0.822,10653.75,4110.0,0.3858,False,,,sent_to_garage,0.693,0,0,0.1928,0,0.2607,0
CLM008319,POL001727,2024-10-23,2024-10-19,2014-12-08,2015-12-08,4,Nissan,Juke,SUV,fire,roof,minor,phone,comprehensive,False,True,False,5,53506,41,0,4,2019,19721.62,0.833,11832.97,499.8,0.0422,False,,,sent_to_garage,0.1295,0,0,0.0345,0,0.1253,0
CLM008320,POL002421,2024-07-10,2024-06-25,2021-10-03,2022-10-03,15,Hyundai,i20,Estate,flood,roof,minor,phone,comprehensive,False,True,False,15,107238,28,1,1,2009,16459.03,0.799,1645.9,479.4,0.2913,False,,,sent_to_garage,0.0288,0,0,0.1351,0,0.1584,0
CLM008326,POL001210,2023-08-18,2023-08-10,2012-09-18,2013-09-18,8,Mercedes,C-Class,Motorbike,fire,multiple,minor,app,comprehensive,False,True,True,7,146732,44,0,1,2016,38753.9,1.882,17051.72,1505.6,0.0883,False,,,sent_to_garage,0.3658,0,0,0.2284,0,0.2589,0
CLM008328,POL003208,2022-04-25,2022-04-22,2015-04-19,2016-04-18,3,Audi,A6,Motorbike,flood,roof,moderate,online,third_party,False,True,False,17,99731,31,2,3,2005,48767.77,1.911,4876.78,4777.5,0.9796,False,,,sent_to_garage,0.9986,0,1,0.9929,1,0.9898,0
CLM008329,POL004525,2024-02-04,2024-01-11,2012-03-14,2013-03-14,24,Toyota,RAV4,SUV,flood,rear,minor,app,third_party_fire_theft,True,False,True,17,8196,21,0,15,2007,30630.59,0.918,3063.06,413.1,0.1349,False,,,sent_to_garage,0.1686,0,0,0.1333,0,0.0633,0
CLM008333,POL000454,2024-02-25,2024-02-22,2022-10-09,2023-10-09,3,Honda,HR-V,SUV,theft_damage,rear,moderate,online,third_party_fire_theft,True,True,True,14,13958,33,0,11,2010,24287.95,0.905,2428.8,1629.0,0.6707,False,,,sent_to_garage,0.1922,0,0,0.0099,0,0.1116,0
CLM008336,POL003868,2022-10-16,2022-10-02,2019-10-18,2020-10-17,14,Nissan,Juke,Estate,flood,rear,moderate,direct,comprehensive,True,False,False,12,53145,18,0,2,2010,20416.32,0.833,2041.63,1499.4,0.7344,False,,,sent_to_garage,0.2333,0,0,0.0154,0,0.1355,0
CLM008339,POL002261,2022-12-15,2022-11-28,2021-12-31,2022-12-31,17,BMW,X5,SUV,fire,front,severe,phone,third_party_fire_theft,False,False,False,15,155,45,1,4,2007,64196.34,2.058,6419.63,10290.0,1.6029,False,,,sent_to_garage,0.9976,0,1,0.9991,1,0.9998,1
CLM008340,POL004142,2022-12-30,2022-12-15,2017-10-31,2018-10-31,15,Hyundai,i30,Hatchback,collision,front,moderate,direct,third_party_fire_theft,False,False,True,16,101489,41,0,4,2006,19696.55,0.838,1969.66,1676.0,0.8509,False,,,sent_to_garage,0.9674,0,1,0.9788,0,0.9741,0
CLM008342,POL003199,2023-07-16,2023-06-22,2016-07-07,2017-07-07,24,Audi,A6,Motorbike,vandalism,roof,severe,direct,comprehensive,True,False,True,2,47323,30,0,16,2021,48746.49,1.919,40947.05,11514.0,0.2812,True,,,sent_to_garage,0.5892,0,0,0.0169,0,0.18,0
CLM008345,POL004698,2023-09-16,2023-08-17,2021-05-06,2022-05-06,30,Vauxhall,Mokka,Motorbike,collision,roof,moderate,phone,third_party_fire_theft,True,False,True,2,99473,51,1,11,2021,22482.49,0.819,18885.29,2047.5,0.1084,True,,,sent_to_garage,0.1122,0,0,0.118,0,0.0568,0
CLM008349,POL000131,2024-09-20,2024-08-23,2017-04-11,2018-04-11,28,Hyundai,i20,Hatchback,theft_damage,front,minor,broker,comprehensive,False,False,True,16,99810,36,0,5,2008,16132.23,0.775,1613.22,387.5,0.2402,False,,,sent_to_garage,0.1158,0,0,0.0567,0,0.2257,0
CLM008353,POL004561,2023-08-11,2023-08-09,2023-01-01,2024-01-01,2,Volkswagen,Passat,Hatchback,fire,side,moderate,broker,third_party_fire_theft,False,True,True,4,128019,56,0,3,2019,28966.32,1.074,19697.1,1611.0,0.0818,True,,,sent_to_garage,0.296,0,0,0.0352,0,0.1108,0
CLM008355,POL002968,2022-07-14,2022-06-16,2013-04-22,2014-04-22,28,Ford,Fiesta,Motorbike,theft_damage,side,moderate,broker,comprehensive,False,False,False,4,198004,40,2,0,2018,11585.15,0.758,7877.9,1137.0,0.1443,False,,,sent_to_garage,0.6548,0,0,0.0181,0,0.1791,0
CLM008356,POL004496,2023-05-10,2023-05-06,2019-06-10,2020-06-09,4,Audi,A4,Estate,vandalism,rear,minor,phone,comprehensive,False,True,False,16,161377,40,0,14,2007,36552.02,1.845,3655.2,830.25,0.2271,False,,,sent_to_garage,0.4672,0,0,0.108,0,0.299,0
CLM008357,POL003810,2024-01-11,2023-12-17,2016-02-19,2017-02-18,25,Vauxhall,Insignia,Hatchback,collision,multiple,minor,phone,comprehensive,False,False,True,6,93194,56,0,4,2018,25662.01,0.869,13344.25,695.2,0.0521,False,,,sent_to_garage,0.0992,0,0,0.0575,0,0.1027,0
CLM008363,POL002737,2022-09-28,2022-09-03,2020-09-11,2021-09-11,25,Mercedes,GLC,Hatchback,collision,side,severe,phone,third_party_fire_theft,False,False,True,12,132028,39,0,12,2010,46734.53,1.897,4673.45,7588.0,1.6236,False,,,scrapped_by_model,0.9998,1,1,0.9988,1,0.9998,1
CLM008364,POL002106,2023-07-17,2023-06-30,2018-08-29,2019-08-29,17,Mercedes,A-Class,Van,collision,side,minor,broker,comprehensive,False,True,True,2,192487,17,1,17,2021,29062.83,1.81,24412.78,724.0,0.0297,True,,,sent_to_garage,0.124,0,0,0.0525,0,0.094,0
CLM008367,POL000676,2023-04-25,2023-04-14,2021-11-04,2022-11-04,11,Honda,Civic,Hatchback,flood,multiple,moderate,online,third_party_fire_theft,False,False,False,8,169790,43,1,11,2015,21535.98,0.892,7752.95,3122.0,0.4027,False,,,sent_to_garage,0.5676,0,1,0.8876,0,0.577,0
CLM008370,POL000661,2024-04-15,2024-03-19,2012-10-28,2013-10-28,27,Honda,HR-V,SUV,flood,front,minor,broker,third_party_fire_theft,False,False,True,14,152236,37,0,11,2010,24287.95,0.905,2428.8,452.5,0.1863,False,,,sent_to_garage,0.479,0,0,0.069,0,0.2326,0
CLM008377,POL004084,2023-04-25,2023-04-02,2021-12-17,2022-12-17,23,Vauxhall,Insignia,Van,fire,multiple,severe,phone,comprehensive,False,True,True,15,149239,46,0,6,2008,24598.69,0.873,2459.87,6984.0,2.0,False,,,scrapped_by_model,0.9999,1,1,1.0,1,0.9999,1
CLM008378,POL004723,2022-08-22,2022-08-03,2021-11-18,2022-11-18,19,Toyota,RAV4,Hatchback,vandalism,side,moderate,broker,third_party_fire_theft,False,True,True,0,95422,45,1,2,2022,33565.23,0.903,33565.23,1354.5,0.0404,True,,,sent_to_garage,0.0456,0,0,0.0395,0,0.187,0
CLM008379,POL002311,2024-04-02,2024-03-15,2023-09-20,2024-09-19,18,Hyundai,i20,Hatchback,flood,side,moderate,direct,third_party,False,True,True,14,36585,26,1,9,2010,15594.76,0.791,1559.48,1186.5,0.7608,False,,,sent_to_garage,0.0374,0,0,0.1458,0,0.1769,0
CLM008380,POL002389,2023-07-10,2023-06-23,2013-07-13,2014-07-13,17,Honda,HR-V,Hatchback,fire,front,moderate,direct,comprehensive,False,False,True,7,157883,34,0,18,2016,24651.9,0.876,10846.84,1752.0,0.1615,False,,,sent_to_garage,0.3219,0,1,0.7754,0,0.5667,0
CLM008384,POL001766,2023-02-16,2023-01-31,2014-08-12,2015-08-12,16,Ford,Transit,Motorbike,flood,rear,severe,direct,comprehensive,False,False,False,12,88344,44,2,20,2011,30056.58,0.94,3005.66,4230.0,1.4073,False,,,scrapped_by_model,0.9998,1,1,0.999,1,0.9999,1
CLM008386,POL002179,2022-06-26,2022-06-14,2015-08-07,2016-08-06,12,Honda,Civic,Van,collision,side,minor,direct,third_party_fire_theft,True,True,True,1,190126,39,1,20,2021,22567.4,0.897,20762.01,358.8,0.0173,True,,,sent_to_garage,0.0245,0,1,0.9004,0,0.6222,0
CLM008388,POL003291,2024-01-19,2023-12-25,2022-10-31,2023-10-31,25,Mercedes,GLC,Sedan,flood,roof,moderate,direct,comprehensive,False,True,True,18,60641,44,1,14,2006,45768.84,1.91,4576.88,4775.0,1.0433,False,,,scrapped_by_model,0.9994,1,1,0.9993,1,0.9996,1
CLM008390,POL003196,2024-02-07,2024-01-09,2016-12-22,2017-12-22,29,Nissan,Micra,Hatchback,vandalism,side,minor,broker,third_party_fire_theft,False,False,False,11,184316,66,2,15,2013,13515.78,0.779,1621.89,311.6,0.1921,False,,,sent_to_garage,0.3185,0,0,0.0203,0,0.1388,0
CLM008392,POL002457,2022-12-30,2022-12-16,2019-05-16,2020-05-15,14,Nissan,Leaf,SUV,collision,rear,minor,phone,comprehensive,False,False,True,17,39923,46,0,2,2005,30935.96,0.986,3093.6,443.7,0.1434,False,,,sent_to_garage,0.127,0,0,0.1104,0,0.1897,0
CLM008398,POL004274,2024-06-04,2024-05-13,2012-02-10,2013-02-09,22,Audi,Q3,Motorbike,theft_damage,roof,severe,broker,third_party,False,True,True,15,116038,45,0,9,2009,36585.23,1.762,3658.52,10572.0,2.0,False,,,scrapped_by_model,0.9999,1,1,0.9993,1,0.9995,1
CLM008404,POL004712,2024-03-28,2024-03-12,2018-11-18,2019-11-18,16,Hyundai,i30,Estate,flood,rear,minor,phone,comprehensive,False,False,True,19,88858,65,0,0,2005,19991.21,0.798,1999.12,359.1,0.1796,False,,,sent_to_garage,0.1121,0,1,0.7487,0,0.5628,0
CLM008405,POL005307,2024-09-16,2024-08-30,2021-11-18,2022-11-18,17,Audi,A6,Estate,flood,roof,minor,direct,comprehensive,False,False,True,18,41537,29,0,8,2006,47869.36,1.951,4786.94,1170.6,0.2445,False,,,sent_to_garage,0.0456,0,0,0.0371,0,0.0774,0
CLM008406,POL004661,2023-11-13,2023-11-04,2017-09-12,2018-09-12,9,Honda,Civic,Hatchback,vandalism,roof,moderate,broker,comprehensive,False,False,True,3,168821,44,1,17,2020,21472.41,0.876,16319.03,2190.0,0.1342,False,,,sent_to_garage,0.1213,0,1,0.7386,0,0.3333,0
CLM008408,POL004024,2022-07-19,2022-06-30,2012-09-08,2013-09-08,19,Volkswagen,Tiguan,SUV,theft_damage,roof,severe,phone,third_party_fire_theft,False,False,True,19,145905,39,1,18,2003,,,,,,False,,,scrapped_by_model,0.9989,1,1,0.8756,0,0.9868,0
CLM008410,POL003846,2023-12-09,2023-11-27,2012-04-19,2013-04-19,12,Mercedes,A-Class,Hatchback,collision,roof,minor,phone,comprehensive,True,True,True,2,104816,22,1,1,2021,29062.83,1.81,24412.78,1086.0,0.0445,True,,,sent_to_garage,0.0786,0,0,0.077,0,0.0711,0
CLM008413,POL003597,2023-06-17,2023-06-12,2018-02-08,2019-02-08,5,BMW,1 Series,Van,fire,front,minor,broker,third_party,True,True,True,20,116937,30,2,6,2003,,,,,,False,,,sent_to_garage,0.2426,0,0,0.155,0,0.2813,0
CLM008414,POL001663,2022-10-26,2022-10-26,2017-02-15,2018-02-15,0,Hyundai,i20,SUV,flood,roof,minor,online,third_party,False,False,True,17,142132,69,1,19,2005,16398.96,0.77,1639.9,462.0,0.2817,False,,,sent_to_garage,0.0056,0,1,0.9247,0,0.8179,0
CLM008416,POL004674,2024-09-09,2024-08-15,2021-12-24,2022-12-24,25,Volkswagen,Golf,Hatchback,collision,side,moderate,phone,comprehensive,False,True,True,15,196236,29,0,8,2009,25598.58,1.018,2559.86,1527.0,0.5965,False,,,sent_to_garage,0.3992,0,0,0.1424,0,0.2736,0
CLM008419,POL001886,2024-08-07,2024-07-22,2021-06-26,2022-06-26,16,Audi,Q3,SUV,theft_damage,rear,minor,direct,comprehensive,False,True,False,2,157785,24,0,13,2022,35926.34,1.778,30178.13,800.1,0.0265,True,,,sent_to_garage,0.128,0,1,0.7571,0,0.6748,0
CLM008422,POL004760,2023-02-22,2023-01-30,2018-03-30,2019-03-30,23,Ford,Focus,SUV,vandalism,rear,minor,direct,third_party,False,True,True,19,124725,51,2,3,2004,18360.48,0.791,1836.05,355.95,0.1939,False,,,sent_to_garage,0.5375,0,0,0.2152,0,0.2897,0
CLM008425,POL001936,2024-11-21,2024-11-18,2021-01-25,2022-01-25,3,Toyota,Yaris,Hatchback,vandalism,front,moderate,phone,third_party_fire_theft,False,False,True,14,125914,52,1,19,2010,15297.18,0.816,1529.72,1632.0,1.0669,False,,,scrapped_by_model,0.9987,1,1,0.9977,1,0.9979,1
CLM008427,POL004462,2024-04-30,2024-04-20,2013-12-06,2014-12-06,10,Audi,A3,Estate,flood,side,minor,app,third_party_fire_theft,False,False,True,9,159158,37,1,6,2015,30630.74,1.787,8576.61,714.8,0.0833,False,,,sent_to_garage,0.2651,0,0,0.065,0,0.1244,0
CLM008434,POL003644,2023-11-24,2023-10-27,2016-07-03,2017-07-03,28,Nissan,Leaf,Motorbike,collision,side,minor,broker,comprehensive,False,True,True,8,136387,17,1,12,2015,31482.23,0.972,11333.6,388.8,0.0343,False,,,sent_to_garage,0.1418,0,1,0.7978,0,0.3815,0
CLM008437,POL002375,2023-09-28,2023-09-07,2021-10-21,2022-10-21,21,Nissan,Leaf,Estate,vandalism,front,minor,app,comprehensive,False,True,True,19,20676,44,1,6,2004,29075.76,0.981,2907.58,490.5,0.1687,False,,,sent_to_garage,0.1734,0,1,0.6611,0,0.3012,0
CLM008438,POL004510,2022-08-12,2022-07-13,2012-01-19,2013-01-18,30,Nissan,Leaf,Sedan,vandalism,rear,moderate,online,third_party,False,True,True,16,88904,71,1,6,2006,31239.86,0.978,3123.99,1760.4,0.5635,False,,,sent_to_garage,0.1184,0,0,0.045,0,0.0981,0
CLM008439,POL005415,2024-10-26,2024-10-17,2024-04-25,2025-04-25,9,Nissan,Leaf,Sedan,collision,rear,moderate,app,comprehensive,True,False,True,2,747,47,0,10,2022,30426.76,1.011,25558.48,1819.8,0.0712,True,,,sent_to_garage,0.0313,0,0,0.0364,0,0.0304,0
CLM008446,POL000125,2023-09-01,2023-08-22,2021-05-08,2022-05-08,10,Ford,Mondeo,Hatchback,collision,multiple,moderate,direct,comprehensive,False,False,True,17,22263,43,2,18,2006,21254.8,0.85,2125.48,2975.0,1.3997,False,,,scrapped_by_model,0.9997,1,1,0.9989,1,0.9998,1
CLM008448,POL003841,2024-08-01,2024-07-14,2022-07-22,2023-07-22,18,Nissan,Juke,Estate,fire,multiple,moderate,app,comprehensive,False,False,True,3,111774,26,0,17,2021,19481.85,0.863,14806.21,3020.5,0.204,False,,,sent_to_garage,0.2903,0,1,0.7832,0,0.3121,0
CLM008452,POL000514,2024-10-03,2024-09-16,2019-03-01,2020-02-29,17,Hyundai,i20,Van,vandalism,side,minor,direct,comprehensive,False,True,False,16,61424,17,2,16,2008,16132.23,0.775,1613.22,310.0,0.1922,False,,,sent_to_garage,0.253,0,0,0.014,0,0.1347,0
CLM008453,POL000864,2022-11-18,2022-11-14,2013-08-03,2014-08-03,4,Honda,Jazz,Van,flood,side,severe,phone,third_party,False,False,True,18,63813,24,2,6,2004,16762.66,0.841,1676.27,3364.0,2.0,False,,,scrapped_by_model,1.0,1,1,0.9986,1,0.9997,1
CLM008455,POL001118,2022-09-26,2022-09-12,2019-04-07,2020-04-06,14,Hyundai,i20,Estate,vandalism,front,moderate,broker,comprehensive,False,False,True,1,82403,52,1,0,2021,15682.11,0.793,14427.54,1586.0,0.1099,False,,,sent_to_garage,0.0766,0,0,0.0104,0,0.0399,0
CLM008457,POL005726,2023-09-27,2023-09-09,2022-02-18,2023-02-18,18,Honda,HR-V,Motorbike,vandalism,rear,minor,app,third_party_fire_theft,False,True,True,9,81708,56,0,19,2014,24190.35,0.88,6773.3,396.0,0.0585,False,,,sent_to_garage,0.0099,0,0,0.1017,0,0.0794,0
CLM008458,POL005041,2022-12-22,2022-11-29,2012-12-14,2013-12-14,23,Nissan,Qashqai,Hatchback,collision,roof,minor,online,third_party_fire_theft,False,False,False,12,113963,75,1,17,2010,26827.23,0.874,2682.72,524.4,0.1955,False,,,sent_to_garage,0.1131,0,0,0.0174,0,0.1554,0
CLM008461,POL005191,2023-05-22,2023-04-22,2016-11-25,2017-11-25,30,Nissan,Qashqai,Motorbike,theft_damage,rear,moderate,phone,comprehensive,False,True,False,11,198671,54,1,18,2012,27740.61,0.904,3328.87,1627.2,0.4888,False,,,sent_to_garage,0.0242,0,0,0.0118,0,0.0971,0
CLM008462,POL003702,2024-04-15,2024-03-24,2012-04-20,2013-04-20,22,Honda,Civic,Motorbike,theft_damage,roof,minor,direct,comprehensive,False,False,True,16,16998,48,2,5,2008,21285.76,0.897,2128.58,538.2,0.2528,False,,,sent_to_garage,0.0623,0,1,0.6439,0,0.2741,0
CLM008466,POL002845,2023-02-28,2023-02-11,2017-08-25,2018-08-25,17,Honda,CR-V,SUV,fire,front,moderate,online,comprehensive,False,False,False,3,78160,48,0,1,2020,30163.2,0.91,22924.03,1820.0,0.0794,True,,,sent_to_garage,0.0668,0,0,0.0184,0,0.0592,0
CLM008474,POL000145,2024-07-03,2024-06-12,2019-05-06,2020-05-05,21,BMW,X3,Estate,fire,rear,minor,app,comprehensive,False,False,True,19,187278,64,2,3,2005,46005.57,1.898,4600.56,854.1,0.1857,False,,,sent_to_garage,0.8374,0,1,0.8416,0,0.7013,0
CLM008479,POL001583,2024-08-06,2024-07-15,2012-03-18,2013-03-18,22,Hyundai,Tucson,Motorbike,theft_damage,rear,severe,app,comprehensive,False,True,False,0,38959,22,3,7,2024,28489.3,0.89,28489.3,4005.0,0.1406,True,,,sent_to_garage,0.2503,0,0,0.134,0,0.0827,0
CLM008486,POL004733,2023-05-18,2023-04-27,2015-02-05,2016-02-05,21,Ford,Mondeo,Van,theft_damage,rear,moderate,direct,third_party_fire_theft,False,True,True,8,59959,40,1,15,2015,21888.6,0.838,7879.9,1508.4,0.1914,False,,,sent_to_garage,0.1244,0,0,0.138,0,0.1544,0
CLM008487,POL005509,2024-06-17,2024-05-30,2016-07-17,2017-07-17,18,Mercedes,A-Class,Van,fire,front,minor,broker,comprehensive,False,False,True,15,183505,43,0,3,2009,30236.93,1.746,3023.69,873.0,0.2887,False,,,sent_to_garage,0.7504,0,1,0.8305,0,0.637,0
CLM008489,POL004514,2022-04-17,2022-04-11,2019-03-02,2020-03-01,6,Volkswagen,Passat,Motorbike,vandalism,roof,moderate,online,comprehensive,True,False,False,7,71687,30,0,20,2015,31227.19,1.052,13739.96,2630.0,0.1914,False,,,sent_to_garage,0.0375,0,0,0.0045,0,0.0703,0
CLM008493,POL002283,2022-02-09,2022-01-23,2013-12-24,2014-12-24,17,Vauxhall,Insignia,SUV,fire,multiple,moderate,broker,comprehensive,False,True,False,3,174841,17,1,13,2019,26004.1,0.875,19763.12,3062.5,0.155,True,,,sent_to_garage,0.1065,0,0,0.0277,0,0.2181,0
CLM008502,POL004392,2022-08-25,2022-08-12,2017-09-17,2018-09-17,13,Volkswagen,Golf,Estate,fire,front,minor,direct,third_party_fire_theft,False,False,True,7,127860,42,3,13,2015,25429.03,0.984,11188.77,492.0,0.044,False,,,sent_to_garage,0.019,0,0,0.1154,0,0.1573,0
CLM008505,POL003846,2024-11-13,2024-11-10,2023-08-23,2024-08-22,3,Volkswagen,Tiguan,Estate,theft_damage,multiple,moderate,app,comprehensive,False,True,False,13,42195,32,1,9,2011,34842.91,1.101,3484.29,3853.5,1.106,False,,,scrapped_by_model,0.9992,1,1,0.9994,1,0.9991,1
CLM008506,POL001578,2022-05-17,2022-04-30,2017-03-20,2018-03-20,17,Honda,Jazz,Van,collision,roof,minor,broker,third_party,False,False,False,14,116687,58,1,8,2008,16531.39,0.866,1653.14,519.6,0.3143,False,,,sent_to_garage,0.3909,0,0,0.0385,0,0.0818,0
CLM008510,POL004858,2024-03-03,2024-02-26,2018-06-09,2019-06-09,6,Toyota,Yaris,Sedan,fire,rear,minor,app,comprehensive,True,False,True,2,160379,21,0,5,2022,15720.04,0.798,13204.83,359.1,0.0272,False,,,sent_to_garage,0.1973,0,1,0.9077,0,0.6173,0
CLM008511,POL001627,2023-03-12,2023-02-14,2018-08-07,2019-08-07,26,Nissan,Juke,SUV,collision,side,moderate,direct,comprehensive,True,True,False,1,103720,29,1,18,2022,19627.69,0.838,18057.47,1257.0,0.0696,True,,,sent_to_garage,0.0496,0,0,0.0254,0,0.0567,0
CLM008512,POL002987,2024-07-19,2024-07-19,2018-11-16,2019-11-16,0,Honda,HR-V,Sedan,fire,front,minor,online,third_party_fire_theft,False,True,True,1,172910,17,2,1,2023,25635.68,0.917,23584.83,458.5,0.0194,True,,,sent_to_garage,0.3322,0,1,0.8852,0,0.8898,0
CLM008513,POL002827,2023-04-10,2023-03-26,2018-07-22,2019-07-22,15,Ford,Transit,SUV,theft_damage,rear,minor,direct,comprehensive,False,False,True,10,87143,73,0,18,2013,29620.97,0.927,5924.19,417.15,0.0704,False,,,sent_to_garage,0.0103,0,0,0.0038,0,0.0062,0
CLM008515,POL002225,2023-04-01,2023-03-19,2013-12-27,2014-12-27,13,Ford,Transit,Van,vandalism,roof,severe,phone,comprehensive,True,False,False,6,45773,51,2,20,2017,28959.85,0.932,15059.12,5592.0,0.3713,False,,,sent_to_garage,0.1934,0,0,0.007,0,0.0646,0
CLM008517,POL005245,2022-03-25,2022-03-05,2016-02-09,2017-02-08,20,Honda,Civic,Sedan,collision,roof,minor,online,comprehensive,False,False,True,9,139180,21,2,16,2013,22820.29,0.864,6389.68,518.4,0.0811,False,,,sent_to_garage,0.0785,0,0,0.0417,0,0.1429,0
CLM008519,POL003109,2022-06-27,2022-06-10,2022-06-09,2023-06-09,17,Volkswagen,Golf,Van,flood,side,moderate,direct,comprehensive,False,False,False,4,120697,33,1,14,2018,25225.8,0.994,17153.54,1491.0,0.0869,False,,,sent_to_garage,0.1023,0,1,0.6481,0,0.6041,0
CLM008520,POL000597,2023-07-30,2023-07-23,2012-05-18,2013-05-18,7,Ford,Mondeo,Motorbike,collision,rear,minor,broker,comprehensive,True,False,True,20,81642,36,0,7,2003,,,,,,False,,,sent_to_garage,0.2418,0,0,0.122,0,0.1943,0
CLM008521,POL003487,2024-10-08,2024-09-22,2016-06-03,2017-06-03,16,Vauxhall,Astra,Sedan,collision,front,minor,app,third_party,False,True,False,16,74226,42,0,8,2008,18347.57,0.735,1834.76,367.5,0.2003,False,,,sent_to_garage,0.1223,0,0,0.0963,0,0.1331,0
CLM008527,POL004636,2022-07-09,2022-06-22,2016-06-30,2017-06-30,17,Audi,A4,SUV,flood,roof,moderate,phone,comprehensive,True,True,True,8,148281,58,1,7,2014,37397.27,1.751,13463.02,4377.5,0.3251,False,,,sent_to_garage,0.1391,0,0,0.0997,0,0.1696,0
CLM008530,POL001495,2022-03-25,2022-03-22,2021-12-22,2022-12-22,3,Vauxhall,Corsa,Estate,theft_damage,roof,moderate,broker,comprehensive,False,True,False,3,13584,50,0,4,2019,13407.11,0.692,10189.4,1730.0,0.1698,False,,,sent_to_garage,0.0541,0,0,0.0213,0,0.0425,0
CLM008531,POL003626,2024-04-15,2024-03-30,2021-05-03,2022-05-03,16,Volkswagen,Polo,SUV,collision,front,severe,online,comprehensive,False,True,True,14,192727,55,0,0,2010,15964.01,0.914,1596.4,4570.0,2.0,False,,,sent_to_garage,0.9975,0,1,0.9989,1,0.9979,1
CLM008533,POL001112,2024-10-23,2024-10-23,2017-05-03,2018-05-03,0,Nissan,Qashqai,Estate,vandalism,side,severe,app,comprehensive,False,True,True,5,171512,53,0,15,2019,28297.64,0.924,16978.58,3696.0,0.2177,False,,,sent_to_garage,0.7232,0,1,0.8666,0,0.7968,0
CLM008534,POL005304,2023-06-28,2023-05-30,2016-08-30,2017-08-30,29,Toyota,RAV4,Hatchback,collision,front,moderate,direct,comprehensive,False,True,False,14,9172,31,1,16,2009,31469.22,0.882,3146.92,1764.0,0.5605,False,,,sent_to_garage,0.1273,0,1,0.7928,0,0.3539,0
CLM008536,POL001303,2023-08-08,2023-07-26,2018-11-09,2019-11-09,13,Hyundai,i30,Estate,vandalism,rear,severe,online,third_party,False,False,False,6,182532,49,0,13,2017,19952.27,0.818,10375.18,3681.0,0.3548,False,,,sent_to_garage,0.4074,0,1,0.867,0,0.6395,0
CLM008541,POL001032,2022-02-11,2022-01-29,2020-05-28,2021-05-28,13,Nissan,Micra,SUV,theft_damage,multiple,minor,broker,comprehensive,False,False,True,9,176896,19,0,10,2013,13515.78,0.779,3784.42,623.2,0.1647,False,,,sent_to_garage,0.0811,0,1,0.9397,0,0.5914,0
CLM008542,POL000043,2024-03-23,2024-03-22,2023-10-25,2024-10-24,1,Nissan,Juke,Estate,fire,front,moderate,online,third_party,True,False,True,10,25680,48,2,17,2014,20100.48,0.86,4020.1,1720.0,0.4279,False,,,sent_to_garage,0.0201,0,0,0.023,0,0.0414,0
CLM008543,POL001774,2024-06-27,2024-06-08,2012-10-05,2013-10-05,19,Volkswagen,Passat,Hatchback,fire,roof,moderate,broker,third_party_fire_theft,False,False,True,3,58616,49,0,20,2021,30875.92,1.068,23465.7,2670.0,0.1138,True,,,sent_to_garage,0.1202,0,0,0.0964,0,0.1314,0
CLM008544,POL006191,2023-03-18,2023-03-16,2014-08-30,2015-08-30,2,Hyundai,Tucson,Sedan,theft_damage,front,minor,broker,comprehensive,True,True,True,15,84346,41,2,11,2008,28366.55,0.9,2836.66,450.0,0.1586,False,,,sent_to_garage,0.1469,0,0,0.0241,0,0.1352,0
CLM008546,POL002848,2023-12-10,2023-11-18,2013-10-09,2014-10-09,22,Ford,Transit,Sedan,fire,side,minor,online,comprehensive,True,True,False,16,4364,59,1,11,2007,28993.82,0.924,2899.38,369.6,0.1275,False,,,sent_to_garage,0.2628,0,0,0.1122,0,0.0268,0
CLM008548,POL003112,2024-12-17,2024-12-10,2017-06-28,2018-06-28,7,Hyundai,Tucson,Sedan,vandalism,front,minor,app,comprehensive,False,True,True,8,108299,55,1,8,2016,28997.95,0.858,10439.26,429.0,0.0411,False,,,sent_to_garage,0.0688,0,1,0.6078,0,0.332,0
CLM008551,POL003437,2024-03-02,2024-02-13,2018-03-12,2019-03-12,18,Audi,Q3,Sedan,theft_damage,front,moderate,app,comprehensive,True,False,False,19,101540,17,0,17,2005,34213.03,1.712,3421.3,3424.0,1.0008,False,,,scrapped_by_model,0.9997,1,1,0.9677,0,0.9943,0
CLM008552,POL003669,2022-06-14,2022-06-14,2019-06-15,2020-06-14,0,Volkswagen,Golf,Hatchback,vandalism,roof,severe,app,third_party_fire_theft,False,False,False,11,147648,63,0,3,2011,25304.74,1.021,3036.57,6126.0,2.0,False,,,scrapped_by_model,0.9996,1,1,0.9987,1,0.9957,0
CLM008553,POL004513,2023-08-25,2023-07-31,2021-08-14,2022-08-14,25,Honda,HR-V,SUV,fire,side,minor,online,comprehensive,False,True,False,17,183660,37,1,7,2006,25986.28,0.908,2598.63,363.2,0.1398,False,,,sent_to_garage,0.4435,0,1,0.8381,0,0.5694,0
CLM008554,POL004011,2022-03-11,2022-03-11,2021-09-25,2022-09-25,0,Volkswagen,Passat,Estate,flood,rear,moderate,direct,comprehensive,False,False,True,7,938,41,2,5,2015,31227.19,1.052,13739.96,1893.6,0.1378,False,,,sent_to_garage,0.042,0,0,0.0017,0,0.0146,0
CLM008557,POL003827,2024-12-18,2024-12-12,2022-03-16,2023-03-16,6,Honda,Jazz,Hatchback,vandalism,front,moderate,app,comprehensive,False,False,True,18,587,39,1,15,2006,15282.27,0.859,1528.23,1718.0,1.1242,False,,,scrapped_by_model,0.9988,1,1,0.9874,0,0.9957,0
CLM008559,POL001694,2022-01-05,2022-01-01,2018-07-05,2019-07-05,4,Ford,Kuga,Van,theft_damage,multiple,severe,broker,third_party,False,False,False,11,108319,45,1,12,2011,27962.64,0.899,3355.52,7192.0,2.0,False,,,scrapped_by_model,0.9997,1,1,0.9997,1,0.9999,1
CLM008561,POL001721,2024-07-26,2024-07-07,2016-04-18,2017-04-18,19,Mercedes,A-Class,Motorbike,flood,side,minor,online,comprehensive,False,True,True,15,125200,17,0,18,2009,30236.93,1.746,3023.69,698.4,0.231,False,,,sent_to_garage,0.579,0,0,0.0596,0,0.3128,0
CLM008565,POL002347,2022-04-14,2022-03-16,2017-02-14,2018-02-14,29,Hyundai,i20,Motorbike,collision,roof,moderate,broker,third_party,False,True,False,19,154985,57,0,14,2003,,,,,,False,,,sent_to_garage,0.4967,0,1,0.7745,0,0.6392,0
CLM008566,POL002078,2022-09-13,2022-08-21,2020-06-03,2021-06-03,23,Volkswagen,Polo,Sedan,theft_damage,front,minor,broker,comprehensive,False,True,False,9,92672,74,0,13,2013,16586.88,0.879,4644.33,439.5,0.0946,False,,,sent_to_garage,0.0737,0,0,0.0068,0,0.0269,0
CLM008568,POL002571,2022-04-13,2022-04-05,2013-12-01,2014-12-01,8,Honda,HR-V,Estate,theft_damage,rear,moderate,app,third_party,False,False,True,2,159346,62,2,20,2020,23999.58,0.879,20159.65,1582.2,0.0785,True,,,sent_to_garage,0.155,0,0,0.1257,0,0.0841,0
CLM008569,POL003921,2024-12-23,2024-12-23,2013-08-22,2014-08-22,0,Hyundai,Tucson,Motorbike,fire,multiple,moderate,online,third_party,False,True,True,20,193034,42,1,15,2004,26936.31,0.857,2693.63,2999.5,1.1136,False,,,scrapped_by_model,0.9998,1,1,0.9994,1,0.9987,1
CLM008571,POL003546,2024-09-24,2024-08-31,2017-07-05,2018-07-05,24,Volkswagen,Golf,Motorbike,collision,front,minor,app,comprehensive,False,False,False,19,12795,43,0,13,2005,23842.43,0.992,2384.24,496.0,0.208,False,,,sent_to_garage,0.2749,0,0,0.0309,0,0.1798,0
CLM008582,POL002042,2023-12-13,2023-12-12,2018-07-14,2019-07-14,1,Vauxhall,Astra,Motorbike,collision,front,moderate,app,comprehensive,False,False,False,20,195365,57,2,3,2003,,,,,,False,,,sent_to_garage,0.5866,0,1,0.89,0,0.7661,0
CLM008588,POL002473,2023-11-15,2023-11-14,2015-09-02,2016-09-01,1,Ford,Fiesta,SUV,collision,roof,moderate,direct,comprehensive,False,True,True,14,154578,44,0,20,2009,11844.96,0.769,1184.5,1922.5,1.623,False,,,sent_to_garage,0.9982,0,1,0.9693,0,0.9937,0
CLM008592,POL000246,2023-12-14,2023-12-06,2018-08-19,2019-08-19,8,Ford,Fiesta,Van,collision,roof,minor,app,third_party_fire_theft,False,False,True,18,71354,27,1,6,2005,12430.32,0.759,1243.03,455.4,0.3664,False,,,sent_to_garage,0.23,0,0,0.0738,0,0.1374,0
CLM008597,POL003728,2023-01-09,2023-01-04,2016-04-24,2017-04-24,5,Honda,HR-V,Motorbike,vandalism,roof,moderate,online,third_party_fire_theft,False,True,False,7,108200,53,0,8,2016,24651.9,0.876,10846.84,2190.0,0.2019,False,,,sent_to_garage,0.0305,0,0,0.0671,0,0.087,0
CLM008602,POL000286,2024-08-12,2024-07-21,2020-05-30,2021-05-30,22,Ford,Fiesta,Motorbike,flood,rear,minor,app,comprehensive,False,False,False,12,51971,22,0,20,2012,12065.5,0.73,1206.55,328.5,0.2723,False,,,sent_to_garage,0.0348,0,0,0.0144,0,0.0123,0
CLM008603,POL001689,2022-10-07,2022-09-19,2013-06-12,2014-06-12,18,Volkswagen,Golf,SUV,vandalism,rear,minor,app,comprehensive,False,True,True,8,190659,41,0,1,2014,24753.39,1.024,8911.22,460.8,0.0517,False,,,sent_to_garage,0.0085,0,0,0.0559,0,0.038,0
CLM008610,POL000917,2024-05-18,2024-04-18,2013-02-11,2014-02-11,30,Ford,Kuga,SUV,fire,side,minor,online,comprehensive,True,True,False,2,12607,23,0,19,2022,27244.6,0.875,22885.46,350.0,0.0153,True,,,sent_to_garage,0.3632,0,0,0.0193,0,0.0455,0
CLM008613,POL003630,2023-03-03,2023-02-27,2016-03-07,2017-03-07,4,Hyundai,i20,Motorbike,flood,multiple,severe,broker,comprehensive,False,True,True,17,33226,36,0,11,2006,15388.55,0.768,1538.86,6144.0,2.0,False,,,scrapped_by_model,0.9999,1,1,0.9996,1,0.9999,1
CLM008616,POL003580,2024-11-20,2024-11-15,2023-08-08,2024-08-07,5,Ford,Focus,SUV,collision,rear,moderate,direct,comprehensive,False,False,True,20,41462,17,1,1,2004,18360.48,0.791,1836.05,1423.8,0.7755,False,,,sent_to_garage,0.5962,0,0,0.1144,0,0.2373,0
CLM008617,POL003225,2023-03-25,2023-03-18,2012-12-19,2013-12-19,7,Honda,Civic,SUV,theft_damage,multiple,minor,broker,third_party_fire_theft,True,False,False,6,40313,60,1,20,2017,22722.8,0.891,11815.86,712.8,0.0603,False,,,sent_to_garage,0.2919,0,0,0.0419,0,0.2721,0
CLM008619,POL001006,2024-07-07,2024-06-27,2017-02-28,2018-02-28,10,Mercedes,E-Class,SUV,fire,roof,moderate,app,third_party,True,True,True,1,104113,17,1,19,2023,51280.31,1.987,47177.89,4967.5,0.1053,True,,,sent_to_garage,0.5612,0,0,0.0143,0,0.1133,0
CLM008621,POL005385,2022-01-28,2021-12-29,2018-10-08,2019-10-08,30,Nissan,Qashqai,Hatchback,collision,multiple,moderate,broker,comprehensive,False,False,False,11,118896,47,0,15,2011,27936.16,0.9,3352.34,3150.0,0.9396,False,,,scrapped_by_model,0.9996,1,1,0.9946,1,0.9988,1
CLM008623,POL001108,2022-04-12,2022-03-24,2021-09-13,2022-09-13,19,Vauxhall,Astra,Motorbike,collision,side,moderate,app,comprehensive,False,False,True,10,39470,69,2,16,2012,17328.44,0.768,3465.69,1152.0,0.3324,False,,,sent_to_garage,0.0813,0,0,0.1176,0,0.1009,0
CLM008626,POL000279,2023-04-13,2023-03-20,2016-08-16,2017-08-16,24,Volkswagen,Passat,Motorbike,fire,roof,minor,online,third_party,False,False,True,1,193037,55,1,13,2022,29815.16,1.049,27429.95,629.4,0.0229,True,,,sent_to_garage,0.0229,0,1,0.8718,0,0.5578,0
CLM008629,POL002322,2024-04-14,2024-04-13,2024-03-06,2025-03-06,1,Ford,Fiesta,SUV,flood,rear,moderate,online,comprehensive,True,True,True,19,50649,20,1,15,2005,12430.32,0.759,1243.03,1366.2,1.0991,False,,,sent_to_garage,0.9953,0,0,0.0998,0,0.0722,0
CLM008630,POL004883,2024-08-04,2024-07-22,2020-03-13,2021-03-13,13,Hyundai,i10,Hatchback,vandalism,side,moderate,app,comprehensive,True,True,True,6,22230,25,1,6,2018,12418.06,0.738,6457.39,1107.0,0.1714,False,,,sent_to_garage,0.0797,0,1,0.6846,0,0.2582,0
CLM008636,POL002704,2022-06-24,2022-06-20,2012-09-03,2013-09-03,4,Vauxhall,Corsa,SUV,flood,front,minor,online,third_party,False,False,False,4,3973,33,1,9,2018,13630.04,0.694,9268.43,347.0,0.0374,False,,,sent_to_garage,0.0064,0,0,0.0481,0,0.0221,0
CLM008637,POL001470,2024-12-06,2024-11-14,2024-07-20,2025-07-20,22,Honda,CR-V,Estate,theft_damage,front,minor,broker,comprehensive,False,False,True,1,34471,38,2,15,2023,30669.34,0.914,28215.79,457.0,0.0162,True,,,sent_to_garage,0.0061,0,0,0.0223,0,0.0184,0
CLM008643,POL000325,2024-05-21,2024-04-28,2019-09-09,2020-09-08,23,Nissan,Leaf,Hatchback,flood,rear,moderate,broker,third_party_fire_theft,False,True,False,16,112704,48,1,8,2008,29205.77,0.987,2920.58,1776.6,0.6083,False,,,sent_to_garage,0.6162,0,0,0.0517,0,0.2676,0
CLM008644,POL001804,2022-03-16,2022-03-03,2017-08-01,2018-08-01,13,Hyundai,Tucson,Hatchback,fire,roof,moderate,direct,third_party,False,True,True,18,69563,49,0,3,2004,26936.31,0.857,2693.63,2142.5,0.7954,False,,,sent_to_garage,0.6765,0,0,0.0749,0,0.203,0
CLM008645,POL001815,2022-10-08,2022-09-24,2014-04-14,2015-04-14,14,Mercedes,C-Class,Motorbike,flood,roof,minor,online,comprehensive,True,False,False,1,12070,17,1,16,2021,40536.94,1.892,37293.98,1135.2,0.0304,True,,,sent_to_garage,0.0307,0,0,0.0057,0,0.0128,0
CLM008646,POL002143,2023-10-08,2023-09-20,2020-03-11,2021-03-11,18,Toyota,Corolla,Sedan,collision,side,moderate,direct,comprehensive,True,True,True,11,72905,21,2,3,2012,22296.18,0.846,2675.54,1269.0,0.4743,False,,,sent_to_garage,0.0458,0,0,0.0327,0,0.0335,0
CLM008649,POL002599,2024-09-23,2024-09-17,2024-03-05,2025-03-05,6,Vauxhall,Insignia,Motorbike,flood,side,severe,direct,third_party_fire_theft,False,True,False,7,66242,17,0,17,2017,24381.09,0.84,10727.68,3360.0,0.3132,False,,,sent_to_garage,0.6542,0,0,0.0228,0,0.2476,0
CLM008651,POL001821,2022-08-08,2022-07-26,2014-06-19,2015-06-19,13,Honda,Jazz,Hatchback,collision,front,minor,phone,third_party_fire_theft,False,True,True,15,13648,27,2,11,2007,15765.34,0.865,1576.53,432.5,0.2743,False,,,sent_to_garage,0.5165,0,0,0.0159,0,0.1769,0
CLM008657,POL001055,2023-01-04,2022-12-29,2017-07-19,2018-07-19,6,Ford,Mondeo,Motorbike,theft_damage,roof,severe,broker,comprehensive,False,True,True,1,95003,51,1,14,2022,22185.02,0.858,20410.22,5148.0,0.2522,True,,,sent_to_garage,0.5624,0,0,0.1511,0,0.3591,0
CLM008658,POL002773,2024-09-10,2024-09-04,2017-10-15,2018-10-15,6,Volkswagen,Tiguan,Hatchback,fire,rear,minor,broker,third_party,False,False,False,15,129810,34,0,1,2009,33610.51,1.07,3361.05,481.5,0.1433,False,,,sent_to_garage,0.7827,0,0,0.0045,0,0.4737,0
CLM008659,POL003184,2024-09-11,2024-09-09,2017-05-03,2018-05-03,2,BMW,3 Series,Van,fire,multiple,moderate,broker,third_party,False,True,False,7,41261,17,0,3,2017,36312.52,1.838,15977.51,6433.0,0.4026,False,,,sent_to_garage,0.2254,0,1,0.9689,0,0.6021,0
CLM008665,POL000429,2023-09-26,2023-09-22,2013-12-16,2014-12-16,4,Vauxhall,Corsa,Sedan,collision,front,minor,online,comprehensive,False,False,True,12,38523,32,1,7,2011,12664.13,0.703,1266.41,351.5,0.2776,False,,,sent_to_garage,0.019,0,1,0.7528,0,0.2134,0
CLM008669,POL003371,2023-08-03,2023-07-27,2018-11-22,2019-11-22,7,Mercedes,A-Class,Van,vandalism,multiple,minor,online,comprehensive,False,False,True,15,128506,66,1,5,2008,29677.45,1.846,2967.75,1476.8,0.4976,False,,,sent_to_garage,0.8713,0,1,0.9211,0,0.8494,0
CLM008676,POL004117,2023-06-18,2023-05-20,2018-08-14,2019-08-14,29,Vauxhall,Corsa,Van,flood,rear,moderate,online,comprehensive,True,True,True,0,159751,25,0,18,2023,12388.79,0.694,12388.79,1249.2,0.1008,False,,,sent_to_garage,0.0388,0,0,0.0591,0,0.1568,0
CLM008677,POL004390,2024-12-19,2024-12-15,2021-01-23,2022-01-23,4,Ford,Transit,Estate,theft_damage,roof,minor,phone,third_party,False,False,False,18,65320,26,2,20,2006,29267.9,0.975,2926.79,585.0,0.1999,False,,,sent_to_garage,0.029,0,0,0.004,0,0.0291,0
CLM008679,POL004383,2024-04-22,2024-04-05,2023-06-12,2024-06-11,17,BMW,1 Series,Sedan,vandalism,rear,minor,phone,comprehensive,False,True,True,1,160121,33,1,4,2023,27647.72,1.692,25435.9,761.4,0.0299,True,,,sent_to_garage,0.2166,0,1,0.6903,0,0.4487,0
CLM008683,POL004387,2022-07-03,2022-06-25,2022-02-02,2023-02-02,8,Nissan,Micra,Sedan,collision,multiple,minor,phone,third_party_fire_theft,True,True,True,13,84324,62,0,6,2009,12898.3,0.76,1289.83,608.0,0.4714,False,,,sent_to_garage,0.4848,0,1,0.8721,0,0.7036,0
CLM008691,POL002858,2024-03-27,2024-03-19,2019-11-03,2020-11-02,8,Vauxhall,Astra,Estate,fire,side,minor,app,third_party,False,False,False,12,195095,17,1,16,2012,17328.44,0.768,1732.84,307.2,0.1773,False,,,sent_to_garage,0.5832,0,0,0.0176,0,0.0458,0
CLM008696,POL002766,2023-12-23,2023-12-22,2022-09-12,2023-09-12,1,Toyota,Camry,Estate,theft_damage,side,moderate,app,third_party_fire_theft,True,False,True,1,63641,29,2,11,2022,28814.94,0.875,26509.74,1312.5,0.0495,True,,,sent_to_garage,0.0597,0,0,0.0465,0,0.0498,0
CLM008697,POL000846,2024-01-12,2023-12-28,2017-01-08,2018-01-08,15,Vauxhall,Mokka,Motorbike,fire,front,severe,phone,third_party_fire_theft,False,False,True,5,131526,43,0,0,2019,22535.92,0.777,13521.55,3885.0,0.2873,False,,,sent_to_garage,0.9129,0,0,0.0812,0,0.2947,0
CLM008698,POL002025,2024-10-17,2024-09-22,2014-01-15,2015-01-15,25,Volkswagen,Polo,Van,theft_damage,multiple,minor,phone,third_party_fire_theft,False,False,True,11,148300,39,0,0,2013,16586.88,0.879,1990.43,703.2,0.3533,False,,,sent_to_garage,0.5442,0,0,0.1007,0,0.3101,0
CLM008700,POL000638,2023-10-06,2023-09-11,2015-12-05,2016-12-04,25,BMW,3 Series,Estate,vandalism,front,minor,broker,comprehensive,False,True,False,13,136313,59,0,13,2010,36473.4,1.764,3647.34,882.0,0.2418,False,,,sent_to_garage,0.5287,0,1,0.7374,0,0.4517,0
CLM008704,POL001941,2022-10-04,2022-10-03,2016-05-29,2017-05-29,1,BMW,X3,Sedan,fire,front,minor,app,comprehensive,False,False,False,2,190212,64,1,15,2020,47201.46,1.894,39649.23,947.0,0.0239,True,,,sent_to_garage,0.153,0,1,0.7719,0,0.6396,0
CLM008707,POL000727,2023-12-09,2023-11-24,2021-06-27,2022-06-27,15,Mercedes,C-Class,Hatchback,fire,front,moderate,online,comprehensive,True,False,True,15,10238,36,2,0,2008,39137.59,1.878,3913.76,3756.0,0.9597,False,,,scrapped_by_model,0.9992,1,1,0.9916,1,0.9962,1
CLM008710,POL001978,2024-05-24,2024-04-24,2024-01-23,2025-01-22,30,Toyota,Camry,Motorbike,flood,side,moderate,online,third_party,False,True,True,10,104180,23,0,15,2014,30788.71,0.857,6157.74,1285.5,0.2088,False,,,sent_to_garage,0.1027,0,0,0.0839,0,0.1518,0
CLM008712,POL000742,2022-12-26,2022-12-26,2013-07-21,2014-07-21,0,Toyota,Corolla,Van,flood,front,minor,direct,comprehensive,False,False,True,17,109278,49,0,18,2005,22171.64,0.86,2217.16,430.0,0.1939,False,,,sent_to_garage,0.1845,0,1,0.7874,0,0.4553,0
CLM008716,POL000152,2024-09-03,2024-09-02,2019-02-24,2020-02-24,1,Audi,Q5,Motorbike,theft_damage,front,minor,app,third_party_fire_theft,False,True,False,1,12089,28,1,16,2023,47247.4,1.852,43467.61,926.0,0.0213,True,,,sent_to_garage,0.0178,0,0,0.0072,0,0.0088,0
CLM008723,POL004111,2024-05-27,2024-05-05,2013-10-01,2014-10-01,22,Honda,Civic,Estate,flood,front,minor,online,third_party_fire_theft,False,False,True,17,119124,48,1,8,2007,21089.16,0.863,2108.92,431.5,0.2046,False,,,sent_to_garage,0.1315,0,0,0.0898,0,0.1043,0
CLM008726,POL005226,2024-09-16,2024-08-29,2021-12-31,2022-12-31,18,Volkswagen,Tiguan,Motorbike,flood,roof,minor,broker,third_party,False,True,True,8,27952,45,0,12,2016,34629.44,1.094,12466.6,656.4,0.0527,False,,,sent_to_garage,0.1032,0,0,0.0327,0,0.0255,0
CLM008732,POL002999,2022-12-27,2022-12-01,2013-04-07,2014-04-07,26,Ford,Transit,Van,theft_damage,rear,severe,broker,comprehensive,False,False,True,1,164830,60,0,5,2021,30002.22,0.93,27602.04,4185.0,0.1516,True,,,sent_to_garage,0.6026,0,0,0.0799,0,0.1388,0
CLM008734,POL002713,2023-11-16,2023-11-09,2013-10-24,2014-10-24,7,Audi,Q5,Sedan,flood,roof,severe,online,comprehensive,False,False,True,2,42030,29,2,5,2021,45003.45,1.871,37802.9,11226.0,0.297,True,,,sent_to_garage,0.0806,0,0,0.0705,0,0.1071,0
CLM008736,POL001548,2024-04-04,2024-03-08,2020-08-28,2021-08-28,27,Ford,Fiesta,Sedan,collision,side,minor,broker,comprehensive,False,False,True,11,18508,50,0,5,2013,12393.16,0.756,1487.18,302.4,0.2033,False,,,sent_to_garage,0.0246,0,0,0.0006,0,0.004,0
CLM008737,POL003035,2024-08-28,2024-08-03,2016-07-22,2017-07-22,25,Honda,CR-V,SUV,theft_damage,multiple,moderate,direct,comprehensive,False,True,False,5,113365,28,3,5,2019,29885.45,0.929,17931.27,3251.5,0.1813,True,,,sent_to_garage,0.2219,0,0,0.0088,0,0.0836,0
CLM008738,POL001893,2024-05-24,2024-04-27,2023-11-09,2024-11-08,27,Audi,Q3,Hatchback,theft_damage,roof,moderate,phone,third_party,False,True,True,10,164862,28,1,6,2014,36312.88,1.762,7262.58,4405.0,0.6065,False,,,sent_to_garage,0.1844,0,0,0.042,0,0.1191,0
CLM008740,POL003612,2024-02-24,2024-02-05,2019-09-14,2020-09-13,19,Ford,Kuga,Estate,theft_damage,front,minor,app,comprehensive,True,True,True,7,136680,22,1,16,2017,26992.7,0.903,11876.79,451.5,0.038,False,,,sent_to_garage,0.1862,0,0,0.0467,0,0.0558,0
CLM008741,POL000049,2023-09-26,2023-09-17,2012-03-10,2013-03-10,9,Hyundai,Tucson,Motorbike,collision,front,minor,direct,comprehensive,False,False,True,15,104455,18,0,13,2008,28366.55,0.9,2836.66,450.0,0.1586,False,,,sent_to_garage,0.5721,0,0,0.1477,0,0.3739,0
CLM008743,POL000961,2024-01-10,2023-12-26,2016-03-31,2017-03-31,15,Vauxhall,Corsa,SUV,flood,roof,moderate,phone,third_party,False,True,False,15,180872,18,2,14,2009,12594.82,0.68,1259.48,1700.0,1.3498,False,,,sent_to_garage,0.9982,0,1,0.9993,1,0.9992,1
CLM008745,POL003204,2023-07-06,2023-06-23,2014-08-14,2015-08-14,13,Hyundai,i10,Motorbike,flood,roof,minor,phone,third_party,False,True,True,20,155141,39,0,4,2003,,,,,,False,,,sent_to_garage,0.3836,0,0,0.39,0,0.2558,0
CLM008746,POL002268,2024-04-30,2024-04-07,2016-09-02,2017-09-02,23,Audi,A4,SUV,collision,roof,severe,phone,third_party,False,True,True,14,103889,35,1,16,2010,38121.17,1.766,3812.12,10596.0,2.0,False,,,sent_to_garage,0.9986,0,1,0.9996,1,0.9989,1
CLM008753,POL004456,2023-06-12,2023-06-11,2022-01-28,2023-01-28,1,Ford,Mondeo,Van,flood,multiple,moderate,broker,third_party,False,True,True,10,167504,64,2,2,2013,21484.91,0.874,4296.98,3059.0,0.7119,False,,,sent_to_garage,0.3277,0,1,0.9579,0,0.7762,0
CLM008758,POL000938,2024-02-23,2024-02-04,2013-07-16,2014-07-16,19,Hyundai,i10,Estate,theft_damage,multiple,moderate,broker,comprehensive,False,False,True,15,58323,22,1,5,2009,12489.13,0.764,1248.91,2674.0,2.0,False,,,scrapped_by_model,0.999,1,1,0.9978,1,0.9988,1
CLM008761,POL003363,2024-07-15,2024-06-27,2021-01-22,2022-01-22,18,Honda,HR-V,Motorbike,collision,multiple,moderate,online,third_party_fire_theft,False,False,True,4,168324,37,1,7,2020,23999.58,0.879,16319.71,3076.5,0.1885,False,,,sent_to_garage,0.2537,0,1,0.7857,0,0.5042,0
CLM008763,POL001525,2023-04-10,2023-03-12,2018-10-09,2019-10-09,29,Mercedes,C-Class,Van,vandalism,front,moderate,app,comprehensive,False,False,False,20,137668,28,0,17,2003,,,,,,False,,,sent_to_garage,0.2729,0,0,0.1127,0,0.2316,0
CLM008765,POL002251,2022-10-17,2022-10-15,2022-07-17,2023-07-17,2,Ford,Transit,Sedan,collision,rear,minor,phone,comprehensive,False,False,False,17,115473,63,2,5,2005,29372.75,0.951,2937.28,427.95,0.1457,False,,,sent_to_garage,0.0338,0,0,0.1563,0,0.1279,0
CLM008766,POL002380,2022-05-14,2022-05-02,2017-10-05,2018-10-05,12,Mercedes,A-Class,Estate,collision,side,severe,broker,comprehensive,True,False,True,1,131966,51,0,4,2021,29062.83,1.81,26737.8,7240.0,0.2708,True,,,sent_to_garage,0.599,0,0,0.1021,0,0.0566,0
CLM008769,POL003191,2024-09-26,2024-09-21,2015-02-19,2016-02-19,5,Vauxhall,Mokka,Motorbike,collision,front,moderate,broker,comprehensive,False,True,False,7,133564,45,0,8,2017,22804.26,0.814,10033.87,1628.0,0.1623,False,,,sent_to_garage,0.2676,0,1,0.5904,0,0.42,0
CLM008773,POL003836,2022-12-03,2022-11-11,2018-01-12,2019-01-12,22,Volkswagen,Golf,Sedan,theft_damage,roof,moderate,online,comprehensive,True,True,False,20,117236,50,0,6,2002,,,,,,False,,,sent_to_garage,0.3112,0,1,0.7883,0,0.5156,0
CLM008777,POL002532,2024-10-12,2024-09-21,2016-10-09,2017-10-09,21,Honda,Jazz,Sedan,vandalism,front,minor,direct,comprehensive,True,False,False,3,168934,56,0,20,2021,16510.72,0.829,12548.15,414.5,0.033,False,,,sent_to_garage,0.1552,0,0,0.0085,0,0.0696,0
CLM008779,POL004893,2023-09-09,2023-09-07,2015-12-26,2016-12-25,2,BMW,X5,Motorbike,theft_damage,side,minor,direct,comprehensive,True,True,True,13,62037,35,3,8,2010,65890.98,1.955,6589.1,782.0,0.1187,False,,,sent_to_garage,0.0864,0,0,0.0264,0,0.171,0
CLM008782,POL000888,2022-02-14,2022-02-05,2014-11-14,2015-11-14,9,Audi,A6,Estate,collision,rear,minor,online,third_party_fire_theft,False,True,True,16,139354,53,0,1,2006,47869.36,1.951,4786.94,877.95,0.1834,False,,,sent_to_garage,0.2659,0,0,0.0946,0,0.122,0
CLM008783,POL005855,2022-01-29,2022-01-15,2018-07-29,2019-07-29,14,Nissan,Leaf,Motorbike,flood,front,severe,online,third_party_fire_theft,True,True,True,9,20894,85,0,15,2013,31005.38,0.983,8681.51,4915.0,0.5661,False,,,sent_to_garage,0.6564,0,1,0.8445,0,0.9191,0
CLM008785,POL004104,2022-03-20,2022-03-08,2013-08-27,2014-08-27,12,Honda,HR-V,Estate,vandalism,front,moderate,broker,third_party_fire_theft,True,False,True,19,81253,32,1,3,2003,,,,,,False,,,sent_to_garage,0.1347,0,0,0.0984,0,0.1557,0
CLM008788,POL003723,2024-01-15,2024-01-01,2023-11-20,2024-11-19,14,Honda,HR-V,Hatchback,flood,roof,moderate,broker,third_party_fire_theft,False,True,True,7,56862,61,0,4,2017,24643.42,0.887,10843.1,2217.5,0.2045,False,,,sent_to_garage,0.041,0,0,0.0393,0,0.078,0
CLM008789,POL001855,2022-01-19,2021-12-30,2014-12-30,2015-12-30,20,Volkswagen,Polo,Motorbike,flood,front,moderate,broker,third_party,False,True,True,0,168841,63,1,9,2022,16764.67,0.895,16764.67,1790.0,0.1068,False,,,sent_to_garage,0.1145,0,0,0.0227,0,0.1579,0
CLM008790,POL004624,2022-08-21,2022-08-09,2016-11-05,2017-11-05,12,Nissan,Leaf,Hatchback,flood,rear,severe,app,third_party_fire_theft,True,True,True,11,75416,70,0,9,2011,29259.1,1.017,3511.09,4576.5,1.3034,False,,,scrapped_by_model,0.9997,1,1,0.9945,1,0.9887,0
CLM008791,POL005000,2024-09-19,2024-09-19,2015-10-30,2016-10-29,0,Honda,HR-V,Van,flood,roof,minor,app,third_party_fire_theft,False,True,True,20,97664,49,0,0,2004,25441.63,0.877,2544.16,526.2,0.2068,False,,,sent_to_garage,0.1104,0,0,0.0208,0,0.1148,0
CLM008795,POL003160,2022-04-04,2022-04-04,2018-08-12,2019-08-12,0,Vauxhall,Insignia,Motorbike,fire,multiple,minor,app,comprehensive,False,True,True,1,193605,54,2,17,2021,23929.56,0.832,22015.2,665.6,0.0302,True,,,sent_to_garage,0.2916,0,1,0.87,0,0.7273,0
CLM008797,POL002696,2022-11-03,2022-11-01,2018-12-26,2019-12-26,2,Volkswagen,Tiguan,Van,vandalism,front,moderate,app,comprehensive,False,False,True,12,111668,39,0,3,2010,34111.23,1.071,3411.12,2142.0,0.6279,False,,,sent_to_garage,0.0943,0,0,0.0311,0,0.0479,0
CLM008800,POL002309,2022-06-05,2022-05-23,2019-07-19,2020-07-18,13,Toyota,RAV4,Sedan,collision,roof,minor,phone,third_party,True,True,True,3,56034,34,2,15,2019,30434.33,0.884,23130.09,530.4,0.0229,True,,,sent_to_garage,0.1148,0,0,0.0684,0,0.0794,0
CLM008803,POL000722,2022-01-28,2022-01-27,2020-02-14,2021-02-13,1,Volkswagen,Golf,SUV,flood,roof,minor,online,third_party,False,False,False,15,182298,47,0,0,2007,25438.26,1.013,2543.83,607.8,0.2389,False,,,sent_to_garage,0.2211,0,0,0.1195,0,0.0582,0
CLM008805,POL004416,2023-06-09,2023-06-01,2012-12-07,2013-12-07,8,Audi,Q5,Estate,fire,multiple,minor,app,third_party_fire_theft,False,False,True,15,109835,29,1,1,2008,42783.78,1.832,4278.38,1465.6,0.3426,False,,,sent_to_garage,0.4666,0,1,0.9452,0,0.7056,0
CLM008806,POL003105,2024-01-30,2024-01-07,2013-08-27,2014-08-27,23,Honda,Jazz,Hatchback,fire,multiple,minor,phone,comprehensive,False,True,True,20,161266,27,1,14,2004,16762.66,0.841,1676.27,672.8,0.4014,False,,,sent_to_garage,0.9075,0,1,0.8435,0,0.7381,0
CLM008808,POL004453,2022-08-23,2022-08-07,2019-07-31,2020-07-30,16,Hyundai,Tucson,Estate,collision,multiple,minor,app,comprehensive,False,True,False,16,10225,60,0,20,2006,26971.12,0.897,2697.11,717.6,0.2661,False,,,sent_to_garage,0.7178,0,0,0.1907,0,0.3637,0
CLM008810,POL004972,2024-05-13,2024-04-27,2016-01-30,2017-01-29,16,Hyundai,Tucson,Hatchback,collision,multiple,minor,direct,third_party,False,False,False,16,136662,46,1,18,2008,28366.55,0.9,2836.66,720.0,0.2538,False,,,sent_to_garage,0.6158,0,1,0.9097,0,0.8917,0
CLM008812,POL006573,2023-12-08,2023-11-12,2012-10-04,2013-10-04,26,Nissan,Qashqai,Sedan,collision,roof,minor,online,comprehensive,False,True,True,7,178529,35,1,16,2016,29385.51,0.92,12929.62,552.0,0.0427,False,,,sent_to_garage,0.0532,0,1,0.7566,0,0.3364,0
CLM008813,POL003312,2023-01-29,2023-01-06,2016-02-22,2017-02-21,23,Mercedes,GLC,Motorbike,vandalism,roof,minor,direct,comprehensive,True,True,True,8,42181,32,1,19,2015,49442.8,1.964,17799.41,1178.4,0.0662,True,,,sent_to_garage,0.1125,0,0,0.0184,0,0.0458,0
CLM008815,POL005655,2023-06-02,2023-05-08,2015-06-20,2016-06-19,25,Vauxhall,Astra,Sedan,theft_damage,rear,severe,app,comprehensive,False,True,True,14,40709,20,0,9,2009,18013.13,0.772,1801.31,3474.0,1.9286,False,,,scrapped_by_model,0.9993,1,1,0.9968,1,0.997,1
CLM008817,POL004876,2022-01-09,2022-01-09,2014-12-02,2015-12-02,0,Hyundai,Tucson,Hatchback,vandalism,side,moderate,app,comprehensive,True,False,True,1,184599,46,1,5,2021,28152.0,0.886,25899.84,1329.0,0.0513,True,,,sent_to_garage,0.0337,0,0,0.0884,0,0.1159,0
CLM008820,POL005061,2022-04-10,2022-03-15,2021-01-03,2022-01-03,26,Honda,Jazz,Estate,flood,multiple,moderate,broker,comprehensive,True,True,True,0,163875,35,0,5,2022,15831.17,0.862,15831.17,3017.0,0.1906,False,,,sent_to_garage,0.2535,0,0,0.0543,0,0.1341,0
CLM008827,POL004074,2024-06-15,2024-06-15,2018-05-25,2019-05-25,0,Ford,Focus,Motorbike,fire,front,moderate,online,third_party_fire_theft,True,False,True,19,129631,28,0,16,2005,18598.07,0.815,1859.81,1630.0,0.8764,False,,,sent_to_garage,0.9789,0,1,0.9673,0,0.9704,0
CLM008828,POL005825,2022-12-09,2022-11-23,2018-11-28,2019-11-28,16,BMW,X5,Motorbike,flood,front,moderate,online,comprehensive,False,False,True,18,199767,27,0,19,2004,64241.58,2.028,6424.16,4056.0,0.6314,False,,,sent_to_garage,0.0429,0,1,0.8511,0,0.7826,0
CLM008829,POL001009,2024-11-25,2024-11-13,2020-07-08,2021-07-08,12,Mercedes,E-Class,Hatchback,theft_damage,multiple,moderate,app,comprehensive,False,False,False,6,71182,35,1,9,2018,50060.06,2.035,26031.23,7122.5,0.2736,True,,,sent_to_garage,0.5886,0,0,0.0412,0,0.1121,0
CLM008831,POL000363,2024-12-22,2024-12-04,2019-09-10,2020-09-09,18,BMW,5 Series,SUV,theft_damage,front,moderate,phone,comprehensive,True,False,True,6,199324,46,4,15,2018,44227.63,1.904,22998.37,3808.0,0.1656,True,,,sent_to_garage,0.3991,0,0,0.0167,0,0.0824,0
CLM008833,POL000510,2023-02-23,2023-02-22,2012-11-04,2013-11-04,1,Ford,Fiesta,Motorbike,fire,rear,minor,broker,comprehensive,False,False,True,7,24956,41,0,15,2016,12334.06,0.736,5426.99,331.2,0.061,False,,,sent_to_garage,0.0946,0,0,0.0238,0,0.0446,0
CLM008834,POL003208,2023-09-20,2023-09-06,2023-03-25,2024-03-24,14,Mercedes,A-Class,Van,theft_damage,side,severe,app,comprehensive,False,False,True,6,150034,47,0,17,2017,29311.03,1.763,15241.74,7052.0,0.4627,False,,,sent_to_garage,0.5872,0,0,0.0707,0,0.2424,0
CLM008836,POL000461,2022-09-01,2022-08-23,2015-02-03,2016-02-03,9,Nissan,Micra,Van,vandalism,side,severe,broker,comprehensive,False,True,True,19,97322,46,1,4,2003,,,,,,False,,,sent_to_garage,0.9914,0,0,0.2732,0,0.6637,0
CLM008842,POL000776,2024-04-20,2024-03-25,2022-12-30,2023-12-30,26,BMW,5 Series,Hatchback,fire,side,minor,phone,third_party,True,True,True,19,195161,39,0,1,2005,47158.07,1.934,4715.81,773.6,0.164,False,,,sent_to_garage,0.3567,0,0,0.1155,0,0.2197,0
CLM008843,POL000833,2022-08-01,2022-07-12,2018-08-04,2019-08-04,20,BMW,X5,Van,collision,side,severe,broker,third_party,False,True,False,4,103972,32,0,11,2018,63595.4,2.04,43244.87,8160.0,0.1887,True,,,sent_to_garage,0.3648,0,0,0.1139,0,0.0635,0
CLM008845,POL004398,2022-04-01,2022-03-07,2012-10-04,2013-10-04,25,Audi,Q3,SUV,fire,side,severe,app,third_party_fire_theft,False,True,False,0,73582,27,1,19,2022,35926.34,1.778,35926.34,7112.0,0.198,True,,,sent_to_garage,0.5226,0,1,0.8491,0,0.8568,0
CLM008848,POL003340,2024-06-23,2024-05-25,2020-09-21,2021-09-21,29,Nissan,Leaf,Motorbike,theft_damage,front,minor,direct,third_party_fire_theft,True,True,False,8,174691,46,2,18,2016,29123.99,1.001,10484.64,500.5,0.0477,False,,,sent_to_garage,0.0621,0,0,0.0171,0,0.0457,0
CLM008849,POL004503,2024-11-26,2024-11-25,2015-11-10,2016-11-09,1,Toyota,Corolla,Hatchback,flood,rear,severe,broker,comprehensive,False,False,False,13,154989,38,0,12,2011,21841.39,0.856,2184.14,3852.0,1.7636,False,,,scrapped_by_model,0.9995,1,1,0.9997,1,0.9991,1
CLM008851,POL002208,2023-03-21,2023-03-09,2022-02-17,2023-02-17,12,Vauxhall,Insignia,Hatchback,theft_damage,multiple,moderate,online,comprehensive,False,False,True,0,100018,39,1,9,2023,23992.44,0.868,23992.44,3038.0,0.1266,True,,,sent_to_garage,0.3854,0,1,0.8582,0,0.59,0
CLM008853,POL000765,2022-05-16,2022-04-19,2018-08-02,2019-08-02,27,Nissan,Micra,Sedan,flood,multiple,minor,online,comprehensive,False,True,True,19,38090,49,0,11,2003,,,,,,False,,,sent_to_garage,0.7425,0,0,0.1063,0,0.2416,0
CLM008857,POL004981,2023-05-01,2023-04-13,2019-01-11,2020-01-11,18,Hyundai,Tucson,SUV,vandalism,roof,moderate,broker,comprehensive,False,True,True,6,44865,31,1,10,2017,28742.07,0.87,14945.88,2175.0,0.1455,False,,,sent_to_garage,0.0946,0,0,0.0415,0,0.0581,0
CLM008860,POL001169,2022-04-18,2022-03-19,2020-05-07,2021-05-07,30,Toyota,Yaris,Sedan,collision,rear,moderate,phone,comprehensive,False,True,False,17,74440,32,0,11,2005,14258.14,0.778,1425.81,1400.4,0.9822,False,,,scrapped_by_model,0.9987,1,1,0.9892,0,0.9968,1
CLM008861,POL001208,2024-08-03,2024-07-27,2019-12-23,2020-12-22,7,Audi,Q5,Sedan,fire,front,minor,broker,third_party,True,True,False,7,136145,73,4,13,2017,43967.84,1.893,19345.85,946.5,0.0489,True,,,sent_to_garage,0.0369,0,0,0.0253,0,0.0728,0
CLM008863,POL004818,2022-06-17,2022-06-14,2021-12-08,2022-12-08,3,Honda,HR-V,Van,vandalism,side,moderate,direct,third_party,False,True,True,5,94887,49,0,5,2017,24643.42,0.887,14786.05,1330.5,0.09,False,,,sent_to_garage,0.0332,0,0,0.0694,0,0.0792,0
CLM008864,POL003366,2022-03-16,2022-02-16,2013-07-01,2014-07-01,28,Vauxhall,Mokka,SUV,theft_damage,front,severe,direct,third_party,False,False,True,19,11693,46,0,15,2003,,,,,,False,,,sent_to_garage,0.9965,0,0,0.0837,0,0.5586,0
CLM008866,POL002671,2023-03-31,2023-03-13,2016-06-24,2017-06-24,18,Hyundai,i20,Sedan,vandalism,front,moderate,app,comprehensive,False,True,False,7,55577,17,1,16,2016,15958.29,0.803,7021.65,1606.0,0.2287,False,,,sent_to_garage,0.0648,0,0,0.0245,0,0.0285,0
CLM008868,POL002294,2023-11-24,2023-11-23,2013-08-25,2014-08-25,1,Volkswagen,Tiguan,Estate,collision,front,moderate,app,third_party,False,True,True,5,189199,36,2,11,2018,36269.68,1.067,21761.81,2134.0,0.0981,True,,,sent_to_garage,0.132,0,0,0.0062,0,0.0785,0
CLM008871,POL003103,2024-11-26,2024-11-16,2016-07-02,2017-07-02,10,Volkswagen,Tiguan,Motorbike,collision,front,minor,online,comprehensive,False,True,False,7,62410,17,3,5,2017,33255.81,1.074,14632.56,537.0,0.0367,False,,,sent_to_garage,0.0423,0,0,0.0032,0,0.0191,0
CLM008872,POL004940,2022-12-18,2022-11-25,2021-12-08,2022-12-08,23,Hyundai,i30,Hatchback,theft_damage,front,minor,broker,comprehensive,True,True,True,14,128794,70,1,9,2008,20890.3,0.798,2089.03,399.0,0.191,False,,,sent_to_garage,0.1013,0,0,0.0266,0,0.1263,0
CLM008873,POL000092,2023-05-06,2023-04-19,2019-03-06,2020-03-05,17,Nissan,Juke,Estate,flood,multiple,moderate,app,comprehensive,True,True,True,4,144350,45,0,17,2019,19721.62,0.833,13410.7,2915.5,0.2174,False,,,sent_to_garage,0.3793,0,0,0.1413,0,0.4182,0
CLM008875,POL000128,2022-10-03,2022-09-28,2015-07-24,2016-07-23,5,Audi,A4,Motorbike,theft_damage,side,severe,online,third_party,False,True,False,10,126518,23,3,5,2012,38918.14,1.797,7783.63,7188.0,0.9235,False,,,scrapped_by_model,0.9996,1,1,0.9981,1,0.9915,0
CLM008876,POL001719,2022-04-14,2022-03-26,2012-12-01,2013-12-01,19,Honda,Civic,Estate,flood,multiple,minor,online,third_party_fire_theft,False,False,True,9,5594,37,2,12,2013,22820.29,0.864,6389.68,691.2,0.1082,False,,,sent_to_garage,0.2301,0,0,0.0441,0,0.1663,0
CLM008877,POL004968,2024-02-15,2024-02-11,2013-05-07,2014-05-07,4,Hyundai,i10,Hatchback,flood,multiple,moderate,online,comprehensive,False,False,False,14,48002,59,0,2,2010,11719.24,0.74,1171.92,2590.0,2.0,False,,,scrapped_by_model,0.9988,1,1,0.9989,1,0.9887,0
CLM008879,POL000972,2024-05-06,2024-04-25,2015-05-21,2016-05-20,11,Vauxhall,Insignia,Estate,vandalism,roof,moderate,broker,comprehensive,False,False,False,6,109922,50,0,7,2018,25662.01,0.869,13344.25,2172.5,0.1628,False,,,sent_to_garage,0.0327,0,0,0.0239,0,0.1458,0
CLM008880,POL002772,2022-05-15,2022-05-09,2012-10-07,2013-10-07,6,Volkswagen,Golf,Sedan,fire,rear,minor,broker,comprehensive,True,False,False,20,37087,57,3,15,2002,,,,,,False,,,sent_to_garage,0.6003,0,0,0.1052,0,0.1714,0
CLM008883,POL003582,2024-02-17,2024-01-20,2023-08-14,2024-08-13,28,BMW,X5,Van,vandalism,rear,moderate,online,third_party_fire_theft,True,False,True,15,165479,26,1,5,2009,62520.11,2.042,6252.01,3675.6,0.5879,False,,,sent_to_garage,0.1982,0,0,0.0893,0,0.1323,0
CLM008887,POL000270,2023-06-13,2023-05-16,2014-02-25,2015-02-25,28,Mercedes,A-Class,SUV,collision,rear,moderate,phone,comprehensive,False,True,True,2,18530,49,1,16,2021,29062.83,1.81,24412.78,3258.0,0.1335,True,,,sent_to_garage,0.0676,0,0,0.0974,0,0.1419,0
CLM008891,POL004425,2023-10-09,2023-09-26,2021-08-15,2022-08-15,13,Hyundai,Tucson,Van,collision,multiple,moderate,app,comprehensive,False,False,True,20,136006,51,0,6,2003,,,,,,False,,,sent_to_garage,0.8288,0,1,0.8441,0,0.7729,0
CLM008894,POL001382,2022-05-02,2022-04-24,2020-06-24,2021-06-24,8,Audi,Q5,Hatchback,fire,rear,minor,online,comprehensive,False,True,True,6,17219,34,0,14,2016,43370.99,1.882,22552.91,846.9,0.0376,True,,,sent_to_garage,0.5128,0,0,0.0253,0,0.1044,0
CLM008896,POL000677,2022-03-02,2022-02-23,2021-04-29,2022-04-29,7,Nissan,Juke,Van,collision,roof,moderate,online,comprehensive,False,False,True,11,47442,49,2,18,2011,19715.37,0.849,2365.84,2122.5,0.8971,False,,,sent_to_garage,0.6267,0,1,0.9711,0,0.9402,0
CLM008900,POL000989,2022-07-29,2022-06-29,2022-02-10,2023-02-10,30,Mercedes,C-Class,Van,flood,rear,moderate,phone,third_party,False,True,True,7,160639,30,0,15,2015,38857.31,1.859,17097.22,3346.2,0.1957,False,,,sent_to_garage,0.139,0,0,0.0731,0,0.0971,0
CLM008901,POL001066,2023-02-17,2023-02-14,2015-10-11,2016-10-10,3,BMW,3 Series,Hatchback,theft_damage,rear,moderate,broker,comprehensive,False,True,True,9,175811,32,1,4,2014,33436.84,1.81,9362.32,3258.0,0.348,False,,,sent_to_garage,0.0854,0,0,0.0514,0,0.1538,0
CLM008902,POL005091,2023-02-22,2023-01-28,2022-05-09,2023-05-09,25,Hyundai,i20,Motorbike,theft_damage,side,minor,app,third_party_fire_theft,False,True,True,11,53355,48,2,13,2012,15501.65,0.794,1860.2,317.6,0.1707,False,,,sent_to_garage,0.4339,0,0,0.0195,0,0.148,0
CLM008904,POL001946,2024-03-14,2024-03-13,2022-02-26,2023-02-26,1,Mercedes,E-Class,SUV,collision,multiple,minor,broker,third_party_fire_theft,False,True,True,16,190928,32,1,19,2008,53740.48,1.959,5374.05,1567.2,0.2916,False,,,sent_to_garage,0.5697,0,0,0.1051,0,0.2973,0
CLM008910,POL001325,2022-09-27,2022-09-10,2019-10-22,2020-10-21,17,Vauxhall,Corsa,Estate,flood,rear,moderate,phone,comprehensive,False,True,False,12,57132,46,2,8,2010,12493.82,0.705,1249.38,1269.0,1.0157,False,,,sent_to_garage,0.9969,0,1,0.9904,0,0.9925,0
CLM008917,POL003023,2024-02-24,2024-01-29,2019-04-18,2020-04-17,26,Nissan,Juke,Sedan,flood,roof,severe,broker,third_party,True,False,True,15,33410,34,3,19,2009,20765.65,0.863,2076.56,5178.0,2.0,False,,,scrapped_by_model,0.9993,1,1,0.9992,1,0.9997,1
CLM008921,POL002317,2023-09-27,2023-09-27,2014-01-02,2015-01-02,0,Audi,A3,Sedan,theft_damage,front,minor,broker,comprehensive,False,True,False,14,40729,27,1,9,2009,30817.06,1.719,3081.71,859.5,0.2789,False,,,sent_to_garage,0.116,0,1,0.6966,0,0.4291,0
CLM008923,POL000040,2022-12-18,2022-11-23,2014-03-17,2015-03-17,25,Toyota,Camry,SUV,theft_damage,rear,minor,online,comprehensive,True,True,True,16,156503,31,0,0,2006,29907.98,0.862,2990.8,387.9,0.1297,False,,,sent_to_garage,0.2258,0,1,0.8529,0,0.5933,0
CLM008925,POL002487,2024-12-05,2024-12-02,2013-12-17,2014-12-17,3,Vauxhall,Corsa,Van,theft_damage,multiple,moderate,app,comprehensive,False,True,True,9,27660,54,1,11,2015,13354.82,0.715,3739.35,2502.5,0.6692,False,,,sent_to_garage,0.4589,0,0,0.0487,0,0.2285,0
CLM008930,POL001980,2022-11-27,2022-11-24,2013-01-02,2014-01-02,3,Audi,Q3,SUV,theft_damage,rear,minor,broker,third_party,True,True,True,4,55846,49,0,20,2018,35462.71,1.733,24114.64,779.85,0.0323,True,,,sent_to_garage,0.2115,0,0,0.036,0,0.0762,0
CLM008931,POL003448,2024-05-24,2024-05-02,2014-05-12,2015-05-12,22,Vauxhall,Insignia,SUV,theft_damage,rear,minor,app,comprehensive,False,True,False,7,93742,34,0,13,2017,24381.09,0.84,10727.68,378.0,0.0352,False,,,sent_to_garage,0.0545,0,0,0.052,0,0.0512,0
CLM008939,POL002470,2023-10-17,2023-10-15,2021-08-09,2022-08-09,2,Vauxhall,Mokka,Van,fire,rear,severe,online,comprehensive,False,True,True,6,175523,52,1,5,2017,22804.26,0.814,11858.22,3663.0,0.3089,False,,,sent_to_garage,0.8063,0,1,0.8923,0,0.7897,0
CLM008940,POL005332,2024-06-03,2024-05-25,2020-09-10,2021-09-10,9,Toyota,RAV4,SUV,fire,multiple,moderate,phone,third_party,False,True,True,0,173657,58,1,7,2024,30853.11,0.897,30853.11,3139.5,0.1018,True,,,sent_to_garage,0.3115,0,0,0.0893,0,0.1902,0
CLM008943,POL000390,2024-04-18,2024-04-13,2017-06-24,2018-06-24,5,Mercedes,GLC,Estate,collision,rear,severe,online,third_party_fire_theft,False,True,True,16,116969,18,3,12,2008,46649.78,1.952,4664.98,8784.0,1.883,False,,,scrapped_by_model,0.9998,1,1,0.9991,1,0.9997,1
CLM008952,POL002830,2023-03-05,2023-02-07,2018-01-12,2019-01-12,26,Vauxhall,Astra,Estate,theft_damage,multiple,severe,app,comprehensive,True,False,False,1,84771,47,0,14,2022,18406.39,0.753,16933.88,6024.0,0.3557,False,,,sent_to_garage,0.5503,0,1,0.8722,0,0.6201,0
CLM008956,POL002102,2023-07-20,2023-07-05,2020-08-06,2021-08-06,15,Ford,Transit,Motorbike,vandalism,roof,minor,broker,third_party_fire_theft,False,False,True,11,175532,45,1,18,2012,30816.04,0.959,3697.92,575.4,0.1556,False,,,sent_to_garage,0.0444,0,0,0.0232,0,0.0941,0
CLM008957,POL003802,2023-08-10,2023-08-10,2020-07-09,2021-07-09,0,Audi,Q3,Van,flood,multiple,minor,app,third_party_fire_theft,False,True,False,5,161305,17,0,1,2018,35462.71,1.733,21277.63,1386.4,0.0652,True,,,sent_to_garage,0.4051,0,1,0.9251,0,0.7751,0
CLM008959,POL000014,2022-03-02,2022-02-06,2017-05-13,2018-05-13,24,Nissan,Micra,Sedan,vandalism,multiple,severe,app,third_party_fire_theft,False,False,False,12,110521,51,0,12,2010,13120.84,0.767,1312.08,6136.0,2.0,False,,,scrapped_by_model,0.9999,1,1,0.9999,1,0.9997,1
CLM008961,POL001377,2023-01-17,2022-12-29,2017-12-01,2018-12-01,19,Honda,Jazz,Estate,fire,roof,moderate,online,comprehensive,False,True,True,4,63684,55,0,15,2019,15434.98,0.868,10495.79,2170.0,0.2067,False,,,sent_to_garage,0.5656,0,1,0.8113,0,0.4754,0
CLM008962,POL002119,2023-01-31,2023-01-07,2022-03-21,2023-03-21,24,Toyota,Corolla,Motorbike,theft_damage,rear,severe,phone,third_party,False,True,False,0,123337,29,1,7,2023,22520.75,0.87,22520.75,3915.0,0.1738,True,,,sent_to_garage,0.6195,0,1,0.8859,0,0.7895,0
CLM008963,POL003989,2022-05-17,2022-04-18,2021-02-13,2022-02-13,29,Honda,Civic,Hatchback,theft_damage,side,moderate,direct,third_party,False,False,False,20,163176,26,0,7,2002,,,,,,False,,,sent_to_garage,0.1354,0,0,0.1742,0,0.1914,0
CLM008964,POL003148,2022-01-26,2022-01-24,2015-07-25,2016-07-24,2,Hyundai,i30,Motorbike,fire,front,severe,online,comprehensive,False,True,True,6,59688,43,3,8,2016,20487.99,0.822,10653.75,4110.0,0.3858,False,,,sent_to_garage,0.2876,0,0,0.1637,0,0.2291,0
CLM008966,POL000946,2023-09-04,2023-08-05,2015-03-07,2016-03-06,30,Mercedes,E-Class,Van,collision,multiple,moderate,online,comprehensive,False,True,True,11,135390,50,3,2,2012,54437.51,1.977,6532.5,6919.5,1.0592,False,,,scrapped_by_model,0.9993,1,1,0.9985,1,0.9998,1
CLM008967,POL002855,2022-04-22,2022-04-16,2012-02-15,2013-02-14,6,Hyundai,i30,Sedan,collision,roof,moderate,broker,comprehensive,False,False,False,11,53559,34,0,15,2011,20771.41,0.806,2492.57,2015.0,0.8084,False,,,sent_to_garage,0.9128,0,0,0.0522,0,0.0472,0
CLM008972,POL002204,2022-02-02,2022-01-07,2015-03-13,2016-03-12,26,Mercedes,A-Class,Estate,vandalism,rear,moderate,phone,third_party,False,False,True,10,197084,17,3,18,2012,30730.38,1.838,6146.08,3308.4,0.5383,False,,,sent_to_garage,0.0502,0,0,0.0067,0,0.0601,0
CLM008976,POL000442,2023-05-05,2023-04-15,2018-05-13,2019-05-13,20,Hyundai,i30,Estate,collision,side,minor,phone,third_party,False,False,True,12,108562,61,1,16,2011,20771.41,0.806,2077.14,322.4,0.1552,False,,,sent_to_garage,0.0495,0,1,0.8971,0,0.6363,0
CLM008977,POL000179,2023-06-23,2023-06-07,2018-04-08,2019-04-08,16,BMW,1 Series,Hatchback,collision,side,severe,broker,comprehensive,False,True,False,18,104139,27,2,18,2005,27159.37,1.731,2715.94,6924.0,2.0,False,,,scrapped_by_model,1.0,1,1,0.9992,1,0.9999,1
CLM008979,POL004048,2023-02-28,2023-02-15,2018-03-14,2019-03-14,13,Honda,HR-V,Van,theft_damage,side,minor,direct,comprehensive,False,False,True,13,7360,40,3,12,2010,24287.95,0.905,2428.8,362.0,0.149,False,,,sent_to_garage,0.3251,0,1,0.8129,0,0.6298,0
CLM008981,POL003007,2024-11-08,2024-10-15,2024-01-12,2025-01-11,24,Toyota,Camry,Sedan,fire,multiple,minor,phone,third_party_fire_theft,False,True,False,20,142572,50,0,5,2004,29677.72,0.858,2967.77,686.4,0.2313,False,,,sent_to_garage,0.4986,0,1,0.9618,0,0.6474,0
CLM008982,POL003217,2022-11-21,2022-11-08,2018-09-07,2019-09-07,13,Audi,A4,Estate,fire,rear,severe,broker,comprehensive,False,True,True,8,109050,17,1,11,2014,37397.27,1.751,13463.02,7879.5,0.5853,False,,,sent_to_garage,0.8452,0,1,0.8875,0,0.796,0
CLM008984,POL004668,2022-05-06,2022-04-12,2012-12-28,2013-12-28,24,BMW,5 Series,Van,theft_damage,rear,moderate,app,comprehensive,False,True,True,10,59319,29,1,20,2012,44900.45,1.891,8980.09,3403.8,0.379,False,,,sent_to_garage,0.0478,0,0,0.0297,0,0.0589,0
CLM008986,POL004227,2023-12-14,2023-12-05,2017-06-25,2018-06-25,9,Honda,HR-V,SUV,flood,front,moderate,online,comprehensive,False,False,True,8,58955,57,1,12,2015,25900.7,0.89,9324.25,1780.0,0.1909,False,,,sent_to_garage,0.0497,0,0,0.0568,0,0.0858,0
CLM008988,POL006246,2024-01-11,2024-01-02,2016-08-08,2017-08-08,9,Hyundai,i10,Estate,fire,roof,minor,phone,third_party_fire_theft,False,False,True,11,178719,25,1,17,2013,11669.63,0.766,1400.36,459.6,0.3282,False,,,sent_to_garage,0.6031,0,0,0.1093,0,0.2286,0
CLM008989,POL000181,2023-11-01,2023-10-07,2016-01-22,2017-01-21,25,Volkswagen,Golf,SUV,flood,rear,moderate,direct,comprehensive,False,True,False,11,24820,45,0,9,2012,23761.25,1.001,2851.35,1801.8,0.6319,False,,,sent_to_garage,0.1302,0,0,0.0745,0,0.1674,0
CLM008994,POL002064,2024-12-28,2024-12-27,2015-02-03,2016-02-03,1,BMW,1 Series,SUV,fire,roof,moderate,online,comprehensive,True,False,False,4,22240,32,0,14,2020,27251.39,1.703,18530.95,4257.5,0.2298,True,,,sent_to_garage,0.1639,0,0,0.0368,0,0.11,0
CLM009000,POL003627,2024-03-10,2024-02-12,2014-12-13,2015-12-13,27,Audi,A3,Hatchback,fire,roof,minor,app,comprehensive,True,True,False,2,26108,41,2,18,2022,30109.7,1.743,25292.15,1045.8,0.0413,True,,,sent_to_garage,0.1763,0,1,0.7092,0,0.6793,0
CLM009004,POL000168,2024-05-09,2024-05-07,2018-05-24,2019-05-24,2,Honda,CR-V,Hatchback,collision,side,minor,online,comprehensive,False,False,True,14,97731,42,0,8,2010,29692.58,0.925,2969.26,370.0,0.1246,False,,,sent_to_garage,0.0697,0,0,0.0663,0,0.1656,0
CLM009007,POL000668,2024-03-12,2024-02-20,2012-10-21,2013-10-21,21,BMW,X5,Motorbike,flood,side,moderate,app,comprehensive,False,True,True,2,40302,64,1,18,2022,61938.5,1.969,52028.34,2953.5,0.0568,True,,,sent_to_garage,0.0582,0,0,0.0978,0,0.0504,0
CLM009008,POL003094,2024-01-14,2023-12-15,2023-10-23,2024-10-22,30,Vauxhall,Astra,SUV,collision,rear,minor,direct,third_party,True,True,True,20,80916,29,2,5,2004,18405.33,0.759,1840.53,341.55,0.1856,False,,,sent_to_garage,0.4773,0,1,0.866,0,0.7759,0
CLM009011,POL002534,2023-07-10,2023-07-09,2019-02-13,2020-02-13,1,BMW,X5,SUV,collision,rear,minor,online,comprehensive,False,False,False,13,5019,27,0,15,2010,65890.98,1.955,6589.1,879.75,0.1335,False,,,sent_to_garage,0.0424,0,0,0.0676,0,0.0203,0
CLM009012,POL003864,2022-01-16,2021-12-31,2021-02-27,2022-02-27,16,Honda,HR-V,Hatchback,fire,side,minor,phone,third_party_fire_theft,True,False,False,10,20882,36,3,19,2012,24285.23,0.878,4857.05,351.2,0.0723,False,,,sent_to_garage,0.4867,0,0,0.0152,0,0.0993,0
CLM009014,POL001690,2022-12-15,2022-11-24,2020-07-06,2021-07-06,21,Vauxhall,Astra,Van,collision,rear,moderate,broker,comprehensive,False,True,True,0,43126,27,1,6,2022,18406.39,0.753,18406.39,1355.4,0.0736,True,,,sent_to_garage,0.0463,0,0,0.0578,0,0.0617,0
CLM009019,POL004016,2023-08-30,2023-08-01,2013-06-16,2014-06-16,29,Volkswagen,Polo,Van,fire,side,severe,direct,comprehensive,False,True,False,3,87609,35,1,14,2020,16443.75,0.899,12497.25,3596.0,0.2877,False,,,sent_to_garage,0.4168,0,0,0.0759,0,0.25,0
CLM009020,POL004609,2024-04-24,2024-04-04,2017-12-05,2018-12-05,20,Volkswagen,Polo,Estate,flood,rear,minor,app,comprehensive,False,True,True,14,48872,37,2,14,2010,15964.01,0.914,1596.4,411.3,0.2576,False,,,sent_to_garage,0.1958,0,0,0.037,0,0.1428,0
CLM009022,POL006586,2024-08-08,2024-07-29,2020-12-08,2021-12-08,10,BMW,X5,Motorbike,flood,rear,minor,online,comprehensive,False,True,False,6,11558,39,0,1,2018,63595.4,2.04,33069.61,918.0,0.0278,True,,,sent_to_garage,0.0154,0,0,0.0264,0,0.0053,0
CLM009024,POL002742,2024-09-17,2024-09-07,2020-12-06,2021-12-06,10,Vauxhall,Mokka,Hatchback,flood,side,moderate,direct,comprehensive,False,True,False,10,180264,21,1,10,2014,22531.78,0.811,4506.36,1216.5,0.27,False,,,sent_to_garage,0.1584,0,0,0.136,0,0.2417,0
CLM009027,POL004297,2022-02-23,2022-02-13,2013-11-23,2014-11-23,10,Ford,Transit,Hatchback,theft_damage,side,moderate,phone,comprehensive,False,False,False,1,40177,48,0,16,2021,30002.22,0.93,27602.04,1395.0,0.0505,True,,,sent_to_garage,0.0264,0,0,0.0224,0,0.0229,0
CLM009029,POL000132,2024-12-01,2024-11-07,2021-04-27,2022-04-27,24,Mercedes,A-Class,Motorbike,collision,side,moderate,direct,comprehensive,True,True,True,20,78153,59,0,0,2004,30766.62,1.774,3076.66,2661.0,0.8649,False,,,sent_to_garage,0.8591,0,1,0.9904,0,0.9418,0
CLM009041,POL000627,2023-12-06,2023-11-11,2013-12-12,2014-12-12,25,BMW,5 Series,SUV,fire,front,moderate,phone,comprehensive,False,True,False,15,76345,44,2,0,2008,45162.31,1.902,4516.23,3804.0,0.8423,False,,,sent_to_garage,0.8616,0,1,0.9886,0,0.9745,0
CLM009048,POL002308,2023-03-18,2023-03-03,2022-05-02,2023-05-02,15,Volkswagen,Tiguan,Estate,theft_damage,multiple,severe,online,third_party_fire_theft,True,True,True,7,69028,46,0,17,2016,34629.44,1.094,15236.95,8752.0,0.5744,False,,,sent_to_garage,0.8323,0,1,0.9009,0,0.8286,0
CLM009050,POL002220,2024-09-04,2024-08-11,2021-08-01,2022-08-01,24,Audi,Q3,Estate,collision,front,severe,direct,comprehensive,False,True,False,2,73946,53,0,19,2022,35926.34,1.778,30178.13,8890.0,0.2946,True,,,sent_to_garage,0.2988,0,0,0.0616,0,0.1313,0
CLM009054,POL004443,2024-07-04,2024-06-29,2015-02-21,2016-02-21,5,Nissan,Leaf,Estate,vandalism,side,minor,online,comprehensive,False,False,False,13,118239,40,1,18,2011,29259.1,1.017,2925.91,406.8,0.139,False,,,sent_to_garage,0.1016,0,0,0.1075,0,0.2104,0
CLM009056,POL005242,2023-12-15,2023-11-24,2018-04-11,2019-04-11,21,Vauxhall,Insignia,Van,theft_damage,multiple,moderate,phone,comprehensive,False,True,False,10,93994,36,0,9,2013,24921.04,0.838,4984.21,2933.0,0.5885,False,,,sent_to_garage,0.2145,0,0,0.0433,0,0.0739,0
CLM009065,POL001102,2022-07-23,2022-07-18,2014-12-31,2015-12-31,5,Honda,Civic,Hatchback,flood,rear,moderate,online,third_party_fire_theft,True,False,True,5,144250,37,0,0,2017,22722.8,0.891,13633.68,1603.8,0.1176,False,,,sent_to_garage,0.2845,0,0,0.0091,0,0.2517,0
CLM009069,POL003815,2024-05-14,2024-05-10,2015-07-20,2016-07-19,4,Mercedes,C-Class,Motorbike,fire,multiple,minor,phone,comprehensive,False,False,True,5,50974,36,1,17,2019,41897.67,1.852,25138.6,1481.6,0.0589,True,,,sent_to_garage,0.6067,0,1,0.8659,0,0.6849,0
CLM009070,POL001960,2024-03-19,2024-02-19,2019-06-28,2020-06-27,29,Hyundai,Tucson,Motorbike,vandalism,rear,minor,phone,comprehensive,False,False,True,1,85977,17,0,18,2023,26978.22,0.89,24819.96,400.5,0.0161,True,,,sent_to_garage,0.0176,0,1,0.885,0,0.7084,0
CLM009076,POL000715,2024-11-10,2024-11-02,2017-12-27,2018-12-27,8,Ford,Transit,Hatchback,fire,multiple,moderate,online,third_party_fire_theft,True,True,True,0,123224,43,2,20,2024,28865.5,0.95,28865.5,3325.0,0.1152,True,,,sent_to_garage,0.7058,0,1,0.935,0,0.8995,0
CLM009078,POL003886,2024-07-30,2024-07-29,2015-11-26,2016-11-25,1,Toyota,RAV4,Sedan,fire,side,severe,online,comprehensive,False,False,True,5,30315,44,0,20,2019,30434.33,0.884,18260.6,3536.0,0.1936,True,,,sent_to_garage,0.0906,0,1,0.9012,0,0.8336,0
CLM009079,POL000173,2023-05-20,2023-05-09,2013-04-24,2014-04-24,11,Volkswagen,Golf,Sedan,vandalism,rear,severe,online,comprehensive,True,False,True,9,65819,49,0,3,2014,24753.39,1.024,6930.95,4608.0,0.6648,False,,,sent_to_garage,0.1914,0,1,0.9524,0,0.8297,0
CLM009080,POL001896,2023-01-03,2022-12-17,2020-02-07,2021-02-06,17,Volkswagen,Polo,Van,vandalism,front,minor,broker,comprehensive,False,True,False,12,111171,43,1,9,2011,16645.32,0.912,1664.53,456.0,0.274,False,,,sent_to_garage,0.2364,0,0,0.0342,0,0.1221,0
CLM009081,POL002636,2023-02-10,2023-01-15,2021-04-10,2022-04-10,26,BMW,X3,Van,flood,front,minor,app,comprehensive,False,False,True,16,175242,47,0,12,2007,49444.24,1.86,4944.42,930.0,0.1881,False,,,sent_to_garage,0.338,0,0,0.026,0,0.0787,0
CLM009082,POL002037,2023-02-15,2023-02-14,2014-12-26,2015-12-26,1,Mercedes,A-Class,Van,theft_damage,side,minor,online,third_party,False,False,True,1,182347,43,0,15,2022,31134.44,1.786,28643.68,714.4,0.0249,True,,,sent_to_garage,0.0198,0,0,0.0766,0,0.1156,0
CLM009084,POL001171,2024-10-17,2024-09-25,2018-04-20,2019-04-20,22,Toyota,RAV4,Sedan,vandalism,side,severe,app,comprehensive,False,True,True,10,80632,20,0,13,2014,30782.95,0.893,6156.59,3572.0,0.5802,False,,,sent_to_garage,0.3747,0,1,0.8765,0,0.5972,0
CLM009085,POL000139,2024-04-06,2024-03-31,2013-05-28,2014-05-28,6,Volkswagen,Golf,SUV,collision,multiple,minor,phone,third_party,True,True,False,7,192539,34,0,3,2017,25883.36,0.988,11388.68,790.4,0.0694,False,,,sent_to_garage,0.2224,0,0,0.1018,0,0.0594,0
CLM009087,POL001504,2022-05-26,2022-05-09,2017-08-27,2018-08-27,17,Hyundai,i10,Estate,theft_damage,roof,minor,app,comprehensive,False,False,False,1,111022,41,3,14,2021,12311.96,0.733,11327.0,439.8,0.0388,False,,,sent_to_garage,0.1636,0,0,0.022,0,0.1127,0
CLM009088,POL004631,2023-12-02,2023-11-15,2017-07-25,2018-07-25,17,Mercedes,C-Class,Motorbike,collision,roof,severe,app,third_party,True,False,False,16,37232,21,1,1,2007,41179.0,1.938,4117.9,11628.0,2.0,False,,,scrapped_by_model,0.9998,1,1,0.9995,1,0.9995,1
CLM009091,POL003740,2024-12-16,2024-11-19,2014-02-13,2015-02-13,27,Mercedes,C-Class,Van,collision,multiple,moderate,app,third_party_fire_theft,False,True,False,1,54462,38,0,2,2023,40138.4,1.956,36927.33,6846.0,0.1854,True,,,sent_to_garage,0.2129,0,1,0.9079,0,0.7257,0
CLM009093,POL000743,2022-07-01,2022-06-17,2019-01-06,2020-01-06,14,Ford,Transit,Hatchback,vandalism,front,severe,online,third_party_fire_theft,False,False,False,12,19521,49,0,7,2010,31172.38,0.972,3117.24,4860.0,1.5591,False,,,scrapped_by_model,0.9992,1,1,0.9983,1,0.9999,1
CLM009101,POL001775,2023-03-23,2023-02-25,2018-05-21,2019-05-21,26,Ford,Transit,Estate,fire,rear,minor,online,third_party_fire_theft,False,True,True,15,83510,68,0,10,2008,29805.29,0.978,2980.53,440.1,0.1477,False,,,sent_to_garage,0.145,0,1,0.7962,0,0.5034,0
CLM009103,POL002713,2022-09-02,2022-08-27,2019-08-03,2020-08-02,6,Hyundai,i30,Sedan,fire,rear,minor,online,comprehensive,False,True,False,5,21760,42,1,18,2017,19952.27,0.818,11971.36,368.1,0.0307,False,,,sent_to_garage,0.1326,0,0,0.0607,0,0.1229,0
CLM009107,POL001138,2023-02-03,2023-01-16,2022-12-23,2023-12-23,18,Vauxhall,Astra,SUV,vandalism,rear,moderate,phone,third_party,False,True,True,6,85321,54,5,3,2017,18605.24,0.728,9674.72,1310.4,0.1354,False,,,sent_to_garage,0.0517,0,0,0.057,0,0.0589,0
CLM009108,POL002536,2023-04-25,2023-04-20,2013-09-03,2014-09-03,5,Honda,Jazz,Van,flood,rear,minor,broker,third_party_fire_theft,False,True,True,12,9524,20,3,3,2011,15986.01,0.87,1598.6,391.5,0.2449,False,,,sent_to_garage,0.071,0,0,0.0229,0,0.0314,0
CLM009111,POL006405,2022-03-13,2022-02-28,2020-12-14,2021-12-14,13,Volkswagen,Tiguan,Sedan,collision,front,moderate,direct,third_party,True,True,True,10,24147,43,0,8,2012,34343.99,1.07,6868.8,2140.0,0.3116,False,,,sent_to_garage,0.0275,0,0,0.0838,0,0.0482,0
CLM009112,POL002060,2022-01-23,2022-01-16,2020-05-01,2021-05-01,7,Volkswagen,Polo,Estate,vandalism,roof,moderate,phone,third_party_fire_theft,True,False,True,14,14804,17,0,9,2008,16324.85,0.907,1632.48,2267.5,1.389,False,,,scrapped_by_model,0.9987,1,1,0.9801,0,0.9856,0
CLM009113,POL002811,2022-09-02,2022-08-19,2012-10-19,2013-10-19,14,Audi,A4,Hatchback,flood,rear,severe,direct,comprehensive,False,True,True,12,147759,36,2,16,2010,38121.17,1.766,3812.12,7947.0,2.0,False,,,scrapped_by_model,0.9994,1,1,0.9991,1,0.9996,1
CLM009116,POL004775,2023-07-22,2023-06-25,2013-03-08,2014-03-08,27,Volkswagen,Polo,Hatchback,fire,front,severe,broker,third_party,True,False,True,5,128090,28,2,16,2018,16399.97,0.892,9839.98,4460.0,0.4533,False,,,sent_to_garage,0.6568,0,0,0.1503,0,0.496,0
CLM009123,POL004925,2022-04-07,2022-03-17,2014-09-11,2015-09-11,21,Toyota,Yaris,Hatchback,flood,roof,minor,phone,comprehensive,False,True,True,10,147108,23,0,0,2012,14437.39,0.8,2887.48,480.0,0.1662,False,,,sent_to_garage,0.284,0,0,0.1198,0,0.252,0
CLM009124,POL001970,2024-05-14,2024-04-20,2014-12-03,2015-12-03,24,Audi,Q3,SUV,collision,multiple,moderate,app,third_party_fire_theft,False,True,True,1,155347,56,1,7,2023,34932.13,1.745,32137.56,6107.5,0.19,True,,,sent_to_garage,0.8496,0,0,0.0913,0,0.1966,0
CLM009125,POL004856,2022-03-29,2022-03-10,2016-06-22,2017-06-22,19,Mercedes,C-Class,SUV,flood,front,moderate,online,comprehensive,False,False,True,8,21112,49,2,12,2014,39846.91,1.903,14344.89,3806.0,0.2653,False,,,sent_to_garage,0.213,0,0,0.0537,0,0.0971,0
CLM009126,POL005859,2024-12-24,2024-12-24,2019-10-18,2020-10-17,0,Hyundai,i30,Sedan,fire,multiple,severe,online,comprehensive,False,False,False,16,69262,28,0,17,2008,20890.3,0.798,2089.03,6384.0,2.0,False,,,scrapped_by_model,0.9999,1,1,0.9996,1,0.9997,1
CLM009128,POL003446,2023-01-16,2023-01-02,2021-04-10,2022-04-10,14,Toyota,Yaris,Estate,collision,rear,minor,direct,comprehensive,False,False,False,8,6460,17,2,9,2015,15351.93,0.785,5526.69,353.25,0.0639,False,,,sent_to_garage,0.0674,0,1,0.8311,0,0.551,0
CLM009130,POL003668,2022-07-25,2022-07-22,2018-12-09,2019-12-09,3,Ford,Focus,SUV,vandalism,multiple,severe,online,third_party_fire_theft,False,False,False,4,85707,74,1,8,2018,17486.25,0.796,11890.65,6368.0,0.5355,False,,,sent_to_garage,0.2669,0,1,0.9717,0,0.737,0
CLM009139,POL001783,2024-08-20,2024-08-02,2016-10-09,2017-10-09,18,Mercedes,E-Class,Motorbike,theft_damage,front,severe,app,comprehensive,False,True,True,3,19427,37,1,8,2021,53065.16,1.998,40329.52,9990.0,0.2477,True,,,sent_to_garage,0.5625,0,1,0.8337,0,0.7364,0
CLM009140,POL000824,2024-11-10,2024-10-15,2021-10-19,2022-10-19,26,Audi,A4,SUV,theft_damage,multiple,severe,direct,comprehensive,True,True,False,6,181115,46,3,17,2018,39610.38,1.793,20597.4,14344.0,0.6964,True,,,sent_to_garage,0.7368,0,0,0.0792,0,0.1784,0
CLM009142,POL005552,2024-10-24,2024-09-24,2020-01-12,2021-01-11,30,Vauxhall,Mokka,Estate,vandalism,front,moderate,direct,comprehensive,False,False,True,14,108918,17,1,4,2010,22789.76,0.82,2278.98,1640.0,0.7196,False,,,sent_to_garage,0.2087,0,0,0.0788,0,0.1853,0
CLM009145,POL000282,2024-06-24,2024-05-29,2020-05-01,2021-05-01,26,Nissan,Qashqai,Motorbike,theft_damage,multiple,moderate,app,comprehensive,False,True,False,19,185426,40,0,9,2005,29204.01,0.9,2920.4,3150.0,1.0786,False,,,sent_to_garage,0.9947,0,1,0.9998,1,0.9997,1
CLM009155,POL002655,2023-09-21,2023-09-09,2020-01-13,2021-01-12,12,BMW,3 Series,Motorbike,theft_damage,side,severe,app,comprehensive,False,True,True,18,188790,50,1,3,2005,34078.32,1.827,3407.83,7308.0,2.0,False,,,scrapped_by_model,1.0,1,1,0.9995,1,0.9999,1
CLM009159,POL001300,2024-11-30,2024-11-07,2013-10-27,2014-10-27,23,Nissan,Micra,Sedan,collision,front,severe,online,comprehensive,True,True,False,1,93585,34,0,9,2023,12630.14,0.791,11619.73,3955.0,0.3404,False,,,sent_to_garage,0.2314,0,0,0.0439,0,0.1481,0
CLM009161,POL001838,2023-09-17,2023-09-16,2019-11-18,2020-11-17,1,Vauxhall,Astra,Motorbike,flood,rear,severe,app,comprehensive,True,True,True,8,61002,35,1,17,2015,17190.94,0.754,6188.74,3393.0,0.5483,False,,,sent_to_garage,0.0325,0,0,0.0788,0,0.0559,0
CLM009162,POL004890,2022-12-30,2022-12-24,2019-02-07,2020-02-07,6,Toyota,Corolla,Estate,theft_damage,rear,moderate,phone,third_party,False,False,True,3,180787,47,1,11,2019,22335.35,0.841,16974.87,1513.8,0.0892,False,,,sent_to_garage,0.0894,0,0,0.1028,0,0.0964,0
CLM009170,POL001712,2023-02-04,2023-01-26,2017-09-14,2018-09-14,9,Nissan,Juke,Hatchback,flood,multiple,minor,direct,comprehensive,True,False,True,3,7570,29,0,8,2020,19934.97,0.844,15150.58,675.2,0.0446,False,,,sent_to_garage,0.0243,0,0,0.1624,0,0.1162,0
CLM009174,POL000905,2022-07-30,2022-07-26,2014-12-31,2015-12-31,4,Audi,Q3,Van,theft_damage,side,severe,phone,third_party_fire_theft,True,True,True,16,148477,50,1,3,2006,34242.32,1.768,3424.23,7072.0,2.0,False,,,scrapped_by_model,0.9999,1,1,0.9998,1,0.9999,1
CLM009181,POL002412,2022-01-26,2022-01-16,2013-11-29,2014-11-29,10,BMW,X3,Van,flood,rear,minor,app,comprehensive,False,True,True,12,178718,24,0,5,2010,48432.36,1.805,4843.24,812.25,0.1677,False,,,sent_to_garage,0.1324,0,0,0.1419,0,0.1815,0
CLM009182,POL000564,2024-05-03,2024-05-02,2018-02-21,2019-02-21,1,Nissan,Qashqai,Van,flood,multiple,severe,app,comprehensive,False,False,False,5,183932,38,0,16,2019,28297.64,0.924,16978.58,7392.0,0.4354,False,,,sent_to_garage,0.0965,0,1,0.9775,0,0.6457,0
CLM009184,POL006395,2024-11-02,2024-10-03,2013-01-01,2014-01-01,30,Vauxhall,Insignia,Sedan,vandalism,rear,severe,phone,third_party_fire_theft,True,True,False,19,180223,36,0,7,2005,24241.86,0.844,2424.19,3798.0,1.5667,False,,,scrapped_by_model,0.9998,1,1,0.9999,1,0.9984,1
CLM009186,POL006421,2022-12-19,2022-12-10,2018-03-16,2019-03-16,9,Mercedes,E-Class,Hatchback,vandalism,side,moderate,app,third_party_fire_theft,False,True,True,20,121438,35,1,18,2002,,,,,,False,,,sent_to_garage,0.165,0,1,0.5787,0,0.4056,0
CLM009188,POL003434,2024-03-28,2024-03-20,2023-01-09,2024-01-09,8,Nissan,Qashqai,Motorbike,fire,side,severe,direct,comprehensive,False,True,True,14,10999,31,0,17,2010,26827.23,0.874,2682.72,3496.0,1.3032,False,,,scrapped_by_model,0.9993,1,1,0.9988,1,0.9997,1
CLM009195,POL002749,2023-11-28,2023-11-11,2017-12-24,2018-12-24,17,Hyundai,i30,Van,collision,side,moderate,online,comprehensive,False,True,False,18,117027,52,1,10,2005,19991.21,0.798,1999.12,1197.0,0.5988,False,,,sent_to_garage,0.5116,0,0,0.1646,0,0.3491,0
CLM009200,POL002818,2022-09-04,2022-08-21,2016-04-15,2017-04-15,14,Honda,Jazz,Estate,collision,front,moderate,phone,comprehensive,True,True,False,10,176821,40,0,9,2012,15430.25,0.869,3086.05,1738.0,0.5632,False,,,sent_to_garage,0.1415,0,0,0.0977,0,0.0948,0
CLM009201,POL000918,2024-05-06,2024-04-11,2012-03-05,2013-03-05,25,Mercedes,C-Class,Motorbike,theft_damage,rear,severe,phone,third_party,False,True,True,6,143135,37,0,5,2018,39619.98,1.935,20602.39,8707.5,0.4226,True,,,sent_to_garage,0.6869,0,0,0.0819,0,0.1864,0
CLM009202,POL005941,2022-06-29,2022-06-16,2015-03-21,2016-03-20,13,Vauxhall,Corsa,SUV,fire,roof,moderate,app,third_party,False,False,True,5,30794,17,0,3,2017,12940.79,0.704,7764.47,1760.0,0.2267,False,,,sent_to_garage,0.2057,0,0,0.0146,0,0.0853,0
CLM009203,POL002524,2024-02-29,2024-02-07,2022-10-15,2023-10-15,22,BMW,X5,Hatchback,vandalism,front,severe,online,comprehensive,False,False,True,11,163084,23,0,2,2013,67115.1,1.975,8053.81,9875.0,1.2261,False,,,scrapped_by_model,0.9988,1,1,0.9991,1,0.9995,1
CLM009204,POL001990,2023-10-28,2023-09-28,2013-03-06,2014-03-06,30,Toyota,Camry,Estate,theft_damage,side,minor,online,comprehensive,True,False,True,16,102664,17,0,20,2007,29042.78,0.901,2904.28,360.4,0.1241,False,,,sent_to_garage,0.0296,0,0,0.0386,0,0.0576,0
CLM009208,POL002352,2024-05-02,2024-04-15,2017-10-29,2018-10-29,17,Audi,A3,SUV,theft_damage,multiple,moderate,online,third_party,False,False,True,10,128117,70,2,2,2014,29849.58,1.723,5969.92,6030.5,1.0101,False,,,sent_to_garage,0.9972,0,1,0.9878,0,0.9975,1
CLM009209,POL001387,2024-09-13,2024-08-21,2023-02-27,2024-02-27,23,Audi,Q3,SUV,theft_damage,rear,moderate,app,third_party,False,True,True,12,71297,56,4,14,2012,34648.87,1.769,3464.89,3184.2,0.919,False,,,sent_to_garage,0.9986,0,0,0.044,0,0.1362,0
CLM009210,POL004208,2023-12-28,2023-12-26,2013-06-04,2014-06-04,2,Volkswagen,Polo,SUV,vandalism,side,severe,phone,comprehensive,False,False,False,13,78950,46,1,8,2010,15964.01,0.914,1596.4,3656.0,2.0,False,,,scrapped_by_model,0.9989,1,1,0.9993,1,0.9992,1
CLM009211,POL005583,2022-09-06,2022-08-16,2018-01-15,2019-01-15,21,Audi,A4,SUV,vandalism,rear,moderate,broker,comprehensive,False,False,True,4,153625,64,0,17,2018,39610.38,1.793,26935.06,3227.4,0.1198,True,,,sent_to_garage,0.1278,0,0,0.0795,0,0.1658,0
CLM009212,POL002151,2023-08-22,2023-08-05,2015-02-14,2016-02-14,17,Honda,Jazz,Motorbike,fire,rear,minor,online,comprehensive,False,False,True,6,51456,34,1,7,2017,15255.74,0.858,7932.98,386.1,0.0487,False,,,sent_to_garage,0.0343,0,0,0.1003,0,0.1086,0
CLM009213,POL000762,2023-02-23,2023-02-03,2018-01-11,2019-01-11,20,Ford,Mondeo,Estate,fire,side,severe,online,comprehensive,False,True,True,6,83130,64,0,11,2017,21902.71,0.835,11389.41,3340.0,0.2933,False,,,sent_to_garage,0.641,0,1,0.8956,0,0.8509,0
CLM009218,POL006586,2022-08-17,2022-08-11,2016-07-10,2017-07-10,6,Mercedes,A-Class,Hatchback,collision,side,moderate,direct,comprehensive,False,True,True,12,132307,72,0,11,2010,28615.63,1.819,2861.56,2728.5,0.9535,False,,,scrapped_by_model,0.9991,1,1,0.9833,0,0.9719,0
CLM009219,POL004429,2022-08-16,2022-07-27,2017-05-04,2018-05-04,20,Nissan,Micra,Van,flood,roof,moderate,direct,comprehensive,False,False,True,7,148217,23,0,16,2015,13192.64,0.793,5804.76,1982.5,0.3415,False,,,sent_to_garage,0.0577,0,0,0.0225,0,0.0254,0
CLM009220,POL000916,2024-10-13,2024-10-08,2014-01-23,2015-01-23,5,BMW,1 Series,Sedan,fire,rear,severe,app,third_party,True,True,True,3,80181,57,0,5,2021,28296.84,1.738,21505.6,7821.0,0.3637,True,,,sent_to_garage,0.6639,0,0,0.0784,0,0.4473,0
CLM009221,POL006266,2023-02-04,2023-01-08,2021-07-03,2022-07-03,27,Mercedes,C-Class,SUV,flood,front,severe,direct,comprehensive,True,False,True,3,123622,38,1,19,2020,40606.68,1.942,30861.08,9710.0,0.3146,True,,,sent_to_garage,0.4255,0,1,0.9538,0,0.8522,0
CLM009227,POL006772,2024-10-21,2024-10-06,2020-09-19,2021-09-19,15,Mercedes,E-Class,Sedan,fire,side,minor,app,third_party_fire_theft,False,False,True,17,175510,43,0,20,2007,50011.02,1.947,5001.1,778.8,0.1557,False,,,sent_to_garage,0.6246,0,0,0.204,0,0.1984,0
CLM009230,POL002204,2023-05-10,2023-04-30,2023-02-19,2024-02-19,10,Nissan,Juke,Van,vandalism,roof,moderate,broker,comprehensive,False,True,True,11,194446,57,1,0,2012,19294.85,0.838,2315.38,2095.0,0.9048,False,,,scrapped_by_model,0.9995,1,1,0.9712,0,0.9966,1
CLM009236,POL001723,2022-05-28,2022-05-16,2018-09-01,2019-09-01,12,BMW,5 Series,Motorbike,fire,side,minor,app,comprehensive,True,False,False,1,20371,61,0,13,2021,45598.13,1.876,41950.28,750.4,0.0179,True,,,sent_to_garage,0.0362,0,0,0.0306,0,0.0233,0
CLM009243,POL000164,2023-10-15,2023-09-25,2019-01-09,2020-01-09,20,Nissan,Leaf,Hatchback,vandalism,rear,severe,online,comprehensive,True,False,False,3,160750,17,1,17,2020,29086.49,0.995,22105.73,4477.5,0.2025,True,,,sent_to_garage,0.9666,0,1,0.8962,0,0.8549,0
CLM009246,POL003354,2024-11-01,2024-10-07,2015-01-01,2016-01-01,25,Mercedes,C-Class,Hatchback,vandalism,roof,moderate,broker,comprehensive,False,False,False,10,78293,75,0,14,2014,39846.91,1.903,7969.38,4757.5,0.597,False,,,sent_to_garage,0.1142,0,0,0.0498,0,0.1338,0
CLM009248,POL002059,2022-09-26,2022-09-23,2018-07-11,2019-07-11,3,Mercedes,C-Class,Motorbike,flood,side,minor,online,comprehensive,False,True,True,9,57945,43,0,1,2013,40474.86,1.848,11332.96,739.2,0.0652,False,,,sent_to_garage,0.0841,0,0,0.0398,0,0.05,0
CLM009249,POL003524,2024-01-29,2024-01-14,2021-10-09,2022-10-09,15,Audi,Q5,Motorbike,vandalism,side,moderate,app,comprehensive,False,True,True,20,145194,17,0,9,2004,44051.94,1.823,4405.19,2734.5,0.6207,False,,,sent_to_garage,0.2177,0,1,0.8605,0,0.8083,0
CLM009250,POL004679,2024-11-15,2024-11-15,2013-05-25,2014-05-25,0,Volkswagen,Golf,Motorbike,vandalism,rear,severe,direct,third_party_fire_theft,False,True,True,3,97332,57,0,13,2021,24604.82,1.013,18699.66,4558.5,0.2438,True,,,sent_to_garage,0.5559,0,0,0.0496,0,0.1123,0
CLM009254,POL004393,2022-11-08,2022-10-18,2018-03-22,2019-03-22,21,Mercedes,GLC,Hatchback,collision,rear,moderate,broker,comprehensive,False,True,True,3,25564,40,1,16,2019,50139.33,1.936,38105.89,3484.8,0.0915,True,,,sent_to_garage,0.1283,0,0,0.0588,0,0.0804,0
CLM009255,POL004661,2023-07-07,2023-06-19,2013-10-31,2014-10-31,18,BMW,X3,Van,fire,front,minor,phone,third_party,False,True,False,13,67260,46,0,4,2010,48432.36,1.805,4843.24,902.5,0.1863,False,,,sent_to_garage,0.1752,0,0,0.1534,0,0.1822,0
CLM009258,POL005083,2022-05-31,2022-05-21,2018-05-16,2019-05-16,10,Vauxhall,Astra,Van,fire,multiple,minor,online,comprehensive,False,True,False,9,138313,54,3,18,2013,18684.68,0.752,5231.71,601.6,0.115,False,,,sent_to_garage,0.1776,0,0,0.1146,0,0.2487,0
CLM009259,POL002214,2022-01-05,2021-12-21,2017-09-15,2018-09-15,15,Mercedes,C-Class,Estate,flood,multiple,moderate,online,comprehensive,False,False,True,16,41623,49,0,16,2006,39670.48,1.856,3967.05,6496.0,1.6375,False,,,scrapped_by_model,0.9998,1,1,0.9995,1,0.9998,1
CLM009263,POL003985,2023-04-19,2023-04-04,2022-02-26,2023-02-26,15,Audi,Q5,Estate,theft_damage,multiple,moderate,online,comprehensive,False,True,True,16,11495,45,0,18,2007,46622.56,1.813,4662.26,6345.5,1.361,False,,,scrapped_by_model,0.9994,1,1,0.9995,1,0.9991,1
CLM009265,POL000852,2023-07-20,2023-07-15,2018-07-19,2019-07-19,5,Hyundai,i30,Hatchback,fire,rear,moderate,direct,comprehensive,False,True,True,13,54899,29,0,20,2010,20733.22,0.832,2073.32,1497.6,0.7223,False,,,sent_to_garage,0.3385,0,0,0.0653,0,0.222,0
CLM009266,POL004035,2023-07-18,2023-07-04,2018-01-18,2019-01-18,14,Honda,CR-V,Motorbike,vandalism,roof,minor,direct,comprehensive,False,False,True,17,194296,48,0,7,2006,30230.58,0.937,3023.06,562.2,0.186,False,,,sent_to_garage,0.0702,0,1,0.8346,0,0.4826,0
CLM009267,POL002653,2022-03-09,2022-03-02,2020-03-26,2021-03-26,7,Volkswagen,Passat,Hatchback,flood,front,minor,app,comprehensive,False,True,False,19,125409,37,2,11,2003,,,,,,False,,,sent_to_garage,0.402,0,1,0.7542,0,0.4397,0
CLM009268,POL004816,2023-05-02,2023-04-27,2021-07-12,2022-07-12,5,Honda,CR-V,Hatchback,fire,side,minor,app,third_party_fire_theft,False,False,True,13,76072,50,1,18,2010,29692.58,0.925,2969.26,370.0,0.1246,False,,,sent_to_garage,0.4434,0,0,0.0759,0,0.2786,0
CLM009269,POL005125,2024-03-19,2024-03-07,2023-01-26,2024-01-26,12,Vauxhall,Insignia,SUV,flood,multiple,moderate,direct,third_party_fire_theft,False,False,True,0,189937,17,0,8,2024,25291.89,0.852,25291.89,2982.0,0.1179,True,,,sent_to_garage,0.1761,0,0,0.0574,0,0.2216,0
CLM009273,POL005204,2024-06-25,2024-06-07,2014-03-09,2015-03-09,18,Honda,CR-V,Van,collision,rear,severe,phone,third_party_fire_theft,False,True,True,10,108345,40,1,8,2014,29576.02,0.915,5915.2,4117.5,0.6961,False,,,sent_to_garage,0.2547,0,1,0.9384,0,0.6994,0
CLM009274,POL003509,2022-08-21,2022-07-31,2016-01-06,2017-01-05,21,Vauxhall,Corsa,Sedan,flood,rear,minor,phone,comprehensive,True,True,True,7,27036,51,0,3,2015,13354.82,0.715,5876.12,321.75,0.0548,False,,,sent_to_garage,0.0035,0,0,0.1253,0,0.0952,0
CLM009280,POL005229,2023-12-05,2023-11-14,2015-12-29,2016-12-28,21,Toyota,Camry,Estate,fire,side,moderate,direct,third_party_fire_theft,False,False,True,8,121179,58,0,4,2015,29599.83,0.882,10655.94,1323.0,0.1242,False,,,sent_to_garage,0.5361,0,1,0.6318,0,0.3853,0
CLM009281,POL005674,2023-10-03,2023-09-24,2020-08-01,2021-08-01,9,Volkswagen,Polo,Motorbike,fire,side,minor,phone,third_party_fire_theft,False,True,False,16,15551,37,0,2,2007,15211.7,0.888,1521.17,355.2,0.2335,False,,,sent_to_garage,0.3306,0,0,0.0224,0,0.1501,0
CLM009284,POL001002,2022-06-25,2022-06-12,2021-04-22,2022-04-22,13,Vauxhall,Insignia,Sedan,flood,roof,minor,online,third_party,True,False,False,18,163515,59,1,8,2004,26088.45,0.848,2608.85,508.8,0.195,False,,,sent_to_garage,0.0666,0,0,0.1276,0,0.0652,0
CLM009288,POL003166,2022-06-28,2022-06-24,2018-09-27,2019-09-27,4,Audi,Q3,Van,fire,roof,moderate,phone,third_party_fire_theft,False,False,False,8,94114,51,0,13,2014,36312.88,1.762,13072.64,4405.0,0.337,False,,,sent_to_garage,0.632,0,1,0.8451,0,0.6891,0
CLM009292,POL004892,2024-04-20,2024-03-31,2023-09-14,2024-09-13,20,Hyundai,Tucson,Motorbike,collision,roof,minor,broker,comprehensive,True,False,False,8,184536,56,0,0,2016,28997.95,0.858,10439.26,514.8,0.0493,False,,,sent_to_garage,0.063,0,0,0.0698,0,0.1388,0
CLM009296,POL002216,2023-07-12,2023-07-03,2020-05-05,2021-05-05,9,Mercedes,C-Class,Motorbike,vandalism,roof,severe,broker,comprehensive,False,False,True,7,49245,38,1,5,2016,38753.9,1.882,17051.72,11292.0,0.6622,False,,,sent_to_garage,0.5728,0,1,0.93,0,0.7642,0
CLM009298,POL005341,2024-01-15,2024-01-02,2018-08-15,2019-08-15,13,Ford,Transit,Van,fire,multiple,minor,app,comprehensive,False,True,True,17,156430,32,2,13,2007,28993.82,0.924,2899.38,739.2,0.255,False,,,sent_to_garage,0.8807,0,0,0.1169,0,0.4168,0
CLM009299,POL003684,2024-11-21,2024-10-23,2013-08-22,2014-08-22,29,Mercedes,C-Class,Motorbike,vandalism,multiple,severe,broker,comprehensive,False,True,False,13,25589,38,2,10,2011,40760.51,1.862,4076.05,14896.0,2.0,False,,,scrapped_by_model,0.9995,1,1,0.9998,1,0.9999,1
CLM009303,POL001383,2022-01-08,2021-12-11,2014-03-09,2015-03-09,28,Ford,Fiesta,SUV,vandalism,front,moderate,online,third_party,True,True,True,15,59003,33,0,3,2007,12313.37,0.763,1231.34,1526.0,1.2393,False,,,sent_to_garage,0.9953,0,1,0.9822,0,0.9862,0
CLM009305,POL000076,2023-07-01,2023-06-08,2016-05-23,2017-05-23,23,Mercedes,GLC,Sedan,flood,side,moderate,direct,third_party,True,True,True,9,52691,60,2,8,2014,48604.75,1.915,13609.33,2872.5,0.2111,False,,,sent_to_garage,0.1953,0,0,0.0304,0,0.1756,0
CLM009307,POL004765,2023-08-12,2023-08-06,2017-07-29,2018-07-29,6,Audi,Q5,Hatchback,vandalism,front,moderate,broker,comprehensive,True,True,True,3,168886,53,0,15,2020,44655.73,1.856,33938.35,3712.0,0.1094,True,,,sent_to_garage,0.3463,0,0,0.1198,0,0.2993,0
CLM009309,POL001935,2023-09-30,2023-09-25,2017-11-16,2018-11-16,5,Toyota,Corolla,Van,theft_damage,front,minor,direct,comprehensive,True,True,False,15,99364,43,1,20,2008,21788.88,0.849,2178.89,424.5,0.1948,False,,,sent_to_garage,0.167,0,0,0.0871,0,0.1619,0
CLM009313,POL001435,2023-11-14,2023-10-19,2014-05-13,2015-05-13,26,Ford,Fiesta,Hatchback,flood,roof,moderate,broker,third_party,False,False,True,4,35818,49,0,18,2019,12293.71,0.771,8359.72,1927.5,0.2306,False,,,sent_to_garage,0.143,0,0,0.0126,0,0.0422,0
CLM009314,POL003227,2024-12-09,2024-11-18,2023-05-17,2024-05-16,21,Mercedes,C-Class,Van,flood,roof,moderate,online,third_party,False,True,False,0,163219,47,0,14,2024,41834.83,1.848,41834.83,4620.0,0.1104,True,,,sent_to_garage,0.1914,0,0,0.0287,0,0.0734,0
CLM009315,POL000970,2024-12-26,2024-12-06,2017-12-12,2018-12-12,20,Audi,A4,Sedan,flood,multiple,moderate,online,comprehensive,False,True,False,4,44563,58,2,7,2020,39874.8,1.776,27114.86,6216.0,0.2292,True,,,sent_to_garage,0.3502,0,0,0.032,0,0.047,0
CLM009319,POL004386,2023-05-10,2023-04-29,2023-02-28,2024-02-28,11,Audi,Q3,Sedan,vandalism,front,severe,direct,third_party,False,True,True,6,114480,70,2,19,2017,35155.92,1.749,18281.08,8745.0,0.4784,True,,,sent_to_garage,0.2116,0,1,0.9359,0,0.7108,0
CLM009326,POL002994,2023-02-11,2023-01-28,2017-05-06,2018-05-06,14,Ford,Mondeo,Hatchback,fire,side,moderate,app,comprehensive,True,True,False,2,140796,55,2,6,2021,21850.6,0.856,18354.5,1284.0,0.07,True,,,sent_to_garage,0.2231,0,0,0.0122,0,0.0428,0
CLM009335,POL003709,2024-07-06,2024-06-20,2015-10-20,2016-10-19,16,Volkswagen,Passat,SUV,flood,front,minor,broker,comprehensive,True,True,False,11,86982,48,0,16,2013,29353.62,1.075,3522.43,537.5,0.1526,False,,,sent_to_garage,0.0994,0,1,0.5193,0,0.2539,0
CLM009336,POL004677,2023-06-10,2023-06-01,2017-04-15,2018-04-15,9,Mercedes,C-Class,Sedan,vandalism,front,minor,phone,comprehensive,True,False,True,3,92785,57,1,18,2020,40606.68,1.942,30861.08,971.0,0.0315,True,,,sent_to_garage,0.0052,0,0,0.0624,0,0.0591,0
CLM009337,POL002376,2024-06-01,2024-05-12,2016-11-25,2017-11-25,20,Vauxhall,Insignia,Estate,vandalism,roof,moderate,direct,third_party_fire_theft,True,False,True,19,71969,37,1,17,2005,24241.86,0.844,2424.19,2110.0,0.8704,False,,,sent_to_garage,0.9585,0,0,0.0808,0,0.1599,0
CLM009350,POL000129,2024-07-27,2024-07-05,2015-03-28,2016-03-27,22,Mercedes,A-Class,Motorbike,theft_damage,multiple,severe,broker,comprehensive,True,True,True,2,106788,42,1,2,2022,31134.44,1.786,26152.93,14288.0,0.5463,True,,,sent_to_garage,0.1741,0,1,0.9301,0,0.7158,0
CLM009353,POL001960,2023-10-25,2023-10-04,2017-12-09,2018-12-09,21,Hyundai,i20,Van,flood,rear,moderate,broker,third_party_fire_theft,False,True,True,6,97657,65,0,6,2017,15350.09,0.776,7982.05,1396.8,0.175,False,,,sent_to_garage,0.0689,0,0,0.0527,0,0.0567,0
CLM009356,POL001754,2022-06-25,2022-06-07,2019-07-24,2020-07-23,18,Honda,Civic,Motorbike,flood,side,moderate,direct,comprehensive,True,False,False,18,75513,20,2,16,2004,21922.3,0.873,2192.23,1309.5,0.5973,False,,,sent_to_garage,0.6228,0,0,0.0762,0,0.0983,0
CLM009357,POL006379,2024-10-30,2024-10-24,2016-10-07,2017-10-07,6,Ford,Focus,Van,flood,front,severe,phone,comprehensive,False,True,True,3,168319,17,2,4,2021,17628.47,0.808,13397.64,4040.0,0.3015,False,,,sent_to_garage,0.6769,0,1,0.8963,0,0.5671,0
CLM009359,POL003421,2023-09-29,2023-09-25,2023-07-02,2024-07-01,4,Vauxhall,Corsa,Motorbike,collision,rear,moderate,direct,third_party,False,False,True,15,14809,28,4,5,2008,13544.47,0.679,1354.45,1222.2,0.9024,False,,,sent_to_garage,0.9984,0,1,0.9758,0,0.879,0
CLM009362,POL002524,2023-10-11,2023-10-06,2019-01-17,2020-01-17,5,BMW,1 Series,Motorbike,vandalism,side,moderate,direct,comprehensive,False,False,True,1,59661,47,0,0,2022,28288.7,1.691,26025.6,2536.5,0.0975,True,,,sent_to_garage,0.1203,0,0,0.0175,0,0.0899,0
CLM009364,POL002896,2023-02-01,2023-01-05,2020-11-29,2021-11-29,27,Toyota,Corolla,SUV,fire,side,moderate,online,third_party,False,True,False,3,138869,37,1,14,2020,22632.35,0.853,17200.59,1279.5,0.0744,False,,,sent_to_garage,0.2097,0,0,0.1189,0,0.1707,0
CLM009366,POL001483,2024-05-31,2024-05-14,2017-05-24,2018-05-24,17,Vauxhall,Corsa,Van,collision,multiple,minor,online,comprehensive,False,True,True,8,164019,41,1,2,2016,12680.54,0.718,4564.99,574.4,0.1258,False,,,sent_to_garage,0.1243,0,0,0.1847,0,0.1761,0
CLM009368,POL004612,2022-06-26,2022-06-20,2019-09-14,2020-09-13,6,Toyota,Corolla,Estate,collision,multiple,severe,direct,third_party,True,False,False,13,114507,52,0,18,2009,21162.28,0.831,2116.23,6648.0,2.0,False,,,scrapped_by_model,0.9999,1,1,1.0,1,0.9999,1
CLM009372,POL000476,2024-04-13,2024-04-11,2018-08-13,2019-08-13,2,BMW,1 Series,Estate,fire,roof,moderate,phone,third_party,True,False,True,4,28243,51,0,5,2020,27251.39,1.703,18530.95,4257.5,0.2298,True,,,sent_to_garage,0.2565,0,0,0.025,0,0.0726,0
CLM009373,POL003937,2023-07-16,2023-07-13,2013-02-24,2014-02-24,3,Hyundai,i10,Hatchback,fire,side,minor,app,comprehensive,True,False,True,9,93640,46,1,16,2014,11879.03,0.729,3326.13,291.6,0.0877,False,,,sent_to_garage,0.1653,0,1,0.8704,0,0.6679,0
CLM009375,POL003240,2023-10-16,2023-09-22,2017-09-02,2018-09-02,24,Audi,Q3,Motorbike,collision,front,minor,app,comprehensive,False,False,True,20,33655,26,0,12,2003,,,,,,False,,,sent_to_garage,0.3087,0,0,0.1725,0,0.3068,0
CLM009378,POL000987,2022-11-21,2022-11-17,2021-08-18,2022-08-18,4,Audi,A4,Estate,collision,front,minor,app,comprehensive,False,False,True,14,127442,75,2,20,2008,37321.83,1.812,3732.18,906.0,0.2428,False,,,sent_to_garage,0.0466,0,1,0.8238,0,0.6663,0
CLM009380,POL000972,2023-11-07,2023-10-25,2020-06-27,2021-06-27,13,Mercedes,E-Class,Van,flood,roof,minor,phone,comprehensive,False,False,False,1,65390,48,0,13,2022,51773.3,1.986,47631.44,1191.6,0.025,True,,,sent_to_garage,0.151,0,0,0.0075,0,0.0837,0
CLM009382,POL002366,2024-03-31,2024-03-12,2021-02-21,2022-02-21,19,Ford,Kuga,Motorbike,vandalism,multiple,severe,online,third_party,True,True,False,20,109218,38,0,8,2004,27523.61,0.881,2752.36,7048.0,2.0,False,,,scrapped_by_model,0.9999,1,1,1.0,1,1.0,1
CLM009385,POL002701,2022-11-25,2022-11-23,2022-04-11,2023-04-11,2,Nissan,Leaf,SUV,vandalism,rear,moderate,online,comprehensive,False,False,True,0,76331,36,1,16,2022,30426.76,1.011,30426.76,1819.8,0.0598,True,,,sent_to_garage,0.0417,0,0,0.0387,0,0.0315,0
CLM009386,POL002906,2022-07-14,2022-06-23,2012-12-12,2013-12-12,21,Ford,Focus,Sedan,flood,front,minor,broker,comprehensive,False,True,True,13,106946,39,3,6,2009,18516.46,0.808,1851.65,404.0,0.2182,False,,,sent_to_garage,0.6412,0,0,0.0595,0,0.1924,0
CLM009389,POL001354,2023-10-10,2023-09-26,2017-04-08,2018-04-08,14,Hyundai,i10,Estate,collision,rear,moderate,phone,third_party,False,True,True,3,141968,35,0,20,2020,11766.96,0.755,8942.89,1359.0,0.152,False,,,sent_to_garage,0.0985,0,1,0.7369,0,0.3932,0
CLM009390,POL000073,2023-01-04,2022-12-12,2019-02-14,2020-02-14,23,Ford,Mondeo,Estate,vandalism,multiple,moderate,direct,comprehensive,False,True,True,12,117169,48,1,8,2011,21159.61,0.874,2115.96,3059.0,1.4457,False,,,scrapped_by_model,0.9991,1,1,0.9857,0,0.9996,1
CLM009392,POL004771,2022-04-22,2022-04-14,2013-07-18,2014-07-18,8,Audi,A6,Sedan,flood,roof,minor,phone,comprehensive,False,True,False,8,54248,39,2,4,2014,49144.85,1.889,17692.15,1133.4,0.0641,False,,,sent_to_garage,0.0251,0,0,0.0897,0,0.0603,0
CLM009396,POL003781,2023-06-30,2023-06-30,2023-01-17,2024-01-17,0,Mercedes,GLC,Motorbike,vandalism,multiple,severe,broker,third_party_fire_theft,False,True,True,0,111384,34,1,2,2023,47686.85,1.918,47686.85,15344.0,0.3218,True,,,sent_to_garage,0.6983,0,0,0.1636,0,0.1656,0
CLM009397,POL003191,2024-04-07,2024-03-21,2023-02-13,2024-02-13,17,Toyota,RAV4,SUV,theft_damage,front,minor,broker,third_party,True,False,False,8,74967,28,0,1,2016,32870.74,0.89,11833.47,445.0,0.0376,False,,,sent_to_garage,0.06,0,0,0.0125,0,0.0592,0
CLM009401,POL003754,2022-02-15,2022-01-20,2016-04-01,2017-04-01,26,Ford,Mondeo,SUV,flood,multiple,severe,broker,third_party,False,True,True,19,160621,60,0,20,2003,,,,,,False,,,sent_to_garage,0.9963,0,1,0.8759,0,0.9478,0
CLM009402,POL003740,2024-09-28,2024-09-23,2015-04-28,2016-04-27,5,Nissan,Leaf,Van,fire,front,moderate,phone,comprehensive,True,True,True,8,167395,42,1,12,2016,29123.99,1.001,10484.64,2002.0,0.1909,False,,,sent_to_garage,0.5922,0,1,0.7555,0,0.5265,0
CLM009413,POL001394,2023-03-18,2023-02-17,2020-08-14,2021-08-14,29,Nissan,Micra,Motorbike,flood,rear,minor,broker,comprehensive,True,True,True,3,93494,51,0,7,2020,12832.19,0.776,9752.46,349.2,0.0358,False,,,sent_to_garage,0.1279,0,0,0.0277,0,0.1173,0
CLM009420,POL006227,2022-03-17,2022-02-20,2012-11-22,2013-11-22,25,Nissan,Leaf,Motorbike,fire,rear,minor,direct,comprehensive,False,False,True,3,199054,59,0,6,2019,29614.63,0.981,22507.12,441.45,0.0196,True,,,sent_to_garage,0.7695,0,1,0.907,0,0.9509,0
CLM009421,POL000312,2024-11-28,2024-11-24,2019-08-08,2020-08-07,4,Mercedes,A-Class,SUV,flood,side,moderate,broker,comprehensive,False,False,True,17,62100,28,1,12,2007,28657.73,1.848,2865.77,2772.0,0.9673,False,,,scrapped_by_model,0.999,1,1,0.9974,1,0.994,0
CLM009423,POL003211,2023-11-05,2023-10-22,2020-05-31,2021-05-31,14,Audi,A3,Sedan,vandalism,front,minor,broker,third_party_fire_theft,True,False,True,13,67065,21,1,12,2010,31324.62,1.71,3132.46,855.0,0.2729,False,,,sent_to_garage,0.1519,0,0,0.0476,0,0.0908,0
CLM009426,POL004413,2024-04-02,2024-03-15,2016-12-07,2017-12-07,18,Mercedes,C-Class,SUV,fire,front,severe,broker,comprehensive,False,True,True,7,167880,45,0,5,2017,38387.24,1.951,16890.39,9755.0,0.5775,False,,,sent_to_garage,0.3418,0,1,0.9603,0,0.7869,0
CLM009427,POL000780,2022-05-12,2022-05-04,2018-05-03,2019-05-03,8,Audi,Q3,Motorbike,flood,front,severe,app,third_party_fire_theft,False,False,True,15,27054,21,0,14,2007,36436.14,1.719,3643.61,8595.0,2.0,False,,,scrapped_by_model,0.9998,1,1,0.9999,1,0.9993,1
CLM009431,POL002803,2022-07-26,2022-07-07,2014-03-13,2015-03-13,19,Hyundai,Tucson,Van,theft_damage,rear,moderate,direct,comprehensive,False,True,True,12,99765,59,0,1,2010,28595.7,0.877,2859.57,1578.6,0.552,False,,,sent_to_garage,0.0208,0,0,0.1074,0,0.0839,0
CLM009435,POL004359,2024-09-21,2024-09-07,2017-09-30,2018-09-30,14,BMW,1 Series,SUV,fire,multiple,minor,direct,third_party,True,False,True,13,86480,30,1,10,2011,27402.05,1.743,2740.2,1394.4,0.5089,False,,,sent_to_garage,0.482,0,0,0.2175,0,0.3499,0
CLM009436,POL003138,2022-09-03,2022-08-06,2017-01-17,2018-01-17,28,Vauxhall,Insignia,Estate,collision,roof,severe,broker,third_party_fire_theft,True,True,True,19,178586,37,0,12,2003,,,,,,False,,,sent_to_garage,0.9917,0,1,0.9476,0,0.9618,0
CLM009437,POL001578,2024-03-07,2024-03-01,2022-09-28,2023-09-28,6,Ford,Fiesta,Estate,collision,multiple,moderate,app,third_party_fire_theft,False,True,True,2,79621,36,2,12,2022,11555.91,0.749,9706.96,2621.5,0.2701,False,,,sent_to_garage,0.7804,0,0,0.056,0,0.322,0
CLM009439,POL002924,2022-11-17,2022-11-08,2015-10-23,2016-10-22,9,Honda,Jazz,Sedan,collision,multiple,minor,phone,comprehensive,False,False,True,4,152752,30,1,17,2018,16517.0,0.833,11231.56,666.4,0.0593,False,,,sent_to_garage,0.3635,0,1,0.956,0,0.6014,0
CLM009442,POL005644,2023-11-25,2023-11-11,2020-06-22,2021-06-22,14,Honda,Jazz,Estate,collision,rear,minor,direct,comprehensive,True,True,True,10,124928,40,1,7,2013,15353.75,0.832,3070.75,374.4,0.1219,False,,,sent_to_garage,0.1552,0,0,0.1034,0,0.1077,0
CLM009443,POL003984,2023-10-30,2023-10-07,2018-05-12,2019-05-12,23,Ford,Fiesta,SUV,fire,front,moderate,phone,comprehensive,False,True,True,11,9418,53,0,10,2012,12065.5,0.73,1447.86,1460.0,1.0084,False,,,scrapped_by_model,0.9987,1,1,0.9743,0,0.9867,0
CLM009446,POL001596,2022-07-04,2022-06-25,2014-07-22,2015-07-22,9,Ford,Focus,SUV,flood,side,severe,direct,comprehensive,False,True,False,20,46701,67,2,4,2002,,,,,,False,,,sent_to_garage,0.998,0,1,0.9753,0,0.9416,0
CLM009447,POL003065,2023-11-26,2023-11-11,2012-02-21,2013-02-20,15,Nissan,Qashqai,Motorbike,collision,multiple,minor,app,comprehensive,True,False,False,3,181156,24,2,7,2020,27564.99,0.903,20949.39,722.4,0.0345,True,,,sent_to_garage,0.074,0,0,0.0758,0,0.0709,0
CLM009451,POL005514,2022-09-29,2022-09-01,2022-01-16,2023-01-16,28,Audi,A6,Estate,flood,rear,severe,phone,third_party,False,False,False,9,37468,27,1,19,2013,50148.17,1.885,14041.49,8482.5,0.6041,False,,,sent_to_garage,0.6643,0,0,0.0183,0,0.1683,0
CLM009452,POL001416,2022-09-03,2022-08-17,2014-07-22,2015-07-22,17,Audi,A3,Hatchback,theft_damage,roof,moderate,direct,third_party,True,True,True,20,56243,58,2,6,2002,,,,,,False,,,sent_to_garage,0.3024,0,0,0.1452,0,0.1681,0
CLM009453,POL004524,2024-01-25,2024-01-01,2021-10-04,2022-10-04,24,Ford,Kuga,Estate,vandalism,front,minor,phone,comprehensive,False,True,True,19,40050,24,0,0,2005,26889.53,0.905,2688.95,452.5,0.1683,False,,,sent_to_garage,0.2445,0,0,0.0154,0,0.1092,0
CLM009457,POL001156,2023-01-14,2022-12-15,2021-03-31,2022-03-31,30,Hyundai,i20,Van,collision,front,moderate,direct,comprehensive,True,True,False,16,58157,45,0,0,2007,16004.6,0.78,1600.46,1560.0,0.9747,False,,,sent_to_garage,0.9975,0,1,0.9955,1,0.9986,1
CLM009458,POL001011,2024-07-17,2024-07-17,2019-05-30,2020-05-29,0,Honda,Jazz,Motorbike,theft_damage,multiple,minor,broker,comprehensive,False,True,False,20,186887,24,1,2,2004,16762.66,0.841,1676.27,672.8,0.4014,False,,,sent_to_garage,0.3996,0,0,0.0639,0,0.1792,0
CLM009462,POL000143,2022-09-15,2022-08-27,2021-01-20,2022-01-20,19,Honda,Jazz,Motorbike,flood,multiple,moderate,app,third_party_fire_theft,False,False,True,15,141651,33,0,18,2007,15765.34,0.865,1576.53,3027.5,1.9204,False,,,scrapped_by_model,0.9999,1,1,0.9998,1,0.9999,1
CLM009463,POL001546,2022-11-14,2022-11-14,2016-02-07,2017-02-06,0,Mercedes,E-Class,Motorbike,fire,rear,minor,direct,third_party_fire_theft,False,False,False,2,102168,36,0,12,2020,54074.39,2.057,45422.49,925.65,0.0204,True,,,sent_to_garage,0.0663,0,0,0.0128,0,0.0657,0
CLM009465,POL006223,2024-07-26,2024-07-08,2023-12-16,2024-12-15,18,Audi,Q5,Motorbike,flood,front,minor,direct,third_party,False,False,False,13,44022,42,1,2,2011,43270.67,1.838,4327.07,919.0,0.2124,False,,,sent_to_garage,0.137,0,0,0.0919,0,0.0884,0
CLM009467,POL001137,2023-01-11,2022-12-28,2022-04-26,2023-04-26,14,Hyundai,i30,SUV,theft_damage,roof,minor,broker,comprehensive,False,True,True,6,114806,53,1,2,2017,19952.27,0.818,10375.18,490.8,0.0473,False,,,sent_to_garage,0.0226,0,0,0.0256,0,0.0236,0
CLM009468,POL003506,2022-09-02,2022-08-04,2018-01-19,2019-01-19,29,Hyundai,i20,Motorbike,vandalism,multiple,severe,online,comprehensive,False,True,True,20,147050,32,1,9,2002,,,,,,False,,,sent_to_garage,0.9965,0,1,0.9769,0,0.9717,0
CLM009470,POL001276,2022-01-23,2022-01-04,2015-01-28,2016-01-28,19,Ford,Transit,Sedan,theft_damage,side,minor,app,third_party_fire_theft,True,False,True,6,8449,17,0,18,2016,28868.27,0.969,15011.5,387.6,0.0258,False,,,sent_to_garage,0.022,0,0,0.0005,0,0.0031,0
CLM009474,POL000466,2022-09-19,2022-08-31,2019-09-11,2020-09-10,19,Hyundai,i30,Motorbike,flood,roof,moderate,direct,third_party,False,True,False,16,137467,49,0,2,2006,19696.55,0.838,1969.66,2095.0,1.0636,False,,,scrapped_by_model,0.9989,1,1,0.998,1,0.9998,1
CLM009475,POL002061,2023-04-08,2023-03-15,2019-07-07,2020-07-06,24,Vauxhall,Insignia,Estate,flood,multiple,moderate,broker,comprehensive,True,False,True,20,111691,62,2,9,2003,,,,,,False,,,sent_to_garage,0.6334,0,0,0.1013,0,0.2308,0
CLM009477,POL003091,2022-12-25,2022-11-28,2014-04-25,2015-04-25,27,Honda,HR-V,SUV,collision,side,moderate,direct,comprehensive,True,False,False,1,103872,47,0,6,2021,24038.32,0.906,22115.25,1359.0,0.0615,True,,,sent_to_garage,0.1883,0,0,0.0401,0,0.11,0
CLM009480,POL004062,2023-01-30,2023-01-22,2015-03-26,2016-03-25,8,Vauxhall,Astra,Van,fire,roof,moderate,online,comprehensive,False,True,False,12,182849,45,1,11,2011,18887.55,0.754,1888.76,1885.0,0.998,False,,,scrapped_by_model,0.9987,1,1,0.9972,1,0.9977,1
CLM009485,POL004228,2023-08-28,2023-08-08,2019-04-28,2020-04-27,20,Mercedes,A-Class,Motorbike,fire,multiple,moderate,app,comprehensive,False,True,False,10,191236,33,1,11,2013,29989.25,1.796,5997.85,6286.0,1.048,False,,,scrapped_by_model,0.9989,1,1,0.9992,1,0.9989,1
CLM009486,POL001424,2022-12-16,2022-12-13,2020-12-15,2021-12-15,3,Honda,HR-V,Hatchback,flood,multiple,severe,phone,comprehensive,False,True,True,1,143020,51,1,18,2021,24038.32,0.906,22115.25,7248.0,0.3277,True,,,sent_to_garage,0.8465,0,1,0.9771,0,0.9399,0
CLM009490,POL005109,2024-06-11,2024-06-04,2014-08-17,2015-08-17,7,Volkswagen,Tiguan,Sedan,vandalism,multiple,moderate,online,comprehensive,False,True,True,5,107491,50,1,12,2019,35028.59,1.099,21017.15,3846.5,0.183,True,,,sent_to_garage,0.2585,0,0,0.0681,0,0.1592,0
CLM009491,POL002240,2023-06-17,2023-06-16,2012-10-24,2013-10-24,1,Vauxhall,Insignia,Hatchback,flood,side,moderate,broker,third_party,True,True,True,10,25181,42,1,13,2013,24921.04,0.838,4984.21,1257.0,0.2522,False,,,sent_to_garage,0.0335,0,0,0.0177,0,0.0515,0
CLM009492,POL005613,2023-05-12,2023-04-23,2020-09-28,2021-09-28,19,Vauxhall,Mokka,Sedan,vandalism,side,moderate,broker,third_party,False,False,False,10,94682,45,0,11,2013,21733.92,0.801,4346.78,1201.5,0.2764,False,,,sent_to_garage,0.058,0,0,0.0242,0,0.07,0
CLM009493,POL004997,2022-10-10,2022-09-27,2022-09-22,2023-09-22,13,BMW,X3,Estate,vandalism,roof,minor,phone,third_party,False,True,False,5,24219,29,0,5,2017,46162.1,1.804,27697.26,1082.4,0.0391,True,,,sent_to_garage,0.0951,0,0,0.012,0,0.0385,0
CLM009498,POL000610,2024-08-12,2024-08-04,2018-04-30,2019-04-30,8,Hyundai,Tucson,Motorbike,collision,front,minor,app,comprehensive,False,True,True,2,17723,36,2,7,2022,28308.94,0.887,23779.51,443.5,0.0187,True,,,sent_to_garage,0.2927,0,0,0.0527,0,0.1752,0
CLM009499,POL006250,2023-11-17,2023-10-21,2023-10-10,2024-10-09,27,Audi,Q3,Motorbike,theft_damage,front,minor,direct,comprehensive,False,True,True,4,92983,42,0,11,2019,34104.72,1.793,23191.21,896.5,0.0387,True,,,sent_to_garage,0.1279,0,0,0.0111,0,0.1731,0
CLM009500,POL001199,2024-01-21,2023-12-29,2012-06-23,2013-06-23,23,Hyundai,i20,Motorbike,fire,roof,moderate,broker,comprehensive,True,False,True,5,18371,27,1,11,2019,16460.47,0.775,9876.28,1937.5,0.1962,False,,,sent_to_garage,0.1521,0,1,0.709,0,0.4222,0
CLM009508,POL001052,2023-12-02,2023-11-05,2020-05-30,2021-05-30,27,Nissan,Juke,Sedan,collision,side,moderate,phone,third_party,True,True,True,5,198996,41,2,13,2018,20641.11,0.837,12384.67,1255.5,0.1014,False,,,sent_to_garage,0.1471,0,0,0.0325,0,0.059,0
CLM009510,POL000414,2024-05-06,2024-04-24,2013-02-06,2014-02-06,12,Volkswagen,Tiguan,Van,collision,multiple,moderate,app,third_party,False,False,True,19,143406,35,1,11,2005,35217.6,1.074,3521.76,3759.0,1.0674,False,,,scrapped_by_model,0.9993,1,1,0.9994,1,0.9999,1
CLM009512,POL002464,2023-03-22,2023-03-03,2013-03-23,2014-03-23,19,Audi,A4,Motorbike,theft_damage,rear,moderate,direct,comprehensive,False,False,False,3,100848,17,0,17,2020,39874.8,1.776,30304.85,3196.8,0.1055,True,,,sent_to_garage,0.0242,0,0,0.0041,0,0.0378,0
CLM009515,POL000994,2024-05-17,2024-05-09,2014-04-07,2015-04-07,8,Mercedes,C-Class,Motorbike,theft_damage,roof,severe,app,comprehensive,False,True,True,11,123169,46,4,2,2013,40474.86,1.848,4856.98,11088.0,2.0,False,,,scrapped_by_model,0.9997,1,1,0.999,1,0.9993,1
CLM009516,POL005319,2023-12-25,2023-12-18,2014-05-28,2015-05-28,7,BMW,3 Series,Estate,flood,multiple,moderate,phone,comprehensive,False,False,False,0,177514,29,0,19,2023,36167.1,1.752,36167.1,6132.0,0.1695,True,,,sent_to_garage,0.3489,0,0,0.0648,0,0.1769,0
CLM009521,POL005175,2024-01-30,2024-01-13,2013-07-19,2014-07-19,17,Hyundai,i10,Estate,theft_damage,multiple,minor,direct,comprehensive,False,False,False,7,149272,52,1,13,2017,12500.87,0.766,5500.38,612.8,0.1114,False,,,sent_to_garage,0.0268,0,0,0.1045,0,0.1115,0
CLM009523,POL000180,2023-12-15,2023-11-22,2022-01-29,2023-01-29,23,Toyota,Yaris,Sedan,flood,front,severe,phone,comprehensive,False,False,True,12,148403,26,2,7,2011,14310.23,0.786,1431.02,3930.0,2.0,False,,,scrapped_by_model,0.999,1,1,0.9995,1,0.9997,1
CLM009529,POL004607,2022-01-28,2022-01-05,2020-07-05,2021-07-05,23,Honda,Jazz,Sedan,collision,roof,moderate,direct,third_party_fire_theft,False,False,True,4,2310,28,1,9,2018,16517.0,0.833,11231.56,2082.5,0.1854,False,,,sent_to_garage,0.0238,0,0,0.034,0,0.1469,0
CLM009531,POL003058,2024-02-24,2024-02-13,2017-12-15,2018-12-15,11,Volkswagen,Passat,Hatchback,fire,side,minor,online,third_party_fire_theft,True,False,True,18,186085,50,2,9,2006,31245.9,1.05,3124.59,420.0,0.1344,False,,,sent_to_garage,0.4887,0,0,0.1575,0,0.3505,0
CLM009532,POL003609,2023-03-26,2023-02-27,2013-09-07,2014-09-07,27,Mercedes,E-Class,Hatchback,vandalism,rear,minor,app,comprehensive,True,True,True,1,68910,38,3,3,2022,51773.3,1.986,47631.44,893.7,0.0188,True,,,sent_to_garage,0.0689,0,0,0.0302,0,0.0677,0
CLM009533,POL005940,2023-01-14,2023-01-01,2013-07-15,2014-07-15,13,Audi,Q3,Hatchback,theft_damage,front,severe,direct,third_party,True,True,True,2,66356,45,2,17,2021,36673.72,1.776,30805.92,8880.0,0.2883,True,,,sent_to_garage,0.4057,0,0,0.1342,0,0.2194,0
CLM009535,POL005180,2024-08-23,2024-08-01,2014-11-29,2015-11-29,22,Ford,Fiesta,Estate,flood,rear,minor,broker,comprehensive,False,True,True,15,135083,57,1,2,2009,11844.96,0.769,1184.5,346.05,0.2921,False,,,sent_to_garage,0.1278,0,1,0.8087,0,0.703,0
CLM009537,POL004842,2022-08-06,2022-07-25,2012-11-06,2013-11-06,12,Honda,CR-V,Van,collision,rear,moderate,direct,comprehensive,True,True,True,17,23098,73,2,3,2005,29471.81,0.945,2947.18,1701.0,0.5772,False,,,sent_to_garage,0.6038,0,0,0.0794,0,0.1071,0
CLM009539,POL003995,2022-11-29,2022-11-23,2018-01-26,2019-01-26,6,BMW,X5,Estate,vandalism,multiple,moderate,app,comprehensive,False,True,True,4,79037,24,2,9,2018,63595.4,2.04,43244.87,7140.0,0.1651,True,,,sent_to_garage,0.0072,0,0,0.1105,0,0.0445,0
CLM009541,POL006443,2022-05-13,2022-05-03,2016-07-25,2017-07-25,10,BMW,X5,Estate,theft_damage,multiple,minor,direct,comprehensive,False,True,False,7,135851,60,2,10,2015,63712.53,2.05,28033.51,1640.0,0.0585,True,,,sent_to_garage,0.1863,0,0,0.0459,0,0.0927,0
CLM009543,POL002498,2024-05-22,2024-05-11,2013-05-10,2014-05-10,11,Hyundai,i30,Hatchback,theft_damage,side,severe,broker,comprehensive,False,True,True,20,156952,35,0,14,2004,20423.84,0.823,2042.38,3292.0,1.6118,False,,,scrapped_by_model,1.0,1,1,0.9998,1,0.9999,1
CLM009544,POL002959,2022-05-17,2022-05-15,2013-06-27,2014-06-27,2,Ford,Mondeo,Sedan,fire,side,minor,direct,comprehensive,False,False,False,11,125109,18,0,8,2011,21159.61,0.874,2539.15,349.6,0.1377,False,,,sent_to_garage,0.5944,0,0,0.0958,0,0.1175,0
CLM009549,POL002965,2023-02-07,2023-02-03,2015-02-13,2016-02-13,4,Hyundai,i20,Hatchback,fire,multiple,severe,app,third_party,False,True,False,15,175382,24,2,5,2008,16132.23,0.775,1613.22,6200.0,2.0,False,,,scrapped_by_model,0.9997,1,1,1.0,1,0.9995,1
CLM009550,POL000835,2023-06-25,2023-06-25,2021-06-26,2022-06-26,0,Toyota,Camry,Motorbike,theft_damage,roof,minor,app,third_party_fire_theft,True,True,False,9,112024,49,2,17,2014,30788.71,0.857,8620.84,514.2,0.0596,False,,,sent_to_garage,0.0179,0,0,0.0317,0,0.0352,0
CLM009551,POL005191,2024-12-29,2024-12-15,2024-12-06,2025-12-06,14,Ford,Kuga,Estate,collision,side,minor,phone,comprehensive,True,True,False,2,182777,42,3,18,2022,27244.6,0.875,22885.46,350.0,0.0153,True,,,sent_to_garage,0.0137,0,0,0.0531,0,0.0166,0
CLM009554,POL000583,2022-11-24,2022-11-15,2013-12-13,2014-12-13,9,Nissan,Qashqai,Motorbike,collision,multiple,minor,direct,comprehensive,False,True,False,10,79294,48,1,19,2012,27740.61,0.904,5548.12,723.2,0.1304,False,,,sent_to_garage,0.1898,0,1,0.8232,0,0.6983,0
CLM009558,POL003612,2024-04-05,2024-04-02,2019-07-01,2020-06-30,3,Vauxhall,Astra,Sedan,flood,roof,minor,phone,third_party,False,True,True,1,14538,53,3,17,2023,18465.16,0.772,16987.95,463.2,0.0273,False,,,sent_to_garage,0.0094,0,0,0.032,0,0.0395,0
CLM009559,POL002945,2023-09-20,2023-08-23,2013-11-01,2014-11-01,28,Audi,A3,Motorbike,fire,roof,severe,online,comprehensive,False,True,True,3,156068,17,0,3,2020,30832.08,1.752,23432.38,10512.0,0.4486,True,,,sent_to_garage,0.515,0,0,0.035,0,0.09,0
CLM009561,POL003812,2023-07-25,2023-07-13,2016-03-04,2017-03-04,12,Hyundai,i10,SUV,flood,side,moderate,direct,third_party_fire_theft,False,True,True,20,196009,30,1,3,2003,,,,,,False,,,sent_to_garage,0.2602,0,1,0.8658,0,0.666,0
CLM009563,POL000324,2023-08-07,2023-07-25,2022-06-09,2023-06-09,13,Volkswagen,Tiguan,Van,flood,front,moderate,broker,comprehensive,False,True,True,0,115764,53,0,11,2023,34098.69,1.099,34098.69,2198.0,0.0645,True,,,sent_to_garage,0.058,0,0,0.0044,0,0.0497,0
CLM009565,POL003689,2022-03-12,2022-03-10,2018-07-29,2019-07-29,2,Volkswagen,Passat,Motorbike,vandalism,front,severe,app,comprehensive,True,True,False,3,61988,57,1,5,2019,28966.32,1.074,22014.4,5370.0,0.2439,True,,,sent_to_garage,0.4691,0,0,0.0441,0,0.2523,0
CLM009567,POL001388,2022-08-11,2022-07-19,2020-06-07,2021-06-07,23,Mercedes,A-Class,SUV,theft_damage,multiple,minor,app,comprehensive,False,False,False,2,177009,64,0,3,2020,31390.74,1.838,26368.22,1470.4,0.0558,True,,,sent_to_garage,0.5569,0,0,0.0888,0,0.2616,0
CLM009568,POL004579,2023-05-02,2023-04-24,2015-10-17,2016-10-16,8,Ford,Transit,Sedan,flood,side,minor,broker,comprehensive,False,True,True,5,6191,22,2,0,2018,30298.15,0.971,18178.89,388.4,0.0214,True,,,sent_to_garage,0.0379,0,0,0.0068,0,0.0221,0
CLM009574,POL004055,2023-10-10,2023-09-28,2016-02-07,2017-02-06,12,Mercedes,E-Class,Hatchback,theft_damage,roof,minor,broker,third_party_fire_theft,False,False,False,11,164578,28,0,13,2012,54437.51,1.977,6532.5,1186.2,0.1816,False,,,sent_to_garage,0.265,0,0,0.0275,0,0.1474,0
CLM009576,POL003135,2023-12-31,2023-12-03,2013-09-22,2014-09-22,28,Mercedes,E-Class,Estate,collision,rear,moderate,online,comprehensive,True,True,True,1,190229,59,1,3,2022,51773.3,1.986,47631.44,3574.8,0.0751,True,,,sent_to_garage,0.1871,0,0,0.0343,0,0.0724,0
CLM009582,POL000359,2022-11-15,2022-11-11,2020-07-22,2021-07-22,4,Volkswagen,Golf,Sedan,collision,front,minor,broker,comprehensive,False,True,True,13,192070,27,0,6,2009,25598.58,1.018,2559.86,509.0,0.1988,False,,,sent_to_garage,0.7309,0,0,0.0304,0,0.0974,0
CLM009584,POL004658,2023-01-06,2022-12-17,2020-08-26,2021-08-26,20,Toyota,RAV4,Motorbike,collision,rear,moderate,phone,comprehensive,False,False,False,6,93759,61,0,13,2017,32600.53,0.911,16952.28,1639.8,0.0967,False,,,sent_to_garage,0.0271,0,0,0.076,0,0.0378,0
CLM009586,POL004823,2023-12-29,2023-11-30,2023-09-08,2024-09-07,29,Vauxhall,Insignia,Hatchback,theft_damage,front,minor,phone,comprehensive,False,True,False,7,198768,61,1,3,2016,24988.77,0.83,10995.06,415.0,0.0377,False,,,sent_to_garage,0.1052,0,1,0.9084,0,0.7542,0
CLM009587,POL001842,2024-10-22,2024-09-22,2016-12-07,2017-12-07,30,Volkswagen,Tiguan,SUV,collision,rear,moderate,broker,comprehensive,False,True,False,20,141345,69,1,6,2004,36006.56,1.079,3600.66,1942.2,0.5394,False,,,sent_to_garage,0.6129,0,1,0.8949,0,0.6212,0
CLM009588,POL002982,2023-08-05,2023-08-03,2021-07-24,2022-07-24,2,Honda,HR-V,Hatchback,collision,side,moderate,phone,comprehensive,True,False,True,0,127388,44,0,0,2023,25635.68,0.917,25635.68,1375.5,0.0537,True,,,sent_to_garage,0.1479,0,0,0.0352,0,0.1334,0
CLM009593,POL005157,2023-02-10,2023-02-05,2015-12-07,2016-12-06,5,Vauxhall,Corsa,Hatchback,collision,front,minor,phone,comprehensive,False,False,False,18,71311,29,0,10,2005,12413.14,0.698,1241.31,349.0,0.2812,False,,,sent_to_garage,0.0096,0,1,0.8647,0,0.6144,0
CLM009598,POL001954,2023-05-24,2023-05-06,2014-04-03,2015-04-03,18,Vauxhall,Corsa,Motorbike,flood,multiple,moderate,broker,comprehensive,False,True,True,11,155142,43,2,0,2012,13117.25,0.715,1574.07,2502.5,1.5898,False,,,scrapped_by_model,0.9988,1,1,0.9929,1,0.9999,1
CLM009599,POL004106,2024-11-25,2024-10-26,2023-11-13,2024-11-12,30,Nissan,Leaf,SUV,collision,multiple,moderate,online,comprehensive,False,False,True,2,40234,40,0,13,2022,30426.76,1.011,25558.48,3538.5,0.1384,True,,,sent_to_garage,0.2999,0,0,0.0627,0,0.1885,0
CLM009604,POL002214,2022-02-02,2022-01-15,2015-08-29,2016-08-28,18,Toyota,Yaris,Motorbike,flood,rear,minor,online,comprehensive,False,False,False,20,14736,44,0,15,2002,,,,,,False,,,sent_to_garage,0.4455,0,0,0.1148,0,0.1951,0
CLM009609,POL006344,2022-02-21,2022-01-30,2013-09-27,2014-09-27,22,Hyundai,Tucson,Van,flood,rear,minor,phone,comprehensive,False,True,True,19,111885,43,1,8,2003,,,,,,False,,,sent_to_garage,0.2824,0,1,0.5725,0,0.4173,0
CLM009612,POL003925,2022-08-03,2022-07-13,2021-09-15,2022-09-15,21,Toyota,Camry,Hatchback,vandalism,multiple,moderate,online,comprehensive,False,False,True,13,92606,48,3,3,2009,29376.18,0.879,2937.62,3076.5,1.0473,False,,,sent_to_garage,0.9985,0,1,0.9985,1,0.999,1
CLM009613,POL003575,2023-08-10,2023-07-22,2012-05-25,2013-05-25,19,Mercedes,A-Class,Motorbike,fire,multiple,minor,online,third_party_fire_theft,False,True,False,15,52253,22,1,16,2008,29677.45,1.846,2967.75,1476.8,0.4976,False,,,sent_to_garage,0.4663,0,0,0.0989,0,0.1922,0
CLM009617,POL000058,2023-02-27,2023-02-08,2021-03-29,2022-03-29,19,Mercedes,C-Class,Motorbike,flood,rear,moderate,direct,comprehensive,False,False,True,8,108193,78,0,2,2015,38857.31,1.859,13988.63,3346.2,0.2392,False,,,sent_to_garage,0.1176,0,0,0.0496,0,0.052,0
CLM009621,POL000949,2023-04-29,2023-04-07,2022-03-28,2023-03-28,22,Audi,A4,Van,collision,roof,moderate,online,comprehensive,True,True,True,7,55820,46,1,18,2016,38466.29,1.827,16925.17,4567.5,0.2699,False,,,sent_to_garage,0.1509,0,0,0.0105,0,0.0494,0
CLM009622,POL004137,2024-05-03,2024-04-22,2023-03-08,2024-03-07,11,Honda,Jazz,Sedan,theft_damage,multiple,minor,broker,comprehensive,False,True,True,9,9722,62,1,7,2015,15284.49,0.825,4279.66,660.0,0.1542,False,,,sent_to_garage,0.2707,0,0,0.0612,0,0.2269,0
CLM009626,POL003957,2023-11-02,2023-10-14,2023-02-18,2024-02-18,19,Hyundai,i20,Motorbike,vandalism,front,severe,online,comprehensive,False,False,True,7,156384,30,1,8,2016,15958.29,0.803,7021.65,4015.0,0.5718,False,,,sent_to_garage,0.502,0,1,0.8819,0,0.783,0
CLM009634,POL001817,2022-10-29,2022-10-21,2017-03-25,2018-03-25,8,Mercedes,C-Class,Sedan,vandalism,front,minor,direct,comprehensive,True,True,False,9,15415,39,0,9,2013,40474.86,1.848,11332.96,924.0,0.0815,False,,,sent_to_garage,0.0789,0,0,0.0198,0,0.1074,0
CLM009636,POL000138,2024-06-25,2024-06-14,2016-08-10,2017-08-10,11,Audi,Q3,Sedan,theft_damage,roof,severe,online,comprehensive,False,True,True,0,132806,49,1,6,2024,34090.79,1.765,34090.79,10590.0,0.3106,True,,,sent_to_garage,0.8064,0,0,0.1348,0,0.1602,0
CLM009641,POL004089,2023-06-29,2023-06-26,2013-04-14,2014-04-14,3,Volkswagen,Golf,Sedan,theft_damage,roof,moderate,app,comprehensive,False,False,False,2,29670,42,1,18,2021,24604.82,1.013,20668.05,2532.5,0.1225,True,,,sent_to_garage,0.1084,0,0,0.0234,0,0.1847,0
CLM009648,POL002828,2024-03-07,2024-02-11,2013-07-30,2014-07-30,25,Nissan,Qashqai,SUV,collision,rear,moderate,app,comprehensive,False,False,True,18,159165,34,0,8,2006,28400.4,0.92,2840.04,1656.0,0.5831,False,,,sent_to_garage,0.5091,0,0,0.1248,0,0.2225,0
CLM009652,POL004523,2022-11-21,2022-11-03,2016-08-22,2017-08-22,18,Ford,Kuga,Hatchback,fire,multiple,moderate,online,comprehensive,False,False,True,11,135281,48,4,5,2011,27962.64,0.899,3355.52,3146.5,0.9377,False,,,sent_to_garage,0.9985,0,1,0.9705,0,0.9893,0
CLM009653,POL000921,2023-04-02,2023-03-29,2016-09-23,2017-09-23,4,BMW,1 Series,SUV,collision,roof,minor,phone,comprehensive,True,False,True,15,155262,63,0,8,2008,29197.18,1.69,2919.72,1014.0,0.3473,False,,,sent_to_garage,0.5554,0,0,0.2008,0,0.3789,0
CLM009654,POL003803,2023-08-20,2023-07-21,2014-03-21,2015-03-21,30,Volkswagen,Golf,Van,collision,multiple,minor,broker,comprehensive,True,False,True,13,69369,51,3,19,2010,23872.41,0.984,2387.24,787.2,0.3298,False,,,sent_to_garage,0.8123,0,0,0.0752,0,0.2933,0
CLM009660,POL002236,2024-01-16,2023-12-21,2023-03-16,2024-03-15,26,Nissan,Micra,Motorbike,fire,side,moderate,direct,comprehensive,False,False,True,4,18462,22,0,3,2020,12832.19,0.776,8725.89,1164.0,0.1334,False,,,sent_to_garage,0.0317,0,0,0.0217,0,0.1208,0
CLM009661,POL002039,2024-01-27,2024-01-05,2022-08-05,2023-08-05,22,Nissan,Micra,SUV,collision,side,minor,online,comprehensive,True,False,True,4,92714,42,1,15,2020,12832.19,0.776,8725.89,310.4,0.0356,False,,,sent_to_garage,0.0054,0,0,0.0262,0,0.0032,0
CLM009663,POL001491,2022-12-04,2022-11-26,2018-09-17,2019-09-17,8,Toyota,Corolla,SUV,collision,rear,severe,direct,third_party_fire_theft,True,True,False,11,178670,42,0,19,2011,21841.39,0.856,2620.97,3852.0,1.4697,False,,,scrapped_by_model,0.9994,1,1,0.9996,1,0.9995,1
CLM009666,POL004183,2023-11-09,2023-10-21,2021-08-20,2022-08-20,19,Toyota,Yaris,Van,vandalism,side,minor,direct,comprehensive,False,True,False,20,164410,20,3,9,2003,,,,,,False,,,sent_to_garage,0.2768,0,0,0.1248,0,0.2808,0
CLM009670,POL004917,2024-01-19,2023-12-26,2013-02-18,2014-02-18,24,Nissan,Leaf,Motorbike,fire,front,moderate,phone,comprehensive,False,False,False,17,108644,34,0,19,2007,30533.13,1.019,3053.31,2038.0,0.6675,False,,,sent_to_garage,0.2647,0,0,0.2478,0,0.2753,0
CLM009677,POL003336,2024-12-17,2024-12-06,2023-04-14,2024-04-13,11,Ford,Kuga,Van,vandalism,multiple,minor,online,third_party,False,True,True,13,58287,37,0,6,2011,27962.64,0.899,2796.26,719.2,0.2572,False,,,sent_to_garage,0.5696,0,0,0.1326,0,0.448,0
CLM009685,POL000796,2023-11-30,2023-11-27,2014-01-22,2015-01-22,3,Mercedes,A-Class,Sedan,vandalism,side,minor,phone,comprehensive,False,False,False,12,184242,35,2,3,2011,30188.0,1.749,3018.8,699.6,0.2317,False,,,sent_to_garage,0.068,0,0,0.0267,0,0.0364,0
CLM009693,POL004155,2022-12-28,2022-12-07,2012-12-08,2013-12-08,21,Volkswagen,Polo,Estate,vandalism,roof,moderate,direct,third_party,False,False,False,20,111847,24,1,20,2002,,,,,,False,,,sent_to_garage,0.4616,0,0,0.0996,0,0.1347,0
CLM009695,POL003105,2024-12-06,2024-11-30,2013-10-01,2014-10-01,6,Volkswagen,Passat,SUV,flood,front,minor,app,comprehensive,False,False,True,2,50310,78,0,19,2022,29815.16,1.049,25044.73,524.5,0.0209,True,,,sent_to_garage,0.1467,0,0,0.0529,0,0.0482,0
CLM009697,POL002626,2024-05-26,2024-05-17,2018-06-14,2019-06-14,9,Volkswagen,Polo,Sedan,flood,side,severe,app,comprehensive,True,False,True,19,4326,18,0,20,2005,16683.94,0.897,1668.39,3588.0,2.0,False,,,scrapped_by_model,0.9997,1,1,0.995,1,0.9966,1
CLM009701,POL000366,2023-08-13,2023-07-25,2014-02-20,2015-02-20,19,Vauxhall,Corsa,Van,vandalism,side,moderate,app,comprehensive,True,False,False,11,78879,56,1,0,2012,13117.25,0.715,1574.07,1072.5,0.6814,False,,,sent_to_garage,0.0647,0,0,0.061,0,0.0889,0
CLM009704,POL001580,2022-09-11,2022-08-16,2017-04-16,2018-04-16,26,Toyota,Corolla,Sedan,theft_damage,roof,severe,direct,comprehensive,True,False,True,3,52914,41,2,7,2019,22335.35,0.841,16974.87,5046.0,0.2973,False,,,sent_to_garage,0.1125,0,0,0.0204,0,0.1519,0
CLM009705,POL001734,2023-12-26,2023-12-21,2023-02-11,2024-02-11,5,BMW,5 Series,Estate,vandalism,multiple,moderate,broker,comprehensive,False,True,False,19,31516,48,1,4,2004,46546.09,1.946,4654.61,6811.0,1.4633,False,,,scrapped_by_model,0.9998,1,1,0.9994,1,0.9997,1
CLM009706,POL000718,2022-03-02,2022-02-18,2013-01-23,2014-01-23,12,Toyota,RAV4,SUV,vandalism,side,severe,app,comprehensive,False,False,True,0,134934,51,1,8,2022,33565.23,0.903,33565.23,3612.0,0.1076,True,,,sent_to_garage,0.6634,0,1,0.9213,0,0.904,0
CLM009707,POL004265,2023-04-11,2023-03-27,2018-12-13,2019-12-13,15,Hyundai,Tucson,Van,flood,front,minor,phone,comprehensive,False,True,False,9,4730,57,0,16,2014,27289.79,0.898,7641.14,449.0,0.0588,False,,,sent_to_garage,0.0164,0,1,0.6067,0,0.3043,0
CLM009710,POL003460,2023-09-09,2023-09-04,2022-09-25,2023-09-25,5,Toyota,Camry,Van,vandalism,rear,minor,phone,third_party_fire_theft,True,True,True,20,47384,36,0,0,2003,,,,,,False,,,sent_to_garage,0.0488,0,0,0.0834,0,0.2174,0
CLM009713,POL004854,2022-11-26,2022-11-08,2013-08-14,2014-08-14,18,Honda,Jazz,Van,theft_damage,multiple,severe,app,third_party_fire_theft,True,False,False,7,108027,60,2,10,2015,15284.49,0.825,6725.18,6600.0,0.9814,False,,,scrapped_by_model,0.9994,1,1,0.9985,1,0.999,1
CLM009717,POL001495,2023-01-02,2022-12-12,2014-02-17,2015-02-17,21,Volkswagen,Golf,Van,fire,multiple,severe,app,third_party,False,False,False,13,85369,21,0,4,2010,23872.41,0.984,2387.24,7872.0,2.0,False,,,scrapped_by_model,0.9999,1,1,0.9998,1,0.9996,1
CLM009724,POL002097,2022-03-11,2022-02-24,2014-08-29,2015-08-29,15,Mercedes,GLC,SUV,theft_damage,roof,minor,phone,third_party,False,False,True,13,183688,36,3,10,2009,50093.65,2.006,5009.37,1203.6,0.2403,False,,,sent_to_garage,0.2327,0,0,0.037,0,0.2483,0
CLM009727,POL001357,2024-12-24,2024-12-06,2019-09-29,2020-09-28,18,Vauxhall,Astra,Van,fire,side,severe,online,third_party_fire_theft,False,True,False,18,126780,58,0,2,2006,18702.04,0.754,1870.2,3016.0,1.6127,False,,,scrapped_by_model,0.9999,1,1,0.9994,1,1.0,1
CLM009731,POL001686,2022-05-13,2022-04-18,2014-08-10,2015-08-10,25,Mercedes,A-Class,Motorbike,theft_damage,multiple,moderate,direct,comprehensive,False,True,False,16,94315,48,0,10,2006,30292.18,1.818,3029.22,6363.0,2.0,False,,,scrapped_by_model,0.9999,1,1,0.9998,1,0.9998,1
CLM009735,POL000435,2022-03-23,2022-03-14,2012-03-30,2013-03-30,9,BMW,5 Series,Sedan,collision,roof,severe,app,third_party_fire_theft,False,False,True,18,46178,22,1,14,2004,46546.09,1.946,4654.61,11676.0,2.0,False,,,scrapped_by_model,0.9997,1,1,0.9996,1,0.9995,1
CLM009741,POL002883,2022-05-11,2022-05-03,2017-02-11,2018-02-11,8,Audi,Q5,Sedan,vandalism,multiple,moderate,app,comprehensive,False,True,False,2,106995,32,2,9,2020,44655.73,1.856,37510.81,6496.0,0.1732,True,,,sent_to_garage,0.0433,0,0,0.0521,0,0.0418,0
CLM009744,POL003633,2024-06-01,2024-05-14,2020-06-03,2021-06-03,18,Mercedes,E-Class,SUV,theft_damage,front,minor,broker,comprehensive,True,True,False,19,160504,35,1,15,2005,54095.54,1.945,5409.55,972.5,0.1798,False,,,sent_to_garage,0.4517,0,0,0.2141,0,0.2787,0
CLM009746,POL004477,2023-10-27,2023-10-03,2020-09-28,2021-09-28,24,Audi,A6,Estate,vandalism,multiple,minor,phone,third_party,False,True,True,2,34929,58,2,15,2021,48746.49,1.919,40947.05,1535.2,0.0375,True,,,sent_to_garage,0.0698,0,0,0.0918,0,0.0937,0
CLM009747,POL003754,2024-10-07,2024-09-25,2018-06-23,2019-06-23,12,Hyundai,i20,Sedan,theft_damage,front,moderate,broker,third_party,False,False,True,2,65164,48,1,18,2022,15738.97,0.785,13220.73,1570.0,0.1188,False,,,sent_to_garage,0.0476,0,0,0.022,0,0.0696,0
CLM009752,POL005036,2022-04-14,2022-03-23,2021-02-28,2022-02-28,22,Honda,Jazz,Estate,fire,rear,moderate,direct,comprehensive,False,False,True,8,162598,53,0,3,2014,16054.14,0.828,5779.49,1490.4,0.2579,False,,,sent_to_garage,0.6011,0,0,0.0575,0,0.2601,0
CLM009754,POL000114,2024-04-22,2024-03-24,2013-01-26,2014-01-26,29,Audi,A6,Estate,flood,roof,moderate,direct,comprehensive,False,True,False,12,149092,38,0,11,2012,48767.98,1.877,4876.8,4692.5,0.9622,False,,,scrapped_by_model,0.9993,1,1,0.9909,0,0.9968,1
CLM009759,POL000432,2022-01-19,2022-01-03,2016-12-10,2017-12-10,16,Hyundai,Tucson,Van,collision,side,moderate,app,third_party,False,False,False,2,132618,59,1,10,2020,28192.73,0.869,23681.89,1303.5,0.055,True,,,sent_to_garage,0.1397,0,0,0.1243,0,0.1305,0
CLM009760,POL001382,2022-11-23,2022-11-04,2014-05-26,2015-05-26,19,Ford,Kuga,Van,theft_damage,roof,moderate,direct,comprehensive,False,False,True,18,95224,40,0,7,2004,27523.61,0.881,2752.36,2202.5,0.8002,False,,,sent_to_garage,0.8536,0,1,0.879,0,0.9571,0
CLM009764,POL001649,2022-11-18,2022-11-09,2022-04-21,2023-04-21,9,Ford,Kuga,SUV,vandalism,front,moderate,phone,third_party_fire_theft,False,True,False,13,58901,44,0,0,2009,29283.97,0.899,2928.4,1798.0,0.614,False,,,sent_to_garage,0.1083,0,1,0.7539,0,0.6084,0
CLM009769,POL003916,2022-10-27,2022-10-22,2015-02-13,2016-02-13,5,Honda,Jazz,Estate,theft_damage,front,moderate,broker,comprehensive,False,True,False,15,189160,59,0,14,2007,15765.34,0.865,1576.53,1730.0,1.0973,False,,,scrapped_by_model,0.9998,1,1,0.9988,1,0.9982,1
CLM009770,POL000481,2023-01-13,2023-01-04,2021-09-14,2022-09-14,9,Volkswagen,Passat,Estate,vandalism,front,minor,app,third_party,False,False,False,6,56099,43,1,3,2017,30460.32,1.037,15839.37,518.5,0.0327,False,,,sent_to_garage,0.078,0,0,0.0854,0,0.0782,0
CLM009772,POL004204,2022-03-16,2022-03-13,2013-09-29,2014-09-29,3,Hyundai,Tucson,Estate,vandalism,side,moderate,phone,third_party_fire_theft,False,True,False,5,180724,25,0,7,2017,28742.07,0.87,17245.24,1305.0,0.0757,False,,,sent_to_garage,0.138,0,0,0.0693,0,0.0529,0
CLM009776,POL000608,2023-05-21,2023-05-01,2021-02-20,2022-02-20,20,Volkswagen,Tiguan,Hatchback,collision,side,moderate,online,third_party_fire_theft,True,True,True,8,169815,17,0,10,2015,33974.57,1.087,12230.85,1630.5,0.1333,False,,,sent_to_garage,0.0823,0,0,0.0246,0,0.0613,0
CLM009778,POL003713,2023-08-30,2023-08-22,2014-08-22,2015-08-22,8,Mercedes,GLC,Motorbike,fire,roof,moderate,direct,comprehensive,False,False,False,17,115770,47,1,5,2006,45768.84,1.91,4576.88,4775.0,1.0433,False,,,scrapped_by_model,0.9996,1,1,0.9989,1,0.9997,1
CLM009781,POL001023,2024-07-09,2024-07-02,2016-10-21,2017-10-21,7,BMW,3 Series,Sedan,collision,roof,moderate,app,comprehensive,False,True,False,12,54753,25,3,1,2012,33654.22,1.748,3365.42,4370.0,1.2985,False,,,sent_to_garage,0.9981,0,1,0.9991,1,0.9993,1
CLM009782,POL002919,2024-12-18,2024-12-02,2014-04-24,2015-04-24,16,Mercedes,A-Class,Estate,vandalism,rear,severe,online,comprehensive,False,True,True,10,34033,51,0,12,2014,28516.42,1.831,5703.28,8239.5,1.4447,False,,,scrapped_by_model,0.9988,1,1,0.9979,1,0.9974,1
CLM009788,POL002121,2023-08-12,2023-07-29,2022-05-09,2023-05-09,14,Mercedes,C-Class,Motorbike,flood,side,severe,online,third_party,True,True,True,12,57174,54,0,17,2011,40760.51,1.862,4076.05,7448.0,1.8273,False,,,scrapped_by_model,0.9995,1,1,0.9989,1,0.9989,1
CLM009789,POL001222,2024-01-27,2023-12-29,2023-10-21,2024-10-20,29,Toyota,RAV4,Van,vandalism,side,moderate,online,comprehensive,True,True,True,9,106229,23,1,15,2015,33466.97,0.927,9370.75,1390.5,0.1484,False,,,sent_to_garage,0.0439,0,0,0.1744,0,0.081,0
CLM009792,POL000683,2023-11-14,2023-10-20,2019-05-19,2020-05-18,25,Volkswagen,Passat,Van,theft_damage,side,minor,direct,third_party_fire_theft,False,False,False,2,35526,40,1,10,2021,30875.92,1.068,25935.77,427.2,0.0165,True,,,sent_to_garage,0.0252,0,0,0.0163,0,0.0781,0
CLM009797,POL000100,2023-12-01,2023-11-12,2017-10-19,2018-10-19,19,Honda,Civic,Motorbike,collision,roof,moderate,phone,third_party_fire_theft,False,False,False,16,103454,25,2,2,2007,21089.16,0.863,2108.92,2157.5,1.023,False,,,sent_to_garage,0.9978,0,1,0.997,1,0.9985,1
CLM009802,POL003431,2023-06-27,2023-06-18,2015-04-05,2016-04-04,9,Honda,Civic,Hatchback,flood,roof,moderate,broker,comprehensive,False,True,False,15,148516,66,1,13,2008,21285.76,0.897,2128.58,2242.5,1.0535,False,,,scrapped_by_model,0.9997,1,1,0.9985,1,0.9997,1
CLM009803,POL003888,2024-10-29,2024-10-20,2015-12-09,2016-12-08,9,BMW,1 Series,Hatchback,vandalism,side,moderate,broker,third_party,False,True,True,11,17084,38,0,18,2013,28375.13,1.66,3405.02,2490.0,0.7313,False,,,sent_to_garage,0.0778,0,0,0.0776,0,0.0601,0
CLM009807,POL003898,2024-01-09,2023-12-30,2018-10-10,2019-10-10,10,Vauxhall,Corsa,Motorbike,fire,multiple,severe,direct,comprehensive,False,False,False,17,174852,44,1,16,2007,12411.59,0.685,1241.16,5480.0,2.0,False,,,scrapped_by_model,0.9999,1,1,1.0,1,0.9999,1
CLM009809,POL002489,2024-02-01,2024-01-09,2012-08-19,2013-08-19,23,BMW,5 Series,Sedan,vandalism,multiple,minor,online,third_party_fire_theft,False,False,True,18,90876,61,1,19,2006,46257.65,1.916,4625.77,1532.8,0.3314,False,,,sent_to_garage,0.5869,0,1,0.7355,0,0.6513,0
CLM009811,POL001756,2022-10-21,2022-10-07,2020-03-27,2021-03-27,14,Nissan,Juke,Estate,vandalism,multiple,severe,direct,third_party_fire_theft,False,True,True,5,46105,32,2,12,2017,20630.15,0.847,12378.09,6776.0,0.5474,False,,,sent_to_garage,0.2151,0,1,0.9789,0,0.761,0
CLM009813,POL003556,2022-06-02,2022-05-18,2012-11-04,2013-11-04,15,BMW,5 Series,Motorbike,fire,multiple,moderate,online,comprehensive,False,True,True,17,187527,49,0,18,2005,47158.07,1.934,4715.81,6769.0,1.4354,False,,,scrapped_by_model,0.9998,1,1,0.9994,1,0.9999,1
CLM009819,POL002257,2024-01-09,2023-12-26,2018-06-24,2019-06-24,14,Nissan,Qashqai,Sedan,flood,side,moderate,broker,comprehensive,False,False,True,11,109430,31,0,1,2013,28146.06,0.918,3377.53,1377.0,0.4077,False,,,sent_to_garage,0.031,0,0,0.0578,0,0.0955,0
CLM009821,POL004629,2022-01-25,2022-01-20,2020-10-13,2021-10-13,5,Toyota,RAV4,Motorbike,collision,multiple,minor,online,comprehensive,False,False,True,6,81898,42,0,3,2016,32870.74,0.89,17092.78,712.0,0.0417,False,,,sent_to_garage,0.1057,0,1,0.8024,0,0.6441,0
CLM009831,POL004485,2024-06-04,2024-06-04,2022-10-26,2023-10-26,0,Audi,A4,Motorbike,flood,rear,minor,app,comprehensive,False,False,True,10,135012,36,2,18,2014,37397.27,1.751,7479.45,787.95,0.1053,False,,,sent_to_garage,0.1661,0,0,0.0603,0,0.3069,0
CLM009833,POL004009,2022-02-10,2022-02-08,2021-02-16,2022-02-16,2,Mercedes,A-Class,Estate,flood,roof,moderate,phone,comprehensive,False,True,False,16,5305,43,1,20,2006,30292.18,1.818,3029.22,4545.0,1.5004,False,,,sent_to_garage,0.9986,0,1,0.9985,1,0.9995,1
CLM009834,POL004014,2022-12-25,2022-12-24,2019-03-23,2020-03-22,1,Audi,A3,Motorbike,theft_damage,rear,moderate,direct,comprehensive,True,True,False,12,29961,66,0,5,2010,31324.62,1.71,3132.46,3078.0,0.9826,False,,,sent_to_garage,0.997,0,0,0.06,0,0.1746,0
CLM009838,POL002660,2023-05-11,2023-05-10,2015-12-23,2016-12-22,1,Audi,A6,Van,collision,multiple,moderate,broker,third_party,False,True,False,13,105576,61,0,0,2010,49883.94,1.928,4988.39,6748.0,1.3527,False,,,scrapped_by_model,0.9993,1,1,0.9995,1,0.9994,1
CLM009841,POL003360,2023-08-24,2023-08-03,2014-03-18,2015-03-18,21,Toyota,Yaris,Hatchback,flood,rear,severe,broker,comprehensive,False,False,False,15,66800,42,0,10,2008,14335.85,0.814,1433.58,3663.0,2.0,False,,,scrapped_by_model,0.9998,1,1,0.9997,1,0.9999,1
CLM009843,POL001043,2023-12-22,2023-12-22,2017-03-27,2018-03-27,0,Toyota,RAV4,Van,flood,roof,severe,broker,comprehensive,False,False,True,0,16065,36,0,11,2023,33085.02,0.926,33085.02,5556.0,0.1679,True,,,sent_to_garage,0.4366,0,0,0.0104,0,0.1176,0
CLM009844,POL003611,2022-12-07,2022-11-10,2012-07-23,2013-07-23,27,Mercedes,E-Class,Motorbike,fire,rear,moderate,online,third_party,False,True,False,3,4612,61,1,18,2019,52237.51,2.005,39700.51,3609.0,0.0909,True,,,sent_to_garage,0.1084,0,0,0.044,0,0.0465,0
CLM009852,POL003943,2022-01-17,2021-12-29,2019-08-18,2020-08-17,19,Audi,A3,Van,theft_damage,roof,minor,direct,comprehensive,False,True,False,3,119735,61,2,10,2019,31320.06,1.791,23803.25,1074.6,0.0451,True,,,sent_to_garage,0.0503,0,0,0.0338,0,0.1138,0
CLM009855,POL000598,2022-11-17,2022-11-04,2017-05-31,2018-05-31,13,Vauxhall,Mokka,Sedan,flood,side,moderate,broker,third_party_fire_theft,False,True,True,11,37965,52,1,12,2011,21366.72,0.799,2564.01,1198.5,0.4674,False,,,sent_to_garage,0.1244,0,0,0.0151,0,0.0458,0
CLM009856,POL000537,2023-04-14,2023-03-28,2018-06-20,2019-06-20,17,Mercedes,GLC,Van,vandalism,rear,minor,app,comprehensive,False,True,False,15,61333,72,0,6,2008,46649.78,1.952,4664.98,878.4,0.1883,False,,,sent_to_garage,0.3643,0,0,0.1054,0,0.13,0
CLM009866,POL002392,2023-06-22,2023-06-20,2012-04-24,2013-04-24,2,Nissan,Micra,Sedan,vandalism,side,severe,online,third_party_fire_theft,False,False,False,6,37827,36,1,12,2017,13463.1,0.786,7000.81,3144.0,0.4491,False,,,sent_to_garage,0.235,0,0,0.0052,0,0.1596,0
CLM009870,POL005223,2024-02-13,2024-01-22,2023-02-12,2024-02-12,22,Ford,Focus,Estate,theft_damage,rear,minor,phone,comprehensive,False,True,True,11,126900,58,1,9,2013,18303.13,0.799,2196.38,359.55,0.1637,False,,,sent_to_garage,0.1256,0,1,0.714,0,0.4362,0
CLM009875,POL001143,2023-10-03,2023-09-20,2020-12-26,2021-12-26,13,Hyundai,i30,Motorbike,theft_damage,multiple,severe,direct,third_party_fire_theft,False,False,True,5,145866,68,1,7,2018,20280.88,0.805,12168.53,6440.0,0.5292,False,,,sent_to_garage,0.6628,0,1,0.9948,1,0.917,0
CLM009877,POL004678,2022-10-13,2022-10-12,2012-05-05,2013-05-05,1,Volkswagen,Tiguan,Estate,vandalism,side,moderate,direct,comprehensive,False,False,False,12,1140,58,0,6,2010,34111.23,1.071,3411.12,1606.5,0.471,False,,,sent_to_garage,0.0247,0,0,0.0029,0,0.0124,0
CLM009878,POL004868,2023-01-06,2022-12-27,2020-02-03,2021-02-02,10,Nissan,Juke,Sedan,vandalism,roof,moderate,direct,comprehensive,False,False,True,10,127814,36,1,20,2013,19616.67,0.831,3923.33,2077.5,0.5295,False,,,sent_to_garage,0.0841,0,0,0.1309,0,0.0394,0
CLM009884,POL001954,2024-03-31,2024-03-10,2018-06-16,2019-06-16,21,Toyota,Yaris,Van,flood,multiple,severe,phone,comprehensive,True,False,True,8,23674,42,0,9,2016,14656.14,0.81,5276.21,6480.0,1.2282,False,,,scrapped_by_model,0.9993,1,1,0.9995,1,1.0,1
CLM009887,POL004226,2023-01-30,2023-01-15,2014-12-03,2015-12-03,15,Hyundai,i30,Estate,theft_damage,roof,moderate,direct,comprehensive,False,False,False,18,133392,22,1,13,2005,19991.21,0.798,1999.12,1995.0,0.9979,False,,,scrapped_by_model,0.9997,1,1,0.996,1,0.9979,1
CLM009890,POL005168,2023-03-03,2023-03-02,2016-01-02,2017-01-01,1,Honda,CR-V,Sedan,collision,multiple,minor,broker,comprehensive,False,True,True,3,46649,46,0,7,2020,30163.2,0.91,22924.03,728.0,0.0318,True,,,sent_to_garage,0.2533,0,0,0.1505,0,0.2538,0
CLM009898,POL004499,2023-04-24,2023-04-14,2022-09-03,2023-09-03,10,Ford,Fiesta,SUV,flood,front,moderate,broker,comprehensive,False,True,False,9,25623,39,1,14,2014,12309.71,0.743,3446.72,1486.0,0.4311,False,,,sent_to_garage,0.099,0,0,0.0167,0,0.0849,0
CLM009902,POL001142,2022-10-28,2022-10-03,2014-12-18,2015-12-18,25,Audi,Q3,Estate,collision,rear,moderate,broker,comprehensive,False,True,False,12,125069,17,0,8,2010,34142.87,1.763,3414.29,3173.4,0.9294,False,,,scrapped_by_model,0.9992,1,1,0.9147,0,0.9911,0
CLM009904,POL002832,2022-05-08,2022-04-21,2020-08-03,2021-08-03,17,Ford,Transit,Motorbike,fire,front,moderate,online,comprehensive,True,True,True,1,125108,38,1,16,2021,30002.22,0.93,27602.04,1860.0,0.0674,True,,,sent_to_garage,0.1523,0,0,0.1133,0,0.0501,0
CLM009909,POL001801,2024-07-04,2024-06-21,2013-01-03,2014-01-03,13,Toyota,RAV4,Van,flood,rear,moderate,phone,third_party_fire_theft,False,False,True,13,195431,52,1,17,2011,30446.99,0.918,3044.7,1652.4,0.5427,False,,,sent_to_garage,0.2145,0,0,0.048,0,0.0564,0
CLM009910,POL004851,2022-07-16,2022-06-24,2017-09-18,2018-09-18,22,Hyundai,i10,Motorbike,fire,rear,moderate,broker,third_party_fire_theft,True,False,True,11,176359,73,1,9,2011,11705.67,0.734,1404.68,1321.2,0.9406,False,,,sent_to_garage,0.9967,0,0,0.0612,0,0.1254,0
CLM009913,POL005027,2023-11-02,2023-10-17,2014-11-24,2015-11-24,16,Vauxhall,Mokka,Motorbike,fire,rear,moderate,broker,comprehensive,False,False,False,20,167200,46,0,5,2003,,,,,,False,,,sent_to_garage,0.417,0,1,0.8307,0,0.7099,0
CLM009915,POL001846,2022-10-24,2022-10-13,2015-02-22,2016-02-22,11,Toyota,RAV4,Van,fire,front,severe,phone,third_party_fire_theft,False,False,True,3,177733,42,0,19,2019,30434.33,0.884,23130.09,4420.0,0.1911,True,,,sent_to_garage,0.8804,0,1,0.9716,0,0.8187,0
CLM009918,POL002332,2023-11-22,2023-11-22,2019-05-24,2020-05-23,0,Ford,Fiesta,Sedan,flood,front,minor,phone,comprehensive,False,False,True,10,192812,46,0,19,2013,12393.16,0.756,2478.63,378.0,0.1525,False,,,sent_to_garage,0.5451,0,0,0.0106,0,0.0796,0
CLM009919,POL000610,2022-01-19,2021-12-28,2020-05-26,2021-05-26,22,Volkswagen,Golf,Estate,theft_damage,rear,minor,app,comprehensive,False,True,True,10,55861,49,0,8,2012,23761.25,1.001,4752.25,450.45,0.0948,False,,,sent_to_garage,0.1801,0,0,0.0803,0,0.1456,0
CLM009925,POL000541,2023-12-09,2023-12-08,2022-04-23,2023-04-23,1,Nissan,Qashqai,Sedan,theft_damage,rear,moderate,phone,comprehensive,True,True,True,11,117682,44,1,19,2012,27740.61,0.904,3328.87,1627.2,0.4888,False,,,sent_to_garage,0.0438,0,0,0.0355,0,0.0974,0
CLM009928,POL000190,2024-10-15,2024-09-16,2018-07-08,2019-07-08,29,Ford,Fiesta,Estate,theft_damage,front,minor,direct,comprehensive,False,False,True,12,46647,53,1,17,2012,12065.5,0.73,1206.55,365.0,0.3025,False,,,sent_to_garage,0.0503,0,0,0.0106,0,0.0352,0
CLM009932,POL003844,2022-07-26,2022-07-06,2019-09-05,2020-09-04,20,Mercedes,C-Class,Sedan,theft_damage,rear,minor,online,third_party_fire_theft,False,False,False,12,130374,58,2,18,2010,40081.83,1.896,4008.18,853.2,0.2129,False,,,sent_to_garage,0.1469,0,0,0.0219,0,0.0941,0
CLM009933,POL002820,2024-10-17,2024-09-25,2022-02-04,2023-02-04,22,Volkswagen,Passat,Motorbike,theft_damage,front,moderate,online,third_party_fire_theft,False,False,True,4,2410,38,1,11,2020,29349.74,1.054,19957.82,2108.0,0.1056,True,,,sent_to_garage,0.116,0,0,0.0104,0,0.0906,0
CLM009934,POL001158,2022-12-15,2022-11-25,2012-05-04,2013-05-04,20,Vauxhall,Insignia,Hatchback,flood,side,moderate,phone,comprehensive,False,False,True,15,92474,47,2,2,2007,24157.18,0.859,2415.72,1288.5,0.5334,False,,,sent_to_garage,0.1805,0,0,0.0282,0,0.1121,0
CLM009937,POL001607,2022-07-06,2022-06-07,2015-05-18,2016-05-17,29,Honda,Jazz,Van,fire,roof,minor,broker,comprehensive,False,False,True,11,134796,48,1,9,2011,15986.01,0.87,1918.32,522.0,0.2721,False,,,sent_to_garage,0.8975,0,0,0.0714,0,0.2523,0
CLM009938,POL001541,2023-03-11,2023-02-18,2021-03-22,2022-03-22,21,Toyota,Yaris,Motorbike,flood,rear,minor,phone,third_party_fire_theft,True,False,False,10,104589,44,0,18,2013,15367.78,0.806,3073.56,362.7,0.118,False,,,sent_to_garage,0.0171,0,1,0.7221,0,0.4237,0
CLM009940,POL003988,2024-08-26,2024-08-20,2015-06-06,2016-06-05,6,Volkswagen,Polo,Hatchback,collision,multiple,minor,online,comprehensive,False,True,False,10,85000,49,2,8,2014,16371.86,0.897,3274.37,717.6,0.2192,False,,,sent_to_garage,0.4232,0,0,0.2078,0,0.3555,0
CLM009942,POL001296,2022-09-04,2022-08-08,2017-03-04,2018-03-04,27,Audi,Q5,Motorbike,collision,front,moderate,online,third_party,True,True,False,16,28663,17,0,15,2006,43734.85,1.885,4373.48,3770.0,0.862,False,,,sent_to_garage,0.8304,0,0,0.1123,0,0.2554,0
CLM009944,POL003236,2022-05-28,2022-05-03,2015-03-16,2016-03-15,25,Audi,Q5,Motorbike,collision,front,moderate,broker,third_party_fire_theft,True,True,True,2,194549,33,1,10,2020,44655.73,1.856,37510.81,3712.0,0.099,True,,,sent_to_garage,0.1319,0,0,0.0368,0,0.0869,0
CLM009947,POL004625,2023-05-04,2023-04-28,2022-10-10,2023-10-10,6,Vauxhall,Astra,SUV,collision,front,moderate,online,comprehensive,False,True,True,6,192567,45,0,1,2017,18605.24,0.728,9674.72,1456.0,0.1505,False,,,sent_to_garage,0.1067,0,0,0.0202,0,0.1078,0
CLM009948,POL001362,2023-07-28,2023-07-05,2016-06-05,2017-06-05,23,Nissan,Qashqai,Hatchback,fire,roof,minor,phone,third_party_fire_theft,False,False,True,8,38782,53,1,6,2015,28820.41,0.919,10375.35,551.4,0.0531,False,,,sent_to_garage,0.0339,0,0,0.1582,0,0.0638,0
CLM009949,POL003568,2023-05-10,2023-04-25,2021-01-06,2022-01-06,15,Volkswagen,Golf,Motorbike,flood,rear,severe,direct,third_party,False,True,False,4,97418,43,1,6,2019,24437.06,1.023,16617.2,4603.5,0.277,False,,,sent_to_garage,0.4218,0,1,0.8701,0,0.6396,0
CLM009952,POL006618,2022-09-30,2022-09-19,2021-10-19,2022-10-19,11,Ford,Kuga,Sedan,vandalism,multiple,minor,broker,third_party_fire_theft,False,False,True,0,178495,33,1,2,2022,27244.6,0.875,27244.6,700.0,0.0257,True,,,sent_to_garage,0.5684,0,1,0.9608,0,0.8291,0
CLM009953,POL004599,2023-10-20,2023-10-16,2017-04-04,2018-04-04,4,Ford,Transit,Hatchback,collision,rear,moderate,online,comprehensive,False,False,True,8,78776,52,0,16,2015,31310.44,0.935,11271.76,1683.0,0.1493,False,,,sent_to_garage,0.0471,0,0,0.0539,0,0.0384,0
CLM009955,POL003842,2022-08-31,2022-08-08,2021-03-30,2022-03-30,23,Mercedes,GLC,Van,vandalism,front,minor,online,comprehensive,False,False,True,13,19822,17,1,3,2009,50093.65,2.006,5009.37,1003.0,0.2002,False,,,sent_to_garage,0.1968,0,0,0.0119,0,0.0812,0
CLM009958,POL000759,2024-01-14,2023-12-23,2019-07-14,2020-07-13,22,Ford,Focus,Van,vandalism,front,minor,direct,third_party,True,True,True,15,120970,46,1,7,2009,18516.46,0.808,1851.65,404.0,0.2182,False,,,sent_to_garage,0.7292,0,0,0.1034,0,0.2313,0
CLM009964,POL006240,2022-07-03,2022-06-17,2017-07-14,2018-07-14,16,Volkswagen,Tiguan,Hatchback,flood,front,severe,phone,comprehensive,True,False,False,13,189749,24,1,18,2009,33610.51,1.07,3361.05,5350.0,1.5918,False,,,scrapped_by_model,0.9995,1,1,0.9998,1,0.9973,1
CLM009966,POL000057,2024-05-11,2024-04-20,2019-09-30,2020-09-29,21,BMW,X5,Estate,fire,side,moderate,phone,third_party,True,False,True,12,15538,32,3,2,2012,61829.97,1.995,6183.0,2992.5,0.484,False,,,sent_to_garage,0.0485,0,0,0.0281,0,0.0328,0
CLM009967,POL002109,2022-10-01,2022-09-16,2017-07-11,2018-07-11,15,Vauxhall,Corsa,Estate,theft_damage,front,moderate,online,third_party,True,True,True,8,168007,24,4,9,2014,13154.85,0.686,4735.75,1372.0,0.2897,False,,,sent_to_garage,0.2286,0,0,0.019,0,0.0928,0
CLM009969,POL001015,2023-04-05,2023-03-19,2021-01-14,2022-01-14,17,Vauxhall,Corsa,Motorbike,collision,roof,severe,phone,comprehensive,False,False,True,14,192981,46,3,8,2009,12594.82,0.68,1259.48,4080.0,2.0,False,,,scrapped_by_model,0.9987,1,1,0.9998,1,0.9992,1
CLM009970,POL003011,2023-10-02,2023-09-13,2023-09-28,2024-09-27,19,Honda,CR-V,Estate,vandalism,front,moderate,direct,third_party,False,False,True,16,135197,45,1,1,2007,29011.02,0.946,2901.1,1892.0,0.6522,False,,,sent_to_garage,0.5777,0,1,0.8479,0,0.6021,0
CLM009971,POL004082,2022-06-28,2022-06-06,2012-04-03,2013-04-03,22,Hyundai,i30,Estate,collision,roof,moderate,direct,comprehensive,False,True,True,12,58926,54,3,7,2010,20733.22,0.832,2073.32,2080.0,1.0032,False,,,sent_to_garage,0.9964,0,1,0.9939,1,0.9908,0
CLM009972,POL000532,2023-06-05,2023-05-23,2017-10-15,2018-10-15,13,BMW,X3,Motorbike,fire,roof,minor,phone,comprehensive,False,True,True,10,72171,51,4,19,2013,47836.73,1.853,9567.35,1111.8,0.1162,False,,,sent_to_garage,0.154,0,1,0.5952,0,0.4166,0
CLM009973,POL006408,2022-06-02,2022-05-20,2020-02-28,2021-02-27,13,Mercedes,E-Class,SUV,flood,front,minor,broker,comprehensive,False,True,False,15,192139,21,0,16,2007,50011.02,1.947,5001.1,973.5,0.1947,False,,,sent_to_garage,0.4678,0,1,0.7095,0,0.3388,0
CLM009974,POL001902,2023-10-02,2023-09-08,2019-07-24,2020-07-23,24,Toyota,RAV4,SUV,flood,side,moderate,online,comprehensive,False,True,False,16,186979,50,2,6,2007,30630.59,0.918,3063.06,1377.0,0.4496,False,,,sent_to_garage,0.0995,0,0,0.0492,0,0.2435,0
CLM009977,POL004007,2023-12-28,2023-12-14,2017-08-12,2018-08-12,14,Volkswagen,Golf,Sedan,theft_damage,multiple,minor,broker,comprehensive,False,True,True,5,14748,60,0,9,2018,25225.8,0.994,15135.48,795.2,0.0525,False,,,sent_to_garage,0.1449,0,1,0.7406,0,0.346,0
CLM009980,POL000711,2023-08-19,2023-08-06,2012-07-05,2013-07-05,13,Mercedes,GLC,Van,theft_damage,rear,minor,direct,third_party,True,False,True,5,177049,50,1,18,2018,46684.46,1.943,28010.68,874.35,0.0312,True,,,sent_to_garage,0.1336,0,1,0.6817,0,0.3177,0
CLM009982,POL000068,2024-03-11,2024-02-24,2023-11-11,2024-11-10,16,Volkswagen,Passat,Motorbike,theft_damage,side,moderate,app,third_party,False,True,True,3,48839,27,0,0,2021,30875.92,1.068,23465.7,1602.0,0.0683,True,,,sent_to_garage,0.0432,0,0,0.05,0,0.0248,0
CLM009990,POL001891,2022-12-06,2022-11-10,2013-10-26,2014-10-26,26,Hyundai,i20,Sedan,vandalism,rear,moderate,online,comprehensive,False,False,True,14,158685,53,0,15,2008,16132.23,0.775,1613.22,1395.0,0.8647,False,,,sent_to_garage,0.5483,0,1,0.9671,0,0.9347,0
CLM009992,POL001958,2023-11-16,2023-10-22,2012-02-12,2013-02-11,25,Mercedes,E-Class,Motorbike,collision,multiple,moderate,online,comprehensive,False,True,True,20,77542,64,1,16,2003,,,,,,False,,,sent_to_garage,0.4228,0,1,0.7611,0,0.6093,0
CLM009995,POL002010,2024-12-03,2024-11-08,2015-01-23,2016-01-23,25,Hyundai,Tucson,SUV,collision,roof,moderate,phone,comprehensive,False,False,False,8,60540,51,1,7,2016,28997.95,0.858,10439.26,2145.0,0.2055,False,,,sent_to_garage,0.1196,0,0,0.0607,0,0.1338,0
CLM009997,POL001747,2024-05-04,2024-04-27,2024-03-18,2025-03-18,7,Vauxhall,Insignia,Van,flood,front,minor,online,comprehensive,True,True,True,11,9179,60,0,3,2013,24921.04,0.838,2990.52,419.0,0.1401,False,,,sent_to_garage,0.143,0,0,0.0044,0,0.0799,0
CLM009999,POL002109,2022-09-01,2022-08-31,2015-04-22,2016-04-21,1,Honda,Jazz,Sedan,vandalism,front,minor,online,third_party_fire_theft,False,False,True,15,183022,17,1,12,2007,15765.34,0.865,1576.53,432.5,0.2743,False,,,sent_to_garage,0.6686,0,1,0.856,0,0.8203,0
CLM010000,POL002716,2023-09-18,2023-09-14,2019-06-30,2020-06-29,4,BMW,3 Series,Estate,collision,multiple,minor,online,third_party_fire_theft,False,False,True,7,167138,29,3,14,2016,34362.97,1.8,15119.71,1440.0,0.0952,False,,,sent_to_garage,0.468,0,1,0.862,0,0.6271,0
